date,ticker,open,close,volume
2018-01-01,GLD,100.2184,100.0672,1293961
2018-01-01,IWM,100.2744,98.8898,6374265
2018-01-01,QQQ,100.3199,97.4672,5800827
2018-01-01,SPY,99.8475,100.052,5441798
2018-01-01,TLT,99.8698,100.0249,4063788
2018-01-01,VNQ,99.853,98.6617,3298147
2018-01-02,GLD,99.8402,101.3968,8359755
2018-01-02,IWM,98.6225,99.285,6716133
2018-01-02,QQQ,96.9907,95.5775,4789512
2018-01-02,SPY,100.1974,100.4239,3619272
2018-01-02,TLT,100.1619,100.9834,2021404
2018-01-02,VNQ,98.3957,97.8067,4555370
2018-01-03,GLD,101.3914,102.6134,2793051
2018-01-03,IWM,99.192,96.9766,3571421
2018-01-03,QQQ,95.8695,93.69,1470687
2018-01-03,SPY,100.0881,100.1809,5218812
2018-01-03,TLT,100.7597,101.6781,6087603
2018-01-03,VNQ,97.9286,96.8901,7417847
2018-01-04,GLD,102.565,102.1563,3013604
2018-01-04,IWM,97.2171,97.9495,1252367
2018-01-04,QQQ,93.6243,93.2525,6714969
2018-01-04,SPY,100.7446,99.2812,6486349
2018-01-04,TLT,101.5623,102.3618,3324017
2018-01-04,VNQ,97.0035,97.259,1708350
2018-01-05,GLD,101.8153,101.9058,4843557
2018-01-05,IWM,97.5863,99.6336,8199217
2018-01-05,QQQ,93.1875,90.1059,5923400
2018-01-05,SPY,99.0873,98.8503,4211445
2018-01-05,TLT,102.3315,103.867,4469854
2018-01-05,VNQ,97.196,96.9976,2956277
2018-01-08,GLD,102.0386,101.4361,2034306
2018-01-08,IWM,99.3874,99.0301,1487129
2018-01-08,QQQ,89.4649,89.9066,7749487
2018-01-08,SPY,98.2677,97.8571,2156505
2018-01-08,TLT,103.6433,102.8018,7754267
2018-01-08,VNQ,97.1764,97.1953,2746451
2018-01-09,GLD,101.2644,102.021,1600073
2018-01-09,IWM,99.481,99.6981,6153058
2018-01-09,QQQ,90.4454,88.6719,1532809
2018-01-09,SPY,97.8242,97.9716,5889122
2018-01-09,TLT,102.5278,102.2683,4396201
2018-01-09,VNQ,97.1453,98.2769,6070889
2018-01-10,GLD,101.9733,102.0046,1258973
2018-01-10,IWM,99.4401,100.1101,8343200
2018-01-10,QQQ,89.4523,89.9362,6490908
2018-01-10,SPY,97.9351,99.4404,8470204
2018-01-10,TLT,101.915,101.1174,4441491
2018-01-10,VNQ,97.9021,99.3895,3094952
2018-01-11,GLD,101.6408,102.7653,4247040
2018-01-11,IWM,99.9921,99.5886,5060422
2018-01-11,QQQ,89.4003,91.306,5372359
2018-01-11,SPY,99.9517,98.9701,7143676
2018-01-11,TLT,100.9501,101.055,2072114
2018-01-11,VNQ,99.7199,100.0315,3222265
2018-01-12,GLD,103.0077,101.0249,3238473
2018-01-12,IWM,100.2432,98.4006,1554894
2018-01-12,QQQ,91.1459,93.3092,5912038
2018-01-12,SPY,98.8804,98.3672,2688004
2018-01-12,TLT,101.3565,101.9832,4897354
2018-01-12,VNQ,99.9259,99.5102,1418624
2018-01-15,GLD,101.2073,102.5702,5316027
2018-01-15,IWM,98.2795,95.5926,7804165
2018-01-15,QQQ,92.4968,94.4601,2319783
2018-01-15,SPY,98.3639,98.9376,7222054
2018-01-15,TLT,101.6059,101.998,4273963
2018-01-15,VNQ,99.3684,98.6133,4160161
2018-01-16,GLD,102.6664,102.5158,2860643
2018-01-16,IWM,95.6022,97.6149,2416555
2018-01-16,QQQ,94.4596,94.4466,4193192
2018-01-16,SPY,99.0949,99.3701,2972145
2018-01-16,TLT,102.1784,102.48,4792367
2018-01-16,VNQ,99.205,97.6511,8420809
2018-01-17,GLD,102.2969,103.2166,5498953
2018-01-17,IWM,97.1532,97.5966,3482797
2018-01-17,QQQ,94.4859,95.7456,3192689
2018-01-17,SPY,99.793,99.5363,1747641
2018-01-17,TLT,102.2708,100.8022,3106359
2018-01-17,VNQ,97.1923,97.274,2138112
2018-01-18,GLD,103.0864,103.1234,2475719
2018-01-18,IWM,97.4991,101.2805,3416234
2018-01-18,QQQ,95.8117,98.0149,8082373
2018-01-18,SPY,99.5195,98.6032,1833836
2018-01-18,TLT,100.5912,100.9681,1967290
2018-01-18,VNQ,96.9887,97.2564,1624454
2018-01-19,GLD,103.4225,102.7947,5528028
2018-01-19,IWM,101.087,102.5523,4203020
2018-01-19,QQQ,97.4693,97.116,1433537
2018-01-19,SPY,98.878,98.6264,6831825
2018-01-19,TLT,101.1298,100.1987,5693513
2018-01-19,VNQ,97.0036,96.1174,1130884
2018-01-22,GLD,102.7285,103.286,7622665
2018-01-22,IWM,102.0768,103.0185,7904485
2018-01-22,QQQ,97.8896,98.082,4708966
2018-01-22,SPY,98.7633,99.4183,3878151
2018-01-22,TLT,100.3119,101.8158,7675408
2018-01-22,VNQ,96.4357,94.798,4470637
2018-01-23,GLD,103.3522,104.135,7516217
2018-01-23,IWM,102.317,102.0944,1786674
2018-01-23,QQQ,98.4313,98.0847,5506929
2018-01-23,SPY,99.3394,98.0517,7865014
2018-01-23,TLT,101.9495,102.6518,1210872
2018-01-23,VNQ,95.0196,95.209,3791163
2018-01-24,GLD,104.1707,103.9773,3073192
2018-01-24,IWM,101.8978,104.229,6002145
2018-01-24,QQQ,97.454,100.3113,2739290
2018-01-24,SPY,98.072,97.6267,3726098
2018-01-24,TLT,102.643,103.5519,8171132
2018-01-24,VNQ,95.4086,93.058,3261205
2018-01-25,GLD,103.7039,103.8689,8198326
2018-01-25,IWM,104.0304,103.521,7631122
2018-01-25,QQQ,100.0011,99.1173,905714
2018-01-25,SPY,97.6342,95.7126,1360229
2018-01-25,TLT,103.737,103.5365,1319303
2018-01-25,VNQ,92.851,92.8953,6685704
2018-01-26,GLD,104.2446,104.5863,2106478
2018-01-26,IWM,103.6179,105.9581,7956908
2018-01-26,QQQ,98.9985,98.7337,7824009
2018-01-26,SPY,95.4782,94.453,6081812
2018-01-26,TLT,103.389,104.1355,4923970
2018-01-26,VNQ,92.7074,93.4401,5529530
2018-01-29,GLD,104.0983,103.7719,7977917
2018-01-29,IWM,106.5094,105.4036,2249780
2018-01-29,QQQ,98.6993,99.344,6265143
2018-01-29,SPY,94.7604,92.6607,5361790
2018-01-29,TLT,104.206,104.7799,4943661
2018-01-29,VNQ,93.1267,92.3321,7575809
2018-01-30,GLD,103.8278,102.3394,2047123
2018-01-30,IWM,105.4779,105.7438,7047345
2018-01-30,QQQ,99.9962,99.801,5646930
2018-01-30,SPY,92.3176,92.4802,7709876
2018-01-30,TLT,104.9907,104.5007,6208414
2018-01-30,VNQ,92.5565,91.0909,4883550
2018-01-31,GLD,102.3192,102.7643,8276050
2018-01-31,IWM,105.9359,103.4915,6001962
2018-01-31,QQQ,99.3759,97.4248,2669238
2018-01-31,SPY,92.7707,91.2855,8222895
2018-01-31,TLT,104.4832,104.0821,1544779
2018-01-31,VNQ,90.8235,90.2665,6290480
2018-02-01,GLD,102.3733,102.1576,6412464
2018-02-01,IWM,103.2079,107.1225,3837140
2018-02-01,QQQ,97.2104,98.0246,3527916
2018-02-01,SPY,91.5191,91.6036,2783790
2018-02-01,TLT,103.8825,104.0157,7153784
2018-02-01,VNQ,90.0929,91.0515,7380801
2018-02-02,GLD,102.2387,100.3625,1270426
2018-02-02,IWM,107.027,107.034,2416327
2018-02-02,QQQ,97.9082,97.9172,5427364
2018-02-02,SPY,91.5808,91.8104,2779926
2018-02-02,TLT,104.3835,103.5009,6620712
2018-02-02,VNQ,90.6212,90.9478,8492620
2018-02-05,GLD,100.4868,99.6353,4170270
2018-02-05,IWM,107.3306,106.4958,1947350
2018-02-05,QQQ,97.8067,97.631,2449501
2018-02-05,SPY,91.6224,91.6798,7051378
2018-02-05,TLT,103.4441,102.999,5264338
2018-02-05,VNQ,91.0784,88.8749,4360320
2018-02-06,GLD,99.6484,99.2379,2977279
2018-02-06,IWM,107.0826,107.8127,4273029
2018-02-06,QQQ,97.5959,97.4703,6073439
2018-02-06,SPY,91.6242,89.2937,3776894
2018-02-06,TLT,102.7751,102.7812,961915
2018-02-06,VNQ,88.7898,88.4466,5598719
2018-02-07,GLD,99.045,98.1671,3849350
2018-02-07,IWM,107.2826,106.4872,5414383
2018-02-07,QQQ,97.595,97.8623,6600090
2018-02-07,SPY,89.4068,88.8319,3242977
2018-02-07,TLT,102.9142,102.1624,5042402
2018-02-07,VNQ,88.865,89.6288,3443771
2018-02-08,GLD,98.2724,96.8338,1488892
2018-02-08,IWM,106.551,107.7371,1658675
2018-02-08,QQQ,98.5548,95.2786,1421815
2018-02-08,SPY,89.0088,88.8379,2058683
2018-02-08,TLT,102.4367,102.8951,3073733
2018-02-08,VNQ,89.7711,90.7926,2254991
2018-02-09,GLD,97.0901,96.909,6255496
2018-02-09,IWM,108.1195,105.9824,2824611
2018-02-09,QQQ,95.796,97.6104,2490357
2018-02-09,SPY,88.9062,88.9982,3991132
2018-02-09,TLT,103.0156,101.4966,2511051
2018-02-09,VNQ,90.5434,91.5628,7277193
2018-02-12,GLD,96.9606,97.7765,6629021
2018-02-12,IWM,105.8381,106.882,6742597
2018-02-12,QQQ,97.7759,96.4159,2206860
2018-02-12,SPY,89.2349,87.6036,3391730
2018-02-12,TLT,101.2298,102.2767,1875916
2018-02-12,VNQ,91.0994,91.3354,6789466
2018-02-13,GLD,98.1764,97.6038,5700928
2018-02-13,IWM,107.4297,105.3356,6137277
2018-02-13,QQQ,95.8784,93.27,1820805
2018-02-13,SPY,87.4729,87.2083,1874888
2018-02-13,TLT,102.2851,101.7542,5341404
2018-02-13,VNQ,90.9456,89.2828,4604620
2018-02-14,GLD,97.8031,96.9629,7791504
2018-02-14,IWM,105.1145,102.6261,4333734
2018-02-14,QQQ,92.9264,93.2212,6559817
2018-02-14,SPY,87.2631,86.3507,2204678
2018-02-14,TLT,101.8179,101.3058,993145
2018-02-14,VNQ,89.2972,89.5201,4239576
2018-02-15,GLD,97.1403,97.3592,4410660
2018-02-15,IWM,102.5835,101.804,7370802
2018-02-15,QQQ,92.8797,95.3666,2540621
2018-02-15,SPY,85.9889,85.6573,7684733
2018-02-15,TLT,101.4401,100.1462,2015840
2018-02-15,VNQ,89.3957,89.3683,1307762
2018-02-16,GLD,97.6805,98.0647,5628271
2018-02-16,IWM,101.9604,99.7235,7596367
2018-02-16,QQQ,95.309,94.69,5805051
2018-02-16,SPY,85.8326,86.6882,1815243
2018-02-16,TLT,99.8347,100.0593,1041476
2018-02-16,VNQ,89.2373,89.5015,8386530
2018-02-19,GLD,97.9126,97.8306,5609958
2018-02-19,IWM,99.3051,100.5829,5336856
2018-02-19,QQQ,94.2665,97.0072,1435663
2018-02-19,SPY,86.7238,85.9937,3737188
2018-02-19,TLT,99.7812,99.8815,3841511
2018-02-19,VNQ,89.5237,91.3056,4392205
2018-02-20,GLD,97.7113,98.3795,1101336
2018-02-20,IWM,100.3914,100.6715,2917873
2018-02-20,QQQ,96.7666,99.3898,2552399
2018-02-20,SPY,85.8981,86.0159,3861843
2018-02-20,TLT,99.9192,100.0911,6259277
2018-02-20,VNQ,90.8645,91.5654,7258513
2018-02-21,GLD,98.5005,99.3985,3243238
2018-02-21,IWM,100.725,101.4751,2561741
2018-02-21,QQQ,99.7068,98.1733,8446493
2018-02-21,SPY,86.2838,86.8874,6226614
2018-02-21,TLT,100.0899,99.662,7424794
2018-02-21,VNQ,91.1236,91.9334,1880388
2018-02-22,GLD,99.5217,99.2492,4257007
2018-02-22,IWM,101.4843,101.6675,2564016
2018-02-22,QQQ,98.6617,94.6509,5913793
2018-02-22,SPY,87.0484,86.3988,4115616
2018-02-22,TLT,99.7561,99.7857,3488616
2018-02-22,VNQ,91.7187,92.6863,7019489
2018-02-23,GLD,99.6049,98.5341,4182939
2018-02-23,IWM,102.1587,101.2057,2706030
2018-02-23,QQQ,94.5849,92.9679,3773184
2018-02-23,SPY,85.7498,86.3485,1100916
2018-02-23,TLT,100.0326,101.4421,6379980
2018-02-23,VNQ,92.5056,92.4365,6226150
2018-02-26,GLD,98.8023,98.9035,2171635
2018-02-26,IWM,101.0916,101.3054,7328417
2018-02-26,QQQ,93.5072,94.7216,6177509
2018-02-26,SPY,86.3578,86.504,5463901
2018-02-26,TLT,101.14,101.8512,981380
2018-02-26,VNQ,91.9908,91.7153,3012602
2018-02-27,GLD,98.9459,99.1807,6036604
2018-02-27,IWM,101.2861,102.9216,1217765
2018-02-27,QQQ,93.6887,93.6282,6128015
2018-02-27,SPY,86.1677,86.6167,6198111
2018-02-27,TLT,101.5972,101.3798,902857
2018-02-27,VNQ,92.0399,90.9162,5242104
2018-02-28,GLD,99.2335,100.2622,5263928
2018-02-28,IWM,102.6494,102.7085,1467598
2018-02-28,QQQ,93.6205,91.5817,2373399
2018-02-28,SPY,86.8644,85.5409,5046991
2018-02-28,TLT,101.2465,102.2787,7577990
2018-02-28,VNQ,90.7671,91.8487,4288697
2018-03-01,GLD,100.1988,99.0986,1065612
2018-03-01,IWM,102.4706,101.64,4859976
2018-03-01,QQQ,91.3718,89.8148,1215492
2018-03-01,SPY,86.1128,85.664,2619981
2018-03-01,TLT,102.609,102.206,6037239
2018-03-01,VNQ,91.3381,92.4847,5867155
2018-03-02,GLD,99.0152,98.5269,4769997
2018-03-02,IWM,101.9534,100.2804,4358154
2018-03-02,QQQ,90.079,89.8819,3125152
2018-03-02,SPY,85.5452,86.9741,8139986
2018-03-02,TLT,102.1551,102.7866,1060039
2018-03-02,VNQ,92.5074,91.9662,1458521
2018-03-05,GLD,98.4241,97.7955,4002246
2018-03-05,IWM,100.6539,100.0176,1536763
2018-03-05,QQQ,89.8336,89.9136,3098425
2018-03-05,SPY,86.9914,85.5986,4331157
2018-03-05,TLT,102.9972,103.3879,4488180
2018-03-05,VNQ,92.1769,93.3627,3323871
2018-03-06,GLD,98.0071,96.2515,3488961
2018-03-06,IWM,100.142,98.9954,7368399
2018-03-06,QQQ,89.9955,91.1751,7418270
2018-03-06,SPY,85.5411,86.4444,5853256
2018-03-06,TLT,102.8516,103.0764,6313361
2018-03-06,VNQ,94.0454,93.6313,3259724
2018-03-07,GLD,96.1472,96.4122,3803638
2018-03-07,IWM,99.1429,101.7902,5446391
2018-03-07,QQQ,91.3553,92.6182,2592805
2018-03-07,SPY,86.5257,86.6097,6020792
2018-03-07,TLT,103.1201,101.3805,7910726
2018-03-07,VNQ,93.4756,92.1145,7680358
2018-03-08,GLD,96.3344,96.9403,1549967
2018-03-08,IWM,101.5934,100.1263,6433639
2018-03-08,QQQ,92.5534,91.3908,3010317
2018-03-08,SPY,86.7593,86.0714,2263697
2018-03-08,TLT,101.5777,101.1141,8366910
2018-03-08,VNQ,92.1339,92.8718,2511989
2018-03-09,GLD,96.98,96.3119,3355820
2018-03-09,IWM,100.2038,98.6282,2104958
2018-03-09,QQQ,91.6048,91.2433,3992482
2018-03-09,SPY,86.3685,87.9911,2197469
2018-03-09,TLT,101.4196,101.6516,1992788
2018-03-09,VNQ,92.5546,92.7604,5748287
2018-03-12,GLD,96.1988,97.628,4255233
2018-03-12,IWM,99.2896,98.2509,8209949
2018-03-12,QQQ,91.0833,89.7604,6545107
2018-03-12,SPY,87.7588,88.7689,1642877
2018-03-12,TLT,101.4922,101.356,3035851
2018-03-12,VNQ,92.4808,91.2714,6173735
2018-03-13,GLD,97.5792,98.4366,4708101
2018-03-13,IWM,98.858,99.2402,6730630
2018-03-13,QQQ,89.3328,89.9263,3842302
2018-03-13,SPY,89.1432,87.6923,4906583
2018-03-13,TLT,101.7974,101.7941,5797353
2018-03-13,VNQ,90.5858,91.9176,4062475
2018-03-14,GLD,97.9346,99.0698,7337403
2018-03-14,IWM,98.4202,98.915,6688217
2018-03-14,QQQ,89.6966,88.4428,2099092
2018-03-14,SPY,87.4738,87.8187,3817854
2018-03-14,TLT,101.6132,102.7228,2667820
2018-03-14,VNQ,91.7784,91.5707,7601883
2018-03-15,GLD,99.1621,99.4948,6137424
2018-03-15,IWM,99.0916,97.6107,2091180
2018-03-15,QQQ,88.5026,86.9187,7563662
2018-03-15,SPY,87.8838,88.4196,7251453
2018-03-15,TLT,103.0495,102.2767,7697336
2018-03-15,VNQ,91.6041,91.1707,3527738
2018-03-16,GLD,99.4283,100.4463,2397310
2018-03-16,IWM,98.1253,96.5347,1038979
2018-03-16,QQQ,86.7518,89.823,3254142
2018-03-16,SPY,88.6943,88.2981,7056793
2018-03-16,TLT,102.6582,103.4397,4466122
2018-03-16,VNQ,90.6801,91.9029,1129977
2018-03-19,GLD,100.4977,99.2386,6515802
2018-03-19,IWM,96.2218,96.1038,7161788
2018-03-19,QQQ,89.5664,89.936,4421300
2018-03-19,SPY,88.4669,89.0039,2141895
2018-03-19,TLT,103.4255,104.9771,4676677
2018-03-19,VNQ,92.1343,89.4499,4625693
2018-03-20,GLD,99.3314,99.865,1460960
2018-03-20,IWM,96.3808,97.5282,4698981
2018-03-20,QQQ,89.3369,90.8847,7892222
2018-03-20,SPY,88.7805,88.9984,5837685
2018-03-20,TLT,104.6757,106.0287,4300627
2018-03-20,VNQ,90.2872,88.0722,5134895
2018-03-21,GLD,99.4354,100.485,6755803
2018-03-21,IWM,98.013,96.2149,2902023
2018-03-21,QQQ,90.5605,94.5128,1499864
2018-03-21,SPY,88.8313,89.695,4453843
2018-03-21,TLT,106.542,107.1727,3131179
2018-03-21,VNQ,87.5074,87.6526,2602392
2018-03-22,GLD,101.0653,98.8694,973934
2018-03-22,IWM,95.7775,96.1467,7047338
2018-03-22,QQQ,94.7384,95.7163,8129494
2018-03-22,SPY,89.5841,91.1471,1391593
2018-03-22,TLT,107.2665,108.2637,8360548
2018-03-22,VNQ,87.6706,87.9787,5178634
2018-03-23,GLD,98.9165,99.2435,5613389
2018-03-23,IWM,96.1796,95.3552,5420885
2018-03-23,QQQ,95.8597,95.6253,8050214
2018-03-23,SPY,91.1346,90.5493,2298816
2018-03-23,TLT,107.987,110.4884,2008032
2018-03-23,VNQ,87.8007,87.2948,2098552
2018-03-26,GLD,99.2974,99.0583,6688688
2018-03-26,IWM,95.4598,95.8639,2089356
2018-03-26,QQQ,95.9082,95.7786,1188099
2018-03-26,SPY,90.8278,90.8062,7104515
2018-03-26,TLT,110.6126,110.7205,5579711
2018-03-26,VNQ,87.2443,86.2553,1636916
2018-03-27,GLD,98.6556,99.8425,1017857
2018-03-27,IWM,95.8001,96.4769,7864762
2018-03-27,QQQ,95.6223,94.7803,1255429
2018-03-27,SPY,90.4927,90.4163,1989158
2018-03-27,TLT,110.4718,110.7735,3056802
2018-03-27,VNQ,86.1658,85.1686,3156401
2018-03-28,GLD,100.0058,99.4791,3285156
2018-03-28,IWM,95.8489,94.509,7125752
2018-03-28,QQQ,94.6991,96.4367,7056264
2018-03-28,SPY,90.5294,90.5995,4200498
2018-03-28,TLT,110.8191,111.4158,7667602
2018-03-28,VNQ,85.6172,85.0923,2370111
2018-03-29,GLD,99.5946,99.512,2775653
2018-03-29,IWM,94.6407,97.8955,5983138
2018-03-29,QQQ,96.7014,96.0314,8236955
2018-03-29,SPY,90.7476,89.5142,4623971
2018-03-29,TLT,111.1537,110.5783,2620269
2018-03-29,VNQ,85.173,85.8691,1657335
2018-03-30,GLD,99.4482,99.8854,1027324
2018-03-30,IWM,98.2925,98.2261,1008345
2018-03-30,QQQ,95.6188,98.7023,3511776
2018-03-30,SPY,89.6481,89.0197,6935085
2018-03-30,TLT,110.0354,109.1248,7986914
2018-03-30,VNQ,85.9565,84.364,1069496
2018-04-02,GLD,99.9669,99.112,5975981
2018-04-02,IWM,97.8955,97.565,2925163
2018-04-02,QQQ,99.8607,98.2663,6981554
2018-04-02,SPY,89.1309,88.8921,4370651
2018-04-02,TLT,109.2878,108.3299,4720248
2018-04-02,VNQ,84.7565,82.2297,5246897
2018-04-03,GLD,99.4378,99.725,4028313
2018-04-03,IWM,97.1343,96.3699,4455101
2018-04-03,QQQ,97.8649,97.8193,4062304
2018-04-03,SPY,89.2541,89.8117,5009929
2018-04-03,TLT,108.166,108.7374,6016496
2018-04-03,VNQ,82.18,81.9704,2995174
2018-04-04,GLD,99.6732,99.6769,1791932
2018-04-04,IWM,96.669,96.0687,5110535
2018-04-04,QQQ,98.0329,97.2776,6421389
2018-04-04,SPY,89.9291,90.9808,5793146
2018-04-04,TLT,108.7057,109.2434,4002097
2018-04-04,VNQ,82.4102,81.6249,5549019
2018-04-05,GLD,99.4931,100.1931,5717746
2018-04-05,IWM,95.7397,96.1736,2808657
2018-04-05,QQQ,97.8852,98.2798,6313704
2018-04-05,SPY,91.1898,89.7605,3628076
2018-04-05,TLT,109.2684,107.8241,6053657
2018-04-05,VNQ,81.399,80.7432,1734531
2018-04-06,GLD,100.5394,99.7515,5308089
2018-04-06,IWM,96.1251,97.0679,7831818
2018-04-06,QQQ,98.0113,98.6359,3409518
2018-04-06,SPY,89.8961,89.0597,7419281
2018-04-06,TLT,107.7813,106.0981,2857670
2018-04-06,VNQ,80.5425,81.4161,5512357
2018-04-09,GLD,99.8459,100.8325,5004184
2018-04-09,IWM,97.2088,97.1373,4472794
2018-04-09,QQQ,97.6628,100.7822,7036847
2018-04-09,SPY,89.4883,89.7393,5942766
2018-04-09,TLT,105.9335,105.8529,3409950
2018-04-09,VNQ,81.4714,82.2946,4487249
2018-04-10,GLD,100.8234,101.4631,1016486
2018-04-10,IWM,96.8939,97.883,3423967
2018-04-10,QQQ,100.1817,100.022,8110650
2018-04-10,SPY,89.284,87.9041,6270086
2018-04-10,TLT,105.9347,105.7279,1705946
2018-04-10,VNQ,82.2358,81.7604,3252944
2018-04-11,GLD,102.0505,101.345,7388205
2018-04-11,IWM,97.9585,95.6871,2830502
2018-04-11,QQQ,99.1564,100.5418,4085559
2018-04-11,SPY,88.2064,87.5284,8001712
2018-04-11,TLT,105.8657,105.7325,2278537
2018-04-11,VNQ,81.7217,81.4549,8317197
2018-04-12,GLD,101.4179,102.0049,7276146
2018-04-12,IWM,95.823,94.71,926419
2018-04-12,QQQ,99.6422,103.6137,1230840
2018-04-12,SPY,87.4672,87.4965,3456113
2018-04-12,TLT,105.7834,106.4114,1899171
2018-04-12,VNQ,81.3498,82.0911,1648002
2018-04-13,GLD,101.9984,103.2801,4607258
2018-04-13,IWM,94.6028,93.3985,4654244
2018-04-13,QQQ,104.355,103.3202,4606803
2018-04-13,SPY,87.4307,88.7425,6440139
2018-04-13,TLT,106.3302,107.6226,4993451
2018-04-13,VNQ,81.6024,81.6974,1526609
2018-04-16,GLD,103.381,105.0978,2169905
2018-04-16,IWM,92.6364,93.6815,5520065
2018-04-16,QQQ,103.6894,104.2388,2621374
2018-04-16,SPY,88.5125,89.4609,4594286
2018-04-16,TLT,107.6322,107.8939,1714054
2018-04-16,VNQ,81.8316,80.3141,4769311
2018-04-17,GLD,105.0346,103.6008,6252813
2018-04-17,IWM,93.3513,94.3658,8177339
2018-04-17,QQQ,104.5719,106.8312,6156401
2018-04-17,SPY,89.0145,89.2088,3717942
2018-04-17,TLT,108.2513,108.5309,1061195
2018-04-17,VNQ,80.2156,80.2941,7118348
2018-04-18,GLD,103.6891,104.5237,4203622
2018-04-18,IWM,94.4221,92.4418,2064189
2018-04-18,QQQ,106.4344,107.8152,6818617
2018-04-18,SPY,89.1176,88.918,6020652
2018-04-18,TLT,108.8204,107.5397,1314668
2018-04-18,VNQ,80.3521,79.4324,1021056
2018-04-19,GLD,104.5966,105.0392,1655099
2018-04-19,IWM,91.9138,92.2766,3882595
2018-04-19,QQQ,107.8297,106.8717,2066517
2018-04-19,SPY,88.7546,88.7408,2035287
2018-04-19,TLT,107.4881,106.4816,6975707
2018-04-19,VNQ,79.3264,79.8068,3903005
2018-04-20,GLD,104.9124,105.0013,1817739
2018-04-20,IWM,91.7268,93.3118,1296077
2018-04-20,QQQ,106.6681,103.6742,4194027
2018-04-20,SPY,88.8582,90.2623,7274296
2018-04-20,TLT,106.6318,106.7556,3379328
2018-04-20,VNQ,79.8539,79.3485,4007488
2018-04-23,GLD,104.9725,104.0621,1742004
2018-04-23,IWM,93.3224,94.6184,7651492
2018-04-23,QQQ,103.5546,107.5805,5622097
2018-04-23,SPY,89.9072,89.9112,7954933
2018-04-23,TLT,106.9036,107.4356,6807736
2018-04-23,VNQ,78.9201,79.2077,4169602
2018-04-24,GLD,104.1732,105.3613,2242282
2018-04-24,IWM,94.6904,93.1619,2888347
2018-04-24,QQQ,107.4647,108.37,3947197
2018-04-24,SPY,90.2564,89.6808,6088909
2018-04-24,TLT,107.5862,108.1787,6281689
2018-04-24,VNQ,79.0252,79.7762,7944778
2018-04-25,GLD,105.4915,104.1677,5162346
2018-04-25,IWM,92.7237,93.9857,7572527
2018-04-25,QQQ,108.8182,110.5443,5559047
2018-04-25,SPY,89.7461,90.0821,3824246
2018-04-25,TLT,108.2059,108.799,7817819
2018-04-25,VNQ,79.6303,79.6994,6186272
2018-04-26,GLD,104.3453,104.7828,4479669
2018-04-26,IWM,94.2191,94.509,1743706
2018-04-26,QQQ,110.682,109.8398,6252345
2018-04-26,SPY,90.0223,90.0276,4719632
2018-04-26,TLT,108.9338,109.6078,7840203
2018-04-26,VNQ,79.6649,79.1135,4715340
2018-04-27,GLD,105.0113,106.1362,5891365
2018-04-27,IWM,94.5775,93.9751,5084022
2018-04-27,QQQ,109.9111,112.9929,8054037
2018-04-27,SPY,89.8568,89.8997,3129237
2018-04-27,TLT,109.5492,110.4477,2450232
2018-04-27,VNQ,79.3731,78.1644,5779296
2018-04-30,GLD,106.2326,104.5996,4863450
2018-04-30,IWM,93.4779,96.7492,3593775
2018-04-30,QQQ,112.8997,113.9762,7106694
2018-04-30,SPY,89.7104,88.8949,1914382
2018-04-30,TLT,110.6377,108.8077,5970531
2018-04-30,VNQ,78.2912,79.9266,1163595
2018-05-01,GLD,104.7605,104.3566,6730748
2018-05-01,IWM,96.9675,95.2558,5895382
2018-05-01,QQQ,113.2524,114.1546,2820501
2018-05-01,SPY,88.6263,88.9454,7535144
2018-05-01,TLT,108.9565,108.1588,6744133
2018-05-01,VNQ,80.3006,81.0984,4207799
2018-05-02,GLD,104.2955,103.1287,7463565
2018-05-02,IWM,94.6699,94.9357,2491814
2018-05-02,QQQ,114.3505,112.7002,3691214
2018-05-02,SPY,88.8159,88.5853,7499020
2018-05-02,TLT,108.3415,108.6475,6462218
2018-05-02,VNQ,81.4738,79.6254,5730823
2018-05-03,GLD,103.0979,103.422,1232086
2018-05-03,IWM,94.8546,95.6259,6096649
2018-05-03,QQQ,112.7345,113.4214,1552990
2018-05-03,SPY,88.5867,89.7607,5594764
2018-05-03,TLT,108.8279,109.2748,2752971
2018-05-03,VNQ,79.5739,78.6248,5342797
2018-05-04,GLD,103.7075,104.9688,2476896
2018-05-04,IWM,95.8663,96.0261,3617077
2018-05-04,QQQ,114.2299,112.6818,6421218
2018-05-04,SPY,89.7181,90.4534,3038374
2018-05-04,TLT,109.4315,107.8808,5783236
2018-05-04,VNQ,78.9157,79.2542,7616310
2018-05-07,GLD,104.5113,107.0526,2736053
2018-05-07,IWM,96.0667,95.851,2935379
2018-05-07,QQQ,111.8701,112.3943,3731250
2018-05-07,SPY,90.1115,90.4929,8389880
2018-05-07,TLT,107.7212,109.0568,3481572
2018-05-07,VNQ,79.3976,78.7173,2067566
2018-05-08,GLD,107.1775,105.3255,7603645
2018-05-08,IWM,95.5575,97.8465,3387196
2018-05-08,QQQ,111.9543,109.7602,5725785
2018-05-08,SPY,90.4285,91.2064,3978645
2018-05-08,TLT,108.8014,108.6896,1465105
2018-05-08,VNQ,78.2641,78.7809,3947804
2018-05-09,GLD,106.1452,104.8112,7932438
2018-05-09,IWM,97.5656,99.9827,1480426
2018-05-09,QQQ,109.7774,109.0381,2795392
2018-05-09,SPY,90.9885,90.9383,5202042
2018-05-09,TLT,108.7455,108.521,917032
2018-05-09,VNQ,78.7175,79.6421,5430890
2018-05-10,GLD,104.3826,105.5671,2701711
2018-05-10,IWM,100.6352,101.3802,7657881
2018-05-10,QQQ,109.2213,109.3912,971769
2018-05-10,SPY,90.9773,92.0329,7622954
2018-05-10,TLT,108.4507,108.8376,3411972
2018-05-10,VNQ,79.9935,79.8207,2011432
2018-05-11,GLD,105.9702,107.2121,3530589
2018-05-11,IWM,101.0375,102.9299,1714836
2018-05-11,QQQ,109.6067,107.4297,7087856
2018-05-11,SPY,92.4934,92.0917,1212985
2018-05-11,TLT,109.0338,109.6142,5749276
2018-05-11,VNQ,80.269,79.7401,5849507
2018-05-14,GLD,106.7954,107.6977,3894344
2018-05-14,IWM,103.3493,102.9157,4614370
2018-05-14,QQQ,107.3936,107.6376,8398191
2018-05-14,SPY,92.246,92.7336,2475764
2018-05-14,TLT,109.4821,108.2916,963351
2018-05-14,VNQ,79.6694,79.3148,3943415
2018-05-15,GLD,107.8161,106.9988,7850834
2018-05-15,IWM,102.8912,101.2602,1328034
2018-05-15,QQQ,107.3884,108.8114,7888983
2018-05-15,SPY,92.6559,91.5243,6438009
2018-05-15,TLT,108.2026,109.2958,4398680
2018-05-15,VNQ,79.1279,79.2776,6303604
2018-05-16,GLD,107.4346,107.3576,8188907
2018-05-16,IWM,101.149,104.5902,7084252
2018-05-16,QQQ,108.8512,108.3965,7222473
2018-05-16,SPY,91.1271,91.929,7845090
2018-05-16,TLT,108.9958,109.4251,1271664
2018-05-16,VNQ,79.3892,79.7141,5740322
2018-05-17,GLD,107.7585,107.3988,1955693
2018-05-17,IWM,104.5196,103.2173,4425428
2018-05-17,QQQ,109.1664,107.4719,6587511
2018-05-17,SPY,91.5815,90.3451,7468111
2018-05-17,TLT,109.4154,108.7382,1792898
2018-05-17,VNQ,79.7029,81.526,5482215
2018-05-18,GLD,107.1906,107.2502,4807017
2018-05-18,IWM,103.9131,106.676,4035360
2018-05-18,QQQ,107.8735,106.5562,7447149
2018-05-18,SPY,89.938,88.4591,2641134
2018-05-18,TLT,108.6619,108.529,4010980
2018-05-18,VNQ,81.4378,82.6786,1398111
2018-05-21,GLD,106.9417,106.5661,6862278
2018-05-21,IWM,106.3097,106.55,5073102
2018-05-21,QQQ,106.0385,108.1718,7741288
2018-05-21,SPY,88.6312,88.2329,6897518
2018-05-21,TLT,108.8174,106.5103,7856340
2018-05-21,VNQ,82.7408,82.5223,2483312
2018-05-22,GLD,106.2239,107.0147,2834616
2018-05-22,IWM,106.7015,106.9791,3664767
2018-05-22,QQQ,107.9527,105.7777,7659479
2018-05-22,SPY,88.0523,87.4478,1562863
2018-05-22,TLT,106.5416,105.9568,2832229
2018-05-22,VNQ,82.0822,83.5326,5816276
2018-05-23,GLD,107.2143,107.3847,5610578
2018-05-23,IWM,107.0129,106.7878,1633429
2018-05-23,QQQ,105.0688,105.3847,5919991
2018-05-23,SPY,87.4625,87.663,5390384
2018-05-23,TLT,106.2967,106.1803,3773502
2018-05-23,VNQ,83.6865,83.708,2056959
2018-05-24,GLD,107.3028,107.3485,4342564
2018-05-24,IWM,107.0301,108.3522,6497902
2018-05-24,QQQ,104.909,104.8045,7158615
2018-05-24,SPY,87.5171,89.8588,4803460
2018-05-24,TLT,106.0228,105.5714,1199450
2018-05-24,VNQ,83.97,82.2112,2531212
2018-05-25,GLD,107.3663,107.182,8340912
2018-05-25,IWM,107.757,107.6286,4793995
2018-05-25,QQQ,105.175,105.119,1883708
2018-05-25,SPY,89.8808,89.1245,7434441
2018-05-25,TLT,105.2243,105.3193,7080088
2018-05-25,VNQ,82.1546,82.1519,3980991
2018-05-28,GLD,107.263,105.946,7150990
2018-05-28,IWM,107.7972,110.6148,5319685
2018-05-28,QQQ,105.6596,105.0947,6006101
2018-05-28,SPY,89.4595,88.593,6944410
2018-05-28,TLT,105.5839,105.236,1134438
2018-05-28,VNQ,81.9166,83.2396,6834467
2018-05-29,GLD,106.0634,105.5176,1202483
2018-05-29,IWM,110.7547,111.5493,6253340
2018-05-29,QQQ,104.8215,103.4344,4543558
2018-05-29,SPY,88.4307,88.8504,1194004
2018-05-29,TLT,105.3692,105.3338,1470716
2018-05-29,VNQ,83.2847,82.6679,4250137
2018-05-30,GLD,105.6651,106.7853,7516042
2018-05-30,IWM,111.4432,111.9059,5253590
2018-05-30,QQQ,103.7235,106.7619,3301408
2018-05-30,SPY,88.7693,89.3834,3958160
2018-05-30,TLT,105.7133,106.3397,5130635
2018-05-30,VNQ,82.7973,83.7006,6955505
2018-05-31,GLD,106.8301,106.651,7445725
2018-05-31,IWM,112.2099,111.0589,3649807
2018-05-31,QQQ,106.2644,107.1368,3122556
2018-05-31,SPY,89.1906,89.2773,1475229
2018-05-31,TLT,106.2054,106.3698,6567141
2018-05-31,VNQ,83.586,83.4296,5610368
2018-06-01,GLD,106.2603,105.2671,1757369
2018-06-01,IWM,110.296,111.585,8096476
2018-06-01,QQQ,107.5645,105.0711,1420724
2018-06-01,SPY,89.4865,89.1431,7304803
2018-06-01,TLT,105.991,106.1796,6080481
2018-06-01,VNQ,83.484,83.5094,8107517
2018-06-04,GLD,105.6422,106.6606,5999666
2018-06-04,IWM,110.9706,111.6536,3352217
2018-06-04,QQQ,104.9137,103.7496,1147638
2018-06-04,SPY,88.8986,89.8792,1034875
2018-06-04,TLT,106.5669,106.7388,7039902
2018-06-04,VNQ,83.1869,82.3167,2864710
2018-06-05,GLD,105.9832,107.2545,4818016
2018-06-05,IWM,111.4482,114.8458,6753860
2018-06-05,QQQ,103.6814,103.988,3013149
2018-06-05,SPY,89.607,90.4444,3912280
2018-06-05,TLT,106.8341,108.7663,6387055
2018-06-05,VNQ,81.7374,84.5444,6336056
2018-06-06,GLD,107.5802,109.4718,3873766
2018-06-06,IWM,115.4961,116.4911,6580739
2018-06-06,QQQ,103.6644,105.0423,4979908
2018-06-06,SPY,90.109,89.5114,5949774
2018-06-06,TLT,108.659,108.4925,4456897
2018-06-06,VNQ,84.6972,85.0817,2675484
2018-06-07,GLD,109.3279,109.5958,3752647
2018-06-07,IWM,116.4567,113.963,6664425
2018-06-07,QQQ,104.8096,103.0167,5648596
2018-06-07,SPY,89.1745,89.4982,7094703
2018-06-07,TLT,109.0324,109.0391,1378541
2018-06-07,VNQ,85.1019,86.2231,6063600
2018-06-08,GLD,109.5564,109.1782,5448482
2018-06-08,IWM,113.9361,116.5929,2529494
2018-06-08,QQQ,103.779,104.2159,2439770
2018-06-08,SPY,89.6111,89.5948,7778344
2018-06-08,TLT,109.0869,107.5868,5093349
2018-06-08,VNQ,86.2906,85.7859,5210007
2018-06-11,GLD,109.0549,107.7532,1532985
2018-06-11,IWM,117.0963,112.7265,7550666
2018-06-11,QQQ,104.3901,102.1581,6201764
2018-06-11,SPY,90.2131,88.6508,1756931
2018-06-11,TLT,107.4322,108.9257,6863861
2018-06-11,VNQ,85.187,84.2711,4556700
2018-06-12,GLD,107.6701,109.1686,1509646
2018-06-12,IWM,112.8068,115.3475,1059989
2018-06-12,QQQ,102.418,101.0212,1843295
2018-06-12,SPY,88.4148,88.96,2860858
2018-06-12,TLT,109.0559,109.6159,4637702
2018-06-12,VNQ,84.0719,85.6204,5745536
2018-06-13,GLD,109.1739,111.9121,4239656
2018-06-13,IWM,115.1452,112.3124,6014477
2018-06-13,QQQ,100.8924,102.4164,7206646
2018-06-13,SPY,89.1869,88.2081,3053634
2018-06-13,TLT,109.5308,110.9675,8437302
2018-06-13,VNQ,85.7523,84.9086,8005925
2018-06-14,GLD,111.849,111.1074,4742720
2018-06-14,IWM,113.0979,112.3877,1143533
2018-06-14,QQQ,102.3,105.1703,932929
2018-06-14,SPY,88.2674,89.1934,2979440
2018-06-14,TLT,110.8093,110.9652,4508652
2018-06-14,VNQ,84.4633,86.7481,2403437
2018-06-15,GLD,110.8302,110.4897,3141206
2018-06-15,IWM,112.6927,113.7933,2281409
2018-06-15,QQQ,105.0319,105.1216,7689076
2018-06-15,SPY,88.9307,89.4402,1830867
2018-06-15,TLT,111.105,110.0044,1662318
2018-06-15,VNQ,86.5421,86.6149,1326365
2018-06-18,GLD,110.722,111.1738,1900281
2018-06-18,IWM,113.9792,113.8554,2305765
2018-06-18,QQQ,104.7528,104.7164,7269447
2018-06-18,SPY,89.3739,89.5883,6491470
2018-06-18,TLT,110.0558,110.9228,3606180
2018-06-18,VNQ,86.1841,88.4607,4954741
2018-06-19,GLD,111.032,110.3644,6512477
2018-06-19,IWM,113.6896,112.1321,5110051
2018-06-19,QQQ,105.0081,106.8302,7611503
2018-06-19,SPY,89.5324,89.0851,6521025
2018-06-19,TLT,110.9195,111.7182,5850921
2018-06-19,VNQ,88.6008,87.7061,1683956
2018-06-20,GLD,110.7253,110.1419,5137083
2018-06-20,IWM,112.3639,114.2288,6739740
2018-06-20,QQQ,106.408,105.1986,3864580
2018-06-20,SPY,88.9206,89.0341,4403439
2018-06-20,TLT,111.7344,110.9224,2179731
2018-06-20,VNQ,87.7305,85.8314,3817122
2018-06-21,GLD,110.1121,109.8374,1023586
2018-06-21,IWM,113.6597,111.3944,5324933
2018-06-21,QQQ,105.4794,105.7277,1770126
2018-06-21,SPY,89.4955,87.2102,4469038
2018-06-21,TLT,110.6386,109.5454,6755939
2018-06-21,VNQ,86.1115,86.643,2146299
2018-06-22,GLD,109.6643,110.0959,8125177
2018-06-22,IWM,111.4243,109.134,1278943
2018-06-22,QQQ,106.3353,106.1877,5796007
2018-06-22,SPY,86.7663,86.2199,6830643
2018-06-22,TLT,109.7564,110.0349,1788223
2018-06-22,VNQ,86.1015,86.6222,5255937
2018-06-25,GLD,110.2195,111.3005,4340092
2018-06-25,IWM,109.3088,111.4173,4278734
2018-06-25,QQQ,106.5333,107.9083,6700994
2018-06-25,SPY,86.3079,86.6158,5882623
2018-06-25,TLT,110.533,109.9232,8346952
2018-06-25,VNQ,86.5203,86.6725,6754986
2018-06-26,GLD,111.5442,111.3833,930840
2018-06-26,IWM,111.8834,110.1018,1867137
2018-06-26,QQQ,107.4712,108.4847,7987393
2018-06-26,SPY,86.6927,84.7225,2108408
2018-06-26,TLT,110.0326,112.5407,3846570
2018-06-26,VNQ,86.4117,87.8793,1762021
2018-06-27,GLD,111.1504,112.4148,3518021
2018-06-27,IWM,110.6527,110.5682,1772113
2018-06-27,QQQ,109.1817,108.1365,7258828
2018-06-27,SPY,84.5911,85.5534,2711694
2018-06-27,TLT,112.8961,111.9882,1738991
2018-06-27,VNQ,88.338,86.9614,4771399
2018-06-28,GLD,112.3494,112.0294,3437985
2018-06-28,IWM,110.7727,111.9463,6426045
2018-06-28,QQQ,107.7793,109.2345,2887371
2018-06-28,SPY,85.5877,84.0267,4767635
2018-06-28,TLT,112.514,111.5225,1737503
2018-06-28,VNQ,86.9634,85.607,7233944
2018-06-29,GLD,112.4177,112.4369,4098521
2018-06-29,IWM,112.4289,111.8467,1269036
2018-06-29,QQQ,109.1358,107.4769,6055063
2018-06-29,SPY,84.2244,84.769,6483538
2018-06-29,TLT,111.5114,111.4685,5475238
2018-06-29,VNQ,85.5397,84.4077,7025946
2018-07-02,GLD,112.1819,110.2466,4713357
2018-07-02,IWM,111.6605,112.3688,2176406
2018-07-02,QQQ,107.265,108.896,3455381
2018-07-02,SPY,84.8037,84.063,8365458
2018-07-02,TLT,111.346,109.8978,5365047
2018-07-02,VNQ,84.2774,82.6882,1192382
2018-07-03,GLD,110.0352,108.8042,4193940
2018-07-03,IWM,112.3165,112.6386,8459702
2018-07-03,QQQ,108.5136,107.8814,4007753
2018-07-03,SPY,84.157,84.8257,8445263
2018-07-03,TLT,109.7095,109.093,4455674
2018-07-03,VNQ,82.4089,80.8747,7685423
2018-07-04,GLD,108.8567,109.6837,6321096
2018-07-04,IWM,112.7842,113.062,4430685
2018-07-04,QQQ,107.4478,106.4928,4820601
2018-07-04,SPY,84.9833,85.0033,4783572
2018-07-04,TLT,109.0209,110.7409,8212645
2018-07-04,VNQ,80.5878,79.6242,3813401
2018-07-05,GLD,109.3791,109.1316,8338315
2018-07-05,IWM,113.5911,115.0979,4009211
2018-07-05,QQQ,106.3032,105.988,3109381
2018-07-05,SPY,84.5421,83.6733,1500848
2018-07-05,TLT,110.9695,110.6669,2514900
2018-07-05,VNQ,79.4775,78.7009,6693004
2018-07-06,GLD,108.5076,109.7892,4467290
2018-07-06,IWM,115.4071,116.7419,6748609
2018-07-06,QQQ,105.9761,106.1472,6461484
2018-07-06,SPY,84.0052,84.8584,5314216
2018-07-06,TLT,110.6721,110.1284,6255572
2018-07-06,VNQ,78.7439,78.2947,1207016
2018-07-09,GLD,109.3671,110.4114,6110137
2018-07-09,IWM,116.174,117.3662,5258045
2018-07-09,QQQ,106.214,107.3801,1609261
2018-07-09,SPY,85.3776,86.2379,3322946
2018-07-09,TLT,110.4519,108.9531,7631194
2018-07-09,VNQ,78.0316,77.1528,4506948
2018-07-10,GLD,110.5188,111.8584,3848413
2018-07-10,IWM,116.4851,119.0135,2580565
2018-07-10,QQQ,106.7799,107.1215,3671016
2018-07-10,SPY,86.4646,86.2361,2442813
2018-07-10,TLT,108.8411,109.5656,7309348
2018-07-10,VNQ,77.454,77.054,1009725
2018-07-11,GLD,112.0413,112.779,3820672
2018-07-11,IWM,119.1324,118.159,2347849
2018-07-11,QQQ,107.7667,108.4066,8331158
2018-07-11,SPY,86.4705,86.0423,7507593
2018-07-11,TLT,109.9984,110.257,3114826
2018-07-11,VNQ,77.0898,77.8142,4478604
2018-07-12,GLD,112.9467,113.9276,1617031
2018-07-12,IWM,117.6606,116.9328,1864942
2018-07-12,QQQ,108.5163,110.1047,1718075
2018-07-12,SPY,85.7185,85.9538,7317468
2018-07-12,TLT,110.2206,110.5601,5040961
2018-07-12,VNQ,77.7951,77.6146,2282822
2018-07-13,GLD,114.0427,113.8669,3462792
2018-07-13,IWM,116.4925,115.3219,4790407
2018-07-13,QQQ,110.1669,110.0168,8148301
2018-07-13,SPY,85.9265,85.1188,7372386
2018-07-13,TLT,110.5793,110.2345,5618511
2018-07-13,VNQ,77.7833,78.0336,8065983
2018-07-16,GLD,113.5456,113.177,2283942
2018-07-16,IWM,115.5364,116.7142,7714399
2018-07-16,QQQ,110.0788,108.4829,923227
2018-07-16,SPY,84.9339,86.1846,1164308
2018-07-16,TLT,110.2901,110.5851,5906550
2018-07-16,VNQ,78.0057,77.1444,4978792
2018-07-17,GLD,113.3682,112.4557,4220789
2018-07-17,IWM,116.7695,119.5706,4013720
2018-07-17,QQQ,108.8263,110.0896,1287193
2018-07-17,SPY,86.0493,85.7432,7527456
2018-07-17,TLT,110.569,111.0111,6272724
2018-07-17,VNQ,76.8472,77.4216,2435904
2018-07-18,GLD,112.7721,111.9964,7985460
2018-07-18,IWM,120.1509,119.7943,8385607
2018-07-18,QQQ,110.3121,110.6371,6880023
2018-07-18,SPY,85.9655,85.7542,7633860
2018-07-18,TLT,111.0224,110.3993,1941275
2018-07-18,VNQ,77.9335,77.8633,963371
2018-07-19,GLD,111.8218,110.8643,7997952
2018-07-19,IWM,119.459,116.4829,5684610
2018-07-19,QQQ,110.7631,107.2402,5819902
2018-07-19,SPY,85.5698,85.0862,2622075
2018-07-19,TLT,110.5789,111.0599,7248364
2018-07-19,VNQ,77.0981,77.2079,6212109
2018-07-20,GLD,111.1213,110.3492,8210011
2018-07-20,IWM,116.1652,115.7009,1800346
2018-07-20,QQQ,106.9099,105.7336,5565177
2018-07-20,SPY,85.0566,84.5747,5093309
2018-07-20,TLT,111.0706,109.0591,6576008
2018-07-20,VNQ,77.1753,75.6976,1100347
2018-07-23,GLD,110.2633,110.3094,5435265
2018-07-23,IWM,115.963,116.5618,8246073
2018-07-23,QQQ,106.0263,106.0466,6071465
2018-07-23,SPY,84.1436,83.4814,5179977
2018-07-23,TLT,109.2011,107.8774,7985270
2018-07-23,VNQ,75.8233,75.4728,7640881
2018-07-24,GLD,110.3688,110.6286,5709138
2018-07-24,IWM,117.2556,117.1384,5670163
2018-07-24,QQQ,106.0529,103.9518,4281497
2018-07-24,SPY,83.446,84.6696,4479302
2018-07-24,TLT,107.7283,107.6395,3883027
2018-07-24,VNQ,75.5066,75.4056,7192707
2018-07-25,GLD,110.7347,110.3312,8148243
2018-07-25,IWM,117.7893,117.3715,2552891
2018-07-25,QQQ,103.9581,102.9675,7226567
2018-07-25,SPY,84.69,84.5866,1554235
2018-07-25,TLT,107.4905,107.5872,7173958
2018-07-25,VNQ,75.1078,76.6979,5138731
2018-07-26,GLD,109.9546,108.399,6032653
2018-07-26,IWM,116.7922,119.1399,4521064
2018-07-26,QQQ,102.8469,100.4142,4053172
2018-07-26,SPY,84.4272,85.5232,1757727
2018-07-26,TLT,107.2943,106.5382,959200
2018-07-26,VNQ,76.5516,76.2203,4291592
2018-07-27,GLD,108.7849,108.38,2461745
2018-07-27,IWM,118.8914,120.8259,6579361
2018-07-27,QQQ,100.5747,101.1061,3357743
2018-07-27,SPY,85.3586,85.5924,4175736
2018-07-27,TLT,106.7382,106.8975,6886405
2018-07-27,VNQ,76.0487,77.7064,7043518
2018-07-30,GLD,108.171,108.6659,1461760
2018-07-30,IWM,121.1426,118.5754,1689934
2018-07-30,QQQ,101.293,101.5554,3574283
2018-07-30,SPY,86.0258,85.0147,2946958
2018-07-30,TLT,106.7369,107.9476,2626634
2018-07-30,VNQ,77.6207,75.3024,7716301
2018-07-31,GLD,108.65,109.8405,4859737
2018-07-31,IWM,118.9665,119.3989,1226508
2018-07-31,QQQ,101.698,101.9059,7168810
2018-07-31,SPY,84.7398,84.774,5278611
2018-07-31,TLT,108.0829,108.4281,6526281
2018-07-31,VNQ,75.1939,74.9044,2081910
2018-08-01,GLD,109.7227,110.4974,4994855
2018-08-01,IWM,119.2351,118.1996,2304452
2018-08-01,QQQ,102.5799,104.2418,970226
2018-08-01,SPY,84.5359,84.3226,5415022
2018-08-01,TLT,108.4848,108.6933,4897406
2018-08-01,VNQ,75.0591,74.3303,6046950
2018-08-02,GLD,110.6274,109.8824,6381451
2018-08-02,IWM,117.7958,118.6725,1384589
2018-08-02,QQQ,104.6048,103.7683,6936576
2018-08-02,SPY,84.1402,84.3854,2864991
2018-08-02,TLT,108.7546,109.5406,6476198
2018-08-02,VNQ,74.2258,73.8555,6814024
2018-08-03,GLD,110.005,109.1879,6339387
2018-08-03,IWM,118.3629,120.9054,7840276
2018-08-03,QQQ,103.8222,103.3958,7415913
2018-08-03,SPY,84.6567,84.1022,4074359
2018-08-03,TLT,109.5187,109.9825,4095099
2018-08-03,VNQ,73.5958,73.2428,2405518
2018-08-06,GLD,109.2037,111.3374,7171296
2018-08-06,IWM,121.6652,124.2329,2516108
2018-08-06,QQQ,103.6029,106.6846,2731708
2018-08-06,SPY,84.5767,83.8875,4108178
2018-08-06,TLT,110.1511,108.9297,1962717
2018-08-06,VNQ,73.3304,73.0707,3769143
2018-08-07,GLD,111.7205,112.1917,7235059
2018-08-07,IWM,124.49,125.5763,2404847
2018-08-07,QQQ,106.0211,104.6878,8137272
2018-08-07,SPY,83.9621,82.7122,8253115
2018-08-07,TLT,109.0782,108.7848,7460656
2018-08-07,VNQ,73.1825,74.4506,6748477
2018-08-08,GLD,112.2773,114.2064,1689000
2018-08-08,IWM,124.441,124.736,5500871
2018-08-08,QQQ,105.0545,105.9298,7124206
2018-08-08,SPY,82.5535,82.054,3683058
2018-08-08,TLT,109.2055,110.0806,2718724
2018-08-08,VNQ,74.7681,74.1748,3883597
2018-08-09,GLD,114.1096,116.5849,7195560
2018-08-09,IWM,123.6756,124.1785,2034677
2018-08-09,QQQ,105.7564,103.9243,2102567
2018-08-09,SPY,81.9601,83.5746,4924006
2018-08-09,TLT,110.0616,109.031,3505875
2018-08-09,VNQ,73.8377,75.1467,2835251
2018-08-10,GLD,115.8055,115.7437,3985188
2018-08-10,IWM,124.4265,125.2173,5112258
2018-08-10,QQQ,103.6293,104.3761,6134396
2018-08-10,SPY,83.8132,83.0298,1543246
2018-08-10,TLT,108.9779,109.1399,1969185
2018-08-10,VNQ,75.0064,74.9185,5325570
2018-08-13,GLD,115.6777,116.2223,7903788
2018-08-13,IWM,124.7716,123.5125,7060430
2018-08-13,QQQ,104.6348,107.8512,7677494
2018-08-13,SPY,82.8275,82.1508,3774638
2018-08-13,TLT,108.8901,108.8146,2166308
2018-08-13,VNQ,74.6578,74.8802,7986501
2018-08-14,GLD,116.1538,116.7831,7528685
2018-08-14,IWM,123.6748,123.466,4650742
2018-08-14,QQQ,107.4305,108.3772,5440471
2018-08-14,SPY,82.4709,82.5011,1420822
2018-08-14,TLT,109.3629,108.0042,5990107
2018-08-14,VNQ,74.8525,72.5596,6753594
2018-08-15,GLD,116.5543,117.4589,2640532
2018-08-15,IWM,123.2847,124.6278,6400506
2018-08-15,QQQ,108.6762,107.2013,4289399
2018-08-15,SPY,82.8146,83.8075,1497228
2018-08-15,TLT,107.8746,107.0924,5335951
2018-08-15,VNQ,72.3733,72.5014,7686065
2018-08-16,GLD,117.2317,118.1186,5563603
2018-08-16,IWM,124.23,126.3731,1356479
2018-08-16,QQQ,106.938,111.2202,7876807
2018-08-16,SPY,83.8233,82.5654,6836428
2018-08-16,TLT,107.3154,107.2351,3602378
2018-08-16,VNQ,72.6747,72.9121,4951560
2018-08-17,GLD,118.2957,118.4009,5324085
2018-08-17,IWM,126.5142,125.9055,6276707
2018-08-17,QQQ,110.6271,110.3929,6025673
2018-08-17,SPY,82.7083,82.4337,1087190
2018-08-17,TLT,107.447,107.5808,6568443
2018-08-17,VNQ,72.8946,71.7494,1677359
2018-08-20,GLD,118.705,118.6523,1978372
2018-08-20,IWM,125.3749,126.6571,3211775
2018-08-20,QQQ,110.3186,110.1323,3864318
2018-08-20,SPY,82.5993,81.9295,922251
2018-08-20,TLT,107.3326,107.9214,6936913
2018-08-20,VNQ,71.6129,71.069,5146038
2018-08-21,GLD,119.1961,117.035,2469094
2018-08-21,IWM,126.995,129.2588,2711116
2018-08-21,QQQ,110.4948,110.7233,1766125
2018-08-21,SPY,82.2712,80.4498,7574680
2018-08-21,TLT,107.8062,106.6001,5686701
2018-08-21,VNQ,71.1865,70.181,6440373
2018-08-22,GLD,117.3626,116.9073,4096089
2018-08-22,IWM,128.8009,129.9084,1468965
2018-08-22,QQQ,110.4875,108.5798,7056049
2018-08-22,SPY,80.2236,81.1365,8394666
2018-08-22,TLT,106.8018,106.3748,4656448
2018-08-22,VNQ,70.1775,71.9165,3122569
2018-08-23,GLD,116.7233,116.1387,3785963
2018-08-23,IWM,129.4177,126.7922,4844110
2018-08-23,QQQ,108.8549,110.5083,1867506
2018-08-23,SPY,81.3935,81.167,2225155
2018-08-23,TLT,106.405,106.7454,7850228
2018-08-23,VNQ,72.0467,70.9037,4224431
2018-08-24,GLD,116.2203,116.3314,4713738
2018-08-24,IWM,126.2962,127.2609,2368746
2018-08-24,QQQ,110.4808,113.3306,5128332
2018-08-24,SPY,81.0855,81.2799,7718046
2018-08-24,TLT,106.4811,107.6864,2421105
2018-08-24,VNQ,71.3893,70.1306,3881358
2018-08-27,GLD,115.9685,115.8723,4895606
2018-08-27,IWM,127.3399,127.7998,2897647
2018-08-27,QQQ,113.3506,114.7231,4451385
2018-08-27,SPY,81.113,80.6779,7161776
2018-08-27,TLT,107.7466,108.3729,4549449
2018-08-27,VNQ,69.9636,67.6662,1319982
2018-08-28,GLD,116.0837,116.6052,914215
2018-08-28,IWM,128.4372,127.0956,6632282
2018-08-28,QQQ,115.1696,115.3828,8294495
2018-08-28,SPY,80.7001,81.1221,8403378
2018-08-28,TLT,108.7582,109.2167,7743136
2018-08-28,VNQ,67.5335,66.2158,1257625
2018-08-29,GLD,116.7151,117.5651,1156294
2018-08-29,IWM,127.1253,127.2483,6087794
2018-08-29,QQQ,115.4138,115.2075,6079578
2018-08-29,SPY,81.0755,80.7047,4008674
2018-08-29,TLT,109.3282,110.3248,4929218
2018-08-29,VNQ,65.987,66.2501,3011860
2018-08-30,GLD,117.407,117.9623,4099212
2018-08-30,IWM,127.6522,124.627,4230975
2018-08-30,QQQ,116.4723,116.8481,1254498
2018-08-30,SPY,80.4916,80.6309,6870773
2018-08-30,TLT,110.4852,111.1757,7616055
2018-08-30,VNQ,66.3962,65.07,5374607
2018-08-31,GLD,117.9444,118.3689,7146805
2018-08-31,IWM,124.2584,126.9702,8106127
2018-08-31,QQQ,116.7174,111.4952,4974797
2018-08-31,SPY,80.2868,79.7284,1497915
2018-08-31,TLT,111.5132,110.4249,3924687
2018-08-31,VNQ,65.1576,62.7418,2593166
2018-09-03,GLD,118.3105,118.5264,4503687
2018-09-03,IWM,127.6173,127.8209,1094942
2018-09-03,QQQ,111.1225,111.3662,4179754
2018-09-03,SPY,79.5275,78.7448,918755
2018-09-03,TLT,110.9712,110.5269,7440420
2018-09-03,VNQ,62.7584,62.3825,8416245
2018-09-04,GLD,118.3598,118.0788,7257816
2018-09-04,IWM,127.4424,126.8902,7766292
2018-09-04,QQQ,110.5273,111.8794,6814850
2018-09-04,SPY,79.0515,79.9276,1170867
2018-09-04,TLT,110.5634,109.8788,8106257
2018-09-04,VNQ,62.474,62.3277,7101588
2018-09-05,GLD,118.4594,117.948,8216094
2018-09-05,IWM,126.3746,127.396,5139009
2018-09-05,QQQ,111.3524,108.6495,8392245
2018-09-05,SPY,80.3486,79.5428,1781378
2018-09-05,TLT,109.7605,107.6388,6274215
2018-09-05,VNQ,62.1498,62.3996,3162594
2018-09-06,GLD,118.828,117.4489,5157275
2018-09-06,IWM,127.7582,127.7125,3591041
2018-09-06,QQQ,108.625,109.4306,1659703
2018-09-06,SPY,79.6813,79.8396,7728006
2018-09-06,TLT,107.6488,106.0977,8301477
2018-09-06,VNQ,62.5603,62.5497,1706954
2018-09-07,GLD,117.6892,117.9321,4836530
2018-09-07,IWM,128.0965,126.1948,1502449
2018-09-07,QQQ,108.6727,109.2983,5049606
2018-09-07,SPY,80.0935,79.8585,3321997
2018-09-07,TLT,106.0133,108.1137,4482182
2018-09-07,VNQ,62.4978,61.943,2065493
2018-09-10,GLD,118.2389,117.9994,2659109
2018-09-10,IWM,126.9307,121.4788,3852700
2018-09-10,QQQ,108.6805,109.3193,3620541
2018-09-10,SPY,79.7481,79.5296,3606074
2018-09-10,TLT,107.8195,107.0962,3050923
2018-09-10,VNQ,62.0745,63.9974,4553725
2018-09-11,GLD,118.0558,118.7009,4905402
2018-09-11,IWM,122.8896,116.6336,3865664
2018-09-11,QQQ,109.4977,109.565,1981457
2018-09-11,SPY,79.5131,79.1451,2278390
2018-09-11,TLT,107.0839,105.0408,3495998
2018-09-11,VNQ,63.8828,63.4168,933821
2018-09-12,GLD,118.6147,117.2706,1728136
2018-09-12,IWM,116.5035,120.1669,7322657
2018-09-12,QQQ,109.4373,110.6003,4798483
2018-09-12,SPY,79.205,79.728,4747682
2018-09-12,TLT,104.8444,104.5414,3729448
2018-09-12,VNQ,63.4518,63.6257,7085411
2018-09-13,GLD,117.8922,118.3092,1481033
2018-09-13,IWM,120.6973,118.2988,7323587
2018-09-13,QQQ,110.1852,111.4475,7475814
2018-09-13,SPY,79.4975,79.5173,1359686
2018-09-13,TLT,104.8453,105.9937,3440479
2018-09-13,VNQ,63.4782,62.4908,2144444
2018-09-14,GLD,118.2189,117.5097,2033063
2018-09-14,IWM,117.9244,117.8595,7974215
2018-09-14,QQQ,110.6956,109.7905,7807268
2018-09-14,SPY,79.3069,79.4349,2625641
2018-09-14,TLT,105.9874,105.9926,2237543
2018-09-14,VNQ,62.6299,61.8729,6391316
2018-09-17,GLD,117.6315,116.7466,1184302
2018-09-17,IWM,118.0365,118.9039,4435615
2018-09-17,QQQ,109.4319,109.6733,6345131
2018-09-17,SPY,79.4556,79.5,7869002
2018-09-17,TLT,105.4136,106.4156,5337247
2018-09-17,VNQ,61.9553,60.5752,6738063
2018-09-18,GLD,116.7255,116.5779,8280831
2018-09-18,IWM,118.2814,118.3461,2281882
2018-09-18,QQQ,109.5693,109.4482,6080165
2018-09-18,SPY,79.4319,80.5546,7716890
2018-09-18,TLT,106.1941,106.2026,4391505
2018-09-18,VNQ,60.5671,60.603,4403403
2018-09-19,GLD,116.7525,116.0073,4395518
2018-09-19,IWM,119.2763,120.4718,3474200
2018-09-19,QQQ,109.309,109.5879,8067047
2018-09-19,SPY,80.3256,81.1906,7817818
2018-09-19,TLT,106.3017,106.1647,5537560
2018-09-19,VNQ,60.6693,60.1694,7038757
2018-09-20,GLD,116.0056,116.3751,3530731
2018-09-20,IWM,120.7142,118.8906,4529681
2018-09-20,QQQ,109.4751,108.6881,3000392
2018-09-20,SPY,81.2746,81.5706,3495431
2018-09-20,TLT,106.0422,107.3975,4511680
2018-09-20,VNQ,60.1027,59.2927,1015551
2018-09-21,GLD,116.5501,115.793,5691721
2018-09-21,IWM,119.0146,119.9277,5139433
2018-09-21,QQQ,108.5376,110.3695,3704053
2018-09-21,SPY,81.5131,81.126,6729493
2018-09-21,TLT,107.2161,108.1942,1651929
2018-09-21,VNQ,59.1586,57.7062,7531359
2018-09-24,GLD,115.4587,114.6755,6264977
2018-09-24,IWM,119.6776,116.4168,3755023
2018-09-24,QQQ,110.1701,112.6451,7250647
2018-09-24,SPY,81.3481,79.9795,1567350
2018-09-24,TLT,108.0699,108.1518,7328748
2018-09-24,VNQ,57.9525,57.9751,6846126
2018-09-25,GLD,114.6597,113.8087,2557478
2018-09-25,IWM,116.5432,117.6903,5187073
2018-09-25,QQQ,112.775,115.3453,5253106
2018-09-25,SPY,79.9784,80.8425,2823199
2018-09-25,TLT,107.9585,109.0453,7596108
2018-09-25,VNQ,58.1433,58.4397,7780569
2018-09-26,GLD,114.1892,115.2746,4837042
2018-09-26,IWM,117.6605,118.9307,1706513
2018-09-26,QQQ,115.7515,118.7975,2594384
2018-09-26,SPY,80.7775,81.7293,3114087
2018-09-26,TLT,109.1902,110.1234,1335163
2018-09-26,VNQ,58.5918,58.9219,5553993
2018-09-27,GLD,115.0052,115.3688,5257179
2018-09-27,IWM,119.4079,119.6266,3099047
2018-09-27,QQQ,119.0807,121.5922,3987769
2018-09-27,SPY,81.7572,81.6517,7377834
2018-09-27,TLT,110.0114,109.9502,7263159
2018-09-27,VNQ,58.9515,58.7314,7392496
2018-09-28,GLD,115.1987,114.1482,2881484
2018-09-28,IWM,119.5544,120.2116,6797917
2018-09-28,QQQ,121.3218,120.831,3263414
2018-09-28,SPY,81.6141,82.1724,7206172
2018-09-28,TLT,109.7299,110.2515,2269686
2018-09-28,VNQ,58.8763,59.1144,6150342
2018-10-01,GLD,114.5299,114.202,1624606
2018-10-01,IWM,119.7678,120.7415,2795248
2018-10-01,QQQ,121.2154,119.794,4603791
2018-10-01,SPY,82.0256,82.9086,7125723
2018-10-01,TLT,110.4498,110.5378,3203255
2018-10-01,VNQ,59.5925,59.6638,7779812
2018-10-02,GLD,114.3226,112.579,5519940
2018-10-02,IWM,121.0409,122.3247,3050508
2018-10-02,QQQ,120.0152,119.1554,6712524
2018-10-02,SPY,82.8194,83.6957,3631965
2018-10-02,TLT,110.25,109.9266,7073840
2018-10-02,VNQ,59.2514,59.9209,1349027
2018-10-03,GLD,112.8749,114.543,2982835
2018-10-03,IWM,122.4318,124.1051,5911659
2018-10-03,QQQ,119.3736,120.2454,2691152
2018-10-03,SPY,83.8638,84.5716,3359605
2018-10-03,TLT,109.9742,111.0864,2433910
2018-10-03,VNQ,60.0352,60.8771,3408034
2018-10-04,GLD,113.9505,112.948,3145883
2018-10-04,IWM,124.0819,122.4799,3226910
2018-10-04,QQQ,120.544,120.0889,6539569
2018-10-04,SPY,84.7181,84.2055,7306270
2018-10-04,TLT,110.838,110.9609,5265698
2018-10-04,VNQ,61.0718,60.6364,1744355
2018-10-05,GLD,112.998,113.5031,4864162
2018-10-05,IWM,123.0285,124.4329,6908811
2018-10-05,QQQ,120.3797,121.9819,6403906
2018-10-05,SPY,84.496,85.6288,1870192
2018-10-05,TLT,110.8502,110.3938,2790724
2018-10-05,VNQ,60.5369,60.6765,3800129
2018-10-08,GLD,113.1727,114.1305,2435561
2018-10-08,IWM,124.0125,122.7969,2199279
2018-10-08,QQQ,121.4621,125.1456,6669147
2018-10-08,SPY,85.2416,84.5385,4507917
2018-10-08,TLT,110.2656,108.8108,3991923
2018-10-08,VNQ,60.6714,59.4304,3123108
2018-10-09,GLD,113.767,112.6193,3235529
2018-10-09,IWM,122.61,123.1506,7754779
2018-10-09,QQQ,125.1384,124.415,4922947
2018-10-09,SPY,84.4495,85.3675,1930350
2018-10-09,TLT,108.5333,107.639,6538208
2018-10-09,VNQ,59.4539,60.8883,8442675
2018-10-10,GLD,112.7398,112.981,3936047
2018-10-10,IWM,123.3424,122.7604,5024500
2018-10-10,QQQ,124.2281,126.3532,2002090
2018-10-10,SPY,85.2728,85.8655,5387034
2018-10-10,TLT,107.4906,109.1328,6450135
2018-10-10,VNQ,61.1831,60.2187,6492022
2018-10-11,GLD,113.3086,114.0922,4280079
2018-10-11,IWM,122.8998,123.6781,3006086
2018-10-11,QQQ,125.84,125.6855,7718370
2018-10-11,SPY,85.905,86.7181,4008095
2018-10-11,TLT,109.4724,108.0762,4983944
2018-10-11,VNQ,60.1353,60.3625,5253099
2018-10-12,GLD,113.7004,114.6389,8147957
2018-10-12,IWM,123.3815,123.1439,6971675
2018-10-12,QQQ,127.1147,123.3807,2671844
2018-10-12,SPY,86.6131,88.5268,5973300
2018-10-12,TLT,107.802,108.5213,4198944
2018-10-12,VNQ,60.3267,60.7409,2670101
2018-10-15,GLD,114.3501,114.9632,6316280
2018-10-15,IWM,122.6322,123.9275,7367482
2018-10-15,QQQ,123.237,121.1135,3026302
2018-10-15,SPY,88.4052,89.9918,7224162
2018-10-15,TLT,108.9825,108.205,7464418
2018-10-15,VNQ,60.999,60.0367,6422348
2018-10-16,GLD,114.8154,116.04,8219376
2018-10-16,IWM,124.3513,123.129,2059679
2018-10-16,QQQ,120.7439,120.6068,1777205
2018-10-16,SPY,90.1807,88.9406,2506233
2018-10-16,TLT,108.3884,108.7283,7349228
2018-10-16,VNQ,60.0827,59.9151,1655743
2018-10-17,GLD,116.0161,116.2574,2256340
2018-10-17,IWM,123.5815,121.4876,6227030
2018-10-17,QQQ,120.8476,117.267,3814313
2018-10-17,SPY,88.983,87.3913,1480172
2018-10-17,TLT,109.0897,109.3415,4017058
2018-10-17,VNQ,59.75,60.3436,6345673
2018-10-18,GLD,115.9029,116.6681,6387132
2018-10-18,IWM,122.4752,123.4394,7570877
2018-10-18,QQQ,117.1508,118.2295,7023026
2018-10-18,SPY,87.1188,88.2038,1593597
2018-10-18,TLT,109.2128,108.6289,3362866
2018-10-18,VNQ,60.1117,60.1888,7268837
2018-10-19,GLD,117.3043,116.5687,5882815
2018-10-19,IWM,123.3797,124.5253,6154057
2018-10-19,QQQ,117.9924,121.0362,2728190
2018-10-19,SPY,88.5195,87.2941,4165814
2018-10-19,TLT,108.8751,108.3827,6541907
2018-10-19,VNQ,60.5766,59.8802,3583481
2018-10-22,GLD,116.7415,117.3066,7744904
2018-10-22,IWM,124.7135,125.5137,7102937
2018-10-22,QQQ,121.1527,118.9965,4746752
2018-10-22,SPY,87.5274,87.3261,6806644
2018-10-22,TLT,108.4204,108.5104,6570542
2018-10-22,VNQ,59.9576,59.565,3774682
2018-10-23,GLD,117.2172,116.307,8206575
2018-10-23,IWM,125.4824,127.3233,2182197
2018-10-23,QQQ,119.3049,118.4694,6958208
2018-10-23,SPY,87.192,88.1587,3594898
2018-10-23,TLT,108.9858,108.6524,5266380
2018-10-23,VNQ,59.7201,58.9644,3392306
2018-10-24,GLD,116.1745,117.2195,5484140
2018-10-24,IWM,127.5594,125.4401,1683557
2018-10-24,QQQ,118.6569,121.3407,1702634
2018-10-24,SPY,88.3551,86.663,6824123
2018-10-24,TLT,108.5399,108.657,7716721
2018-10-24,VNQ,58.9689,58.7656,2623859
2018-10-25,GLD,117.8764,116.6996,7169992
2018-10-25,IWM,125.8243,127.1701,7620908
2018-10-25,QQQ,121.7071,122.0535,5424391
2018-10-25,SPY,86.4926,84.7681,7682080
2018-10-25,TLT,108.9437,108.3886,5065214
2018-10-25,VNQ,58.805,58.9616,2439232
2018-10-26,GLD,117.3303,115.5408,4575451
2018-10-26,IWM,127.6592,125.294,4943865
2018-10-26,QQQ,121.6649,122.489,2446332
2018-10-26,SPY,85.024,85.0451,8274666
2018-10-26,TLT,108.2386,109.0232,2914165
2018-10-26,VNQ,58.6931,59.2255,7768000
2018-10-29,GLD,115.4168,115.9776,3751614
2018-10-29,IWM,125.9385,126.0427,3396833
2018-10-29,QQQ,122.0548,122.0789,4435949
2018-10-29,SPY,84.9955,85.1265,2062412
2018-10-29,TLT,109.3499,110.3281,6174855
2018-10-29,VNQ,59.4627,59.9676,1326362
2018-10-30,GLD,116.0827,117.8854,3796824
2018-10-30,IWM,126.3731,125.7717,3044828
2018-10-30,QQQ,122.7391,124.0475,5540848
2018-10-30,SPY,84.9437,84.9432,5567285
2018-10-30,TLT,110.2301,110.8863,1554270
2018-10-30,VNQ,59.7197,59.9384,1690038
2018-10-31,GLD,118.2472,118.999,5754547
2018-10-31,IWM,125.8978,126.3229,6151581
2018-10-31,QQQ,123.5444,124.7405,7830724
2018-10-31,SPY,84.8584,85.0186,5882422
2018-10-31,TLT,110.6058,110.1952,6792017
2018-10-31,VNQ,59.6951,59.4915,3481242
2018-11-01,GLD,118.675,118.4575,6046975
2018-11-01,IWM,126.8081,127.6606,6242487
2018-11-01,QQQ,125.0076,122.7848,5706155
2018-11-01,SPY,84.8444,84.2783,5015598
2018-11-01,TLT,109.8546,110.6107,1429299
2018-11-01,VNQ,59.3093,60.0545,6509102
2018-11-02,GLD,118.302,119.2781,1757705
2018-11-02,IWM,127.436,127.7546,4294764
2018-11-02,QQQ,122.591,118.4213,2674503
2018-11-02,SPY,84.3217,82.962,3354788
2018-11-02,TLT,110.4595,110.6999,6078252
2018-11-02,VNQ,60.1802,60.2541,1610902
2018-11-05,GLD,119.6695,118.8034,4691188
2018-11-05,IWM,128.0775,126.1152,1807098
2018-11-05,QQQ,117.7947,113.7823,6490825
2018-11-05,SPY,83.0009,82.8524,3933408
2018-11-05,TLT,111.0633,111.1809,6500743
2018-11-05,VNQ,60.1818,60.9492,4824284
2018-11-06,GLD,118.617,118.6998,6384990
2018-11-06,IWM,126.176,127.879,8130756
2018-11-06,QQQ,114.0411,114.9857,6495302
2018-11-06,SPY,82.8603,82.0323,5813537
2018-11-06,TLT,110.8487,113.034,8346835
2018-11-06,VNQ,61.2602,61.0319,2560404
2018-11-07,GLD,118.5869,118.8355,3529491
2018-11-07,IWM,128.6627,130.1327,4606893
2018-11-07,QQQ,115.3422,114.5898,1589255
2018-11-07,SPY,81.9102,80.6379,4644154
2018-11-07,TLT,112.8317,112.8499,4926031
2018-11-07,VNQ,60.7896,61.3806,2026087
2018-11-08,GLD,118.4649,116.2958,6585208
2018-11-08,IWM,130.7016,131.4851,6277379
2018-11-08,QQQ,113.5724,117.1931,4067360
2018-11-08,SPY,79.8513,81.1123,7148955
2018-11-08,TLT,112.8086,112.867,5688036
2018-11-08,VNQ,61.6067,61.6241,2433153
2018-11-09,GLD,116.0942,116.5402,1205748
2018-11-09,IWM,132.0984,133.5294,1376510
2018-11-09,QQQ,116.8092,118.1671,2677235
2018-11-09,SPY,81.1325,81.0953,2341211
2018-11-09,TLT,112.861,112.0158,6041383
2018-11-09,VNQ,61.5865,62.131,7161930
2018-11-12,GLD,116.7375,115.4447,2580308
2018-11-12,IWM,133.633,130.2142,5908928
2018-11-12,QQQ,118.2043,115.9815,5845646
2018-11-12,SPY,80.6846,81.4852,7167225
2018-11-12,TLT,112.0592,111.7581,1216544
2018-11-12,VNQ,61.9789,61.3267,4892953
2018-11-13,GLD,115.2269,114.7187,2865689
2018-11-13,IWM,129.8629,130.4025,5840289
2018-11-13,QQQ,115.0733,116.5569,8321168
2018-11-13,SPY,81.5385,80.6619,5586170
2018-11-13,TLT,112.1389,111.2253,5651712
2018-11-13,VNQ,61.3355,61.1931,4897925
2018-11-14,GLD,114.3708,113.1629,3787326
2018-11-14,IWM,130.163,130.2386,4375975
2018-11-14,QQQ,116.7639,118.7421,7289976
2018-11-14,SPY,80.9065,80.1304,7325946
2018-11-14,TLT,111.1603,112.8325,2989870
2018-11-14,VNQ,61.3207,61.2773,7879804
2018-11-15,GLD,113.0007,111.5833,7768409
2018-11-15,IWM,130.0985,126.6525,5136233
2018-11-15,QQQ,117.7426,117.1988,3666300
2018-11-15,SPY,80.1892,79.3119,1026690
2018-11-15,TLT,112.4603,113.1618,5621977
2018-11-15,VNQ,61.1977,62.5475,5336985
2018-11-16,GLD,112.0594,110.6229,5496182
2018-11-16,IWM,126.8186,126.9014,6954302
2018-11-16,QQQ,117.8296,116.3644,6925620
2018-11-16,SPY,79.2293,78.5961,3123894
2018-11-16,TLT,113.3333,112.6183,5678598
2018-11-16,VNQ,62.7539,62.4385,5266918
2018-11-19,GLD,110.6751,111.5189,4041483
2018-11-19,IWM,126.9259,126.9563,6805395
2018-11-19,QQQ,115.868,119.5328,7745477
2018-11-19,SPY,78.5582,78.7941,8051086
2018-11-19,TLT,112.5021,114.5769,6084663
2018-11-19,VNQ,62.5027,62.7435,6397319
2018-11-20,GLD,111.376,113.318,5901339
2018-11-20,IWM,127.0281,124.2627,2559602
2018-11-20,QQQ,119.5682,116.4809,2339994
2018-11-20,SPY,78.766,78.169,2996775
2018-11-20,TLT,114.507,113.2678,2185904
2018-11-20,VNQ,62.8064,62.5517,6794835
2018-11-21,GLD,113.3645,113.3202,2269649
2018-11-21,IWM,124.6804,122.8058,6094535
2018-11-21,QQQ,115.8307,114.638,3087856
2018-11-21,SPY,78.0542,78.5003,4293768
2018-11-21,TLT,113.2889,114.1563,7099119
2018-11-21,VNQ,62.3185,60.9123,5102408
2018-11-22,GLD,113.4444,114.5243,5614100
2018-11-22,IWM,123.252,123.0031,2532892
2018-11-22,QQQ,115.1957,116.5343,7926234
2018-11-22,SPY,78.3777,78.8189,1832256
2018-11-22,TLT,114.5453,115.2086,6451129
2018-11-22,VNQ,60.8039,61.8126,3073941
2018-11-23,GLD,114.5622,114.2675,7273528
2018-11-23,IWM,123.3029,124.1261,1662300
2018-11-23,QQQ,116.3015,116.947,6945404
2018-11-23,SPY,78.6242,80.5799,7678101
2018-11-23,TLT,115.5113,115.8176,7697452
2018-11-23,VNQ,61.5583,62.2839,8465926
2018-11-26,GLD,113.7829,112.2492,6589846
2018-11-26,IWM,124.1829,125.4509,1786631
2018-11-26,QQQ,116.5131,115.0046,5761739
2018-11-26,SPY,80.8366,79.419,2840547
2018-11-26,TLT,115.82,115.5749,3522788
2018-11-26,VNQ,62.2061,63.2063,4841607
2018-11-27,GLD,112.3332,112.4355,7517607
2018-11-27,IWM,125.999,123.5023,5350740
2018-11-27,QQQ,115.0383,112.5604,4678573
2018-11-27,SPY,79.4157,80.2099,7993758
2018-11-27,TLT,115.4767,115.4664,4268259
2018-11-27,VNQ,63.3427,62.0913,1672544
2018-11-28,GLD,112.3825,112.9368,7364805
2018-11-28,IWM,123.2928,121.6335,2833628
2018-11-28,QQQ,112.4181,113.4103,8287484
2018-11-28,SPY,80.4155,80.1648,1807076
2018-11-28,TLT,115.5726,115.14,7260864
2018-11-28,VNQ,62.324,62.2575,6759653
2018-11-29,GLD,113.167,112.5066,1222682
2018-11-29,IWM,121.7524,120.7886,2582936
2018-11-29,QQQ,112.1405,115.5706,1168655
2018-11-29,SPY,80.1112,80.1842,7266326
2018-11-29,TLT,114.9392,115.9634,7435076
2018-11-29,VNQ,61.9857,62.3404,4116179
2018-11-30,GLD,112.1492,112.8542,4468672
2018-11-30,IWM,120.6196,120.7433,2501892
2018-11-30,QQQ,115.2799,117.0833,1793067
2018-11-30,SPY,80.1997,78.9795,6858408
2018-11-30,TLT,115.5047,113.6275,2195707
2018-11-30,VNQ,61.9864,61.083,5991988
2018-12-03,GLD,113.139,113.492,6395771
2018-12-03,IWM,120.9611,119.7828,7103640
2018-12-03,QQQ,117.1589,117.8727,8296279
2018-12-03,SPY,78.9435,78.6215,1065946
2018-12-03,TLT,113.4533,113.1374,1764377
2018-12-03,VNQ,61.1486,61.386,1053072
2018-12-04,GLD,113.3615,112.5948,1014644
2018-12-04,IWM,119.1224,119.4908,2507533
2018-12-04,QQQ,117.4313,120.6283,3116149
2018-12-04,SPY,78.7189,79.2798,1259617
2018-12-04,TLT,113.3732,113.3097,1525485
2018-12-04,VNQ,61.34,60.8705,4380316
2018-12-05,GLD,112.1417,111.0587,4982227
2018-12-05,IWM,119.6094,120.7665,3983858
2018-12-05,QQQ,120.6967,121.2572,7106341
2018-12-05,SPY,79.4555,79.2397,5538516
2018-12-05,TLT,113.1329,112.7505,2515204
2018-12-05,VNQ,60.664,61.1913,1016335
2018-12-06,GLD,111.4129,110.8504,7027231
2018-12-06,IWM,120.3079,122.0107,5583336
2018-12-06,QQQ,121.1131,119.7994,7998240
2018-12-06,SPY,79.2905,79.338,2356982
2018-12-06,TLT,112.6172,110.9768,8163197
2018-12-06,VNQ,61.3407,59.886,8191619
2018-12-07,GLD,110.7169,110.6527,4005565
2018-12-07,IWM,121.3557,122.2953,1790378
2018-12-07,QQQ,120.145,123.5969,7194179
2018-12-07,SPY,79.195,79.1205,8224376
2018-12-07,TLT,111.326,110.7582,2180402
2018-12-07,VNQ,59.7486,59.1802,5160405
2018-12-10,GLD,110.7531,110.3073,1730918
2018-12-10,IWM,122.0984,120.3287,4879581
2018-12-10,QQQ,123.3304,121.3709,4780336
2018-12-10,SPY,78.9555,80.134,6905226
2018-12-10,TLT,111.1099,110.0413,5370139
2018-12-10,VNQ,59.0447,58.6081,2944305
2018-12-11,GLD,110.2667,111.3635,7805022
2018-12-11,IWM,120.4675,119.514,2931141
2018-12-11,QQQ,122.0623,121.1824,4554061
2018-12-11,SPY,80.4908,80.1445,5421888
2018-12-11,TLT,110.3974,110.8386,5406992
2018-12-11,VNQ,58.5486,57.4546,3870601
2018-12-12,GLD,111.655,113.2165,4928585
2018-12-12,IWM,119.4175,120.5324,8140419
2018-12-12,QQQ,120.8911,121.1061,1545996
2018-12-12,SPY,80.0844,78.3059,6740432
2018-12-12,TLT,110.6462,112.2307,4580909
2018-12-12,VNQ,57.4039,57.4436,3343185
2018-12-13,GLD,113.5159,112.7935,6143577
2018-12-13,IWM,121.0031,122.0998,8330873
2018-12-13,QQQ,121.0613,123.8133,6656613
2018-12-13,SPY,78.2449,77.755,963792
2018-12-13,TLT,112.3511,112.3166,4680859
2018-12-13,VNQ,57.7029,58.3371,6858411
2018-12-14,GLD,113.0943,113.5623,6323565
2018-12-14,IWM,122.6134,124.0318,2580545
2018-12-14,QQQ,123.5818,122.4491,1017165
2018-12-14,SPY,78.0606,76.1593,8298517
2018-12-14,TLT,112.6491,110.4336,4599750
2018-12-14,VNQ,58.356,58.2714,2775513
2018-12-17,GLD,113.7566,114.5977,2063169
2018-12-17,IWM,123.5845,122.1766,4430580
2018-12-17,QQQ,121.8951,121.9944,4209163
2018-12-17,SPY,76.3814,73.5784,7703690
2018-12-17,TLT,110.6814,110.2587,6017568
2018-12-17,VNQ,58.3876,58.6786,2056153
2018-12-18,GLD,114.1593,115.3935,7035245
2018-12-18,IWM,121.4285,121.3939,4508553
2018-12-18,QQQ,121.921,118.809,5551486
2018-12-18,SPY,73.6836,73.1868,3815428
2018-12-18,TLT,110.1645,109.3792,2812885
2018-12-18,VNQ,58.5555,59.7119,1056042
2018-12-19,GLD,114.9335,116.5619,2095931
2018-12-19,IWM,120.9081,119.3196,6900999
2018-12-19,QQQ,118.5003,119.4711,6837781
2018-12-19,SPY,73.1085,74.2644,6756237
2018-12-19,TLT,109.326,110.0542,6948077
2018-12-19,VNQ,59.4481,60.0725,946867
2018-12-20,GLD,116.618,116.1541,4930941
2018-12-20,IWM,119.8292,114.3747,2705247
2018-12-20,QQQ,119.8417,120.3321,1618039
2018-12-20,SPY,74.7337,74.3265,1242797
2018-12-20,TLT,109.871,111.7231,5388486
2018-12-20,VNQ,60.3666,59.7412,5072131
2018-12-21,GLD,115.8913,116.9887,8055130
2018-12-21,IWM,114.0895,112.6118,2827279
2018-12-21,QQQ,120.2849,121.576,6071605
2018-12-21,SPY,74.4047,73.4231,3188352
2018-12-21,TLT,111.5898,112.0508,8051424
2018-12-21,VNQ,60.0833,58.278,2084097
2018-12-24,GLD,117.1187,119.2678,5710872
2018-12-24,IWM,112.651,109.7903,6336334
2018-12-24,QQQ,121.9997,119.9376,2519780
2018-12-24,SPY,73.5307,72.7107,7042125
2018-12-24,TLT,112.1401,114.0945,4958354
2018-12-24,VNQ,58.1791,58.4826,5428053
2018-12-25,GLD,119.3151,120.1963,7348193
2018-12-25,IWM,110.3224,112.0613,2665387
2018-12-25,QQQ,120.3465,120.4197,7817000
2018-12-25,SPY,72.6774,73.6199,1965312
2018-12-25,TLT,114.1851,115.6427,5695751
2018-12-25,VNQ,58.2259,58.1929,3076131
2018-12-26,GLD,119.7925,119.513,8230352
2018-12-26,IWM,111.7528,112.8649,2364041
2018-12-26,QQQ,120.222,118.8724,4572255
2018-12-26,SPY,73.3417,73.7675,3075777
2018-12-26,TLT,115.4187,116.3688,3701070
2018-12-26,VNQ,57.9022,57.8114,4712518
2018-12-27,GLD,119.2184,120.2196,1540808
2018-12-27,IWM,112.6847,111.8515,6776972
2018-12-27,QQQ,118.798,118.0653,3161387
2018-12-27,SPY,73.5044,73.8285,5918714
2018-12-27,TLT,116.535,115.5024,8228949
2018-12-27,VNQ,57.6701,58.287,6637528
2018-12-28,GLD,119.8953,121.6803,6753255
2018-12-28,IWM,111.9166,111.991,4333580
2018-12-28,QQQ,119.2905,117.9754,8330490
2018-12-28,SPY,73.9089,73.8089,6776053
2018-12-28,TLT,115.5505,115.728,3356679
2018-12-28,VNQ,57.9406,58.6354,3987366
2018-12-31,GLD,121.4232,122.123,5308460
2018-12-31,IWM,112.017,112.6972,2463431
2018-12-31,QQQ,118.4287,120.3545,8252408
2018-12-31,SPY,73.8864,73.8616,7049856
2018-12-31,TLT,116.0553,114.3812,3692762
2018-12-31,VNQ,58.9152,57.4497,6969581
2019-01-01,GLD,122.0624,121.4916,3060174
2019-01-01,IWM,112.8633,115.6239,2394663
2019-01-01,QQQ,120.4922,119.6061,3592661
2019-01-01,SPY,73.8142,74.5238,1047197
2019-01-01,TLT,114.2447,115.5598,3252586
2019-01-01,VNQ,57.1303,57.5738,4934039
2019-01-02,GLD,121.6884,123.2929,5632247
2019-01-02,IWM,115.4659,116.9653,6621683
2019-01-02,QQQ,120.4181,119.9707,3933964
2019-01-02,SPY,74.2904,74.9882,4128193
2019-01-02,TLT,115.615,115.8145,5184525
2019-01-02,VNQ,57.6686,57.2921,3575372
2019-01-03,GLD,123.6862,121.8616,8004220
2019-01-03,IWM,116.6725,119.6137,3500771
2019-01-03,QQQ,119.664,118.4921,5250698
2019-01-03,SPY,74.6993,75.1835,1164543
2019-01-03,TLT,115.2434,117.3665,4741476
2019-01-03,VNQ,57.2513,57.856,8410341
2019-01-04,GLD,121.5797,122.4584,2822770
2019-01-04,IWM,119.369,120.4933,3909403
2019-01-04,QQQ,117.7955,117.5172,3246941
2019-01-04,SPY,75.1175,74.3699,4119727
2019-01-04,TLT,117.565,117.8127,5847079
2019-01-04,VNQ,57.5971,57.7909,2466472
2019-01-07,GLD,122.2936,122.4549,6053623
2019-01-07,IWM,120.0236,122.8251,7897409
2019-01-07,QQQ,117.9818,116.3177,2024889
2019-01-07,SPY,74.0805,74.7992,5445600
2019-01-07,TLT,117.9624,115.9627,2545331
2019-01-07,VNQ,57.7257,58.412,3217629
2019-01-08,GLD,122.9086,121.096,4985581
2019-01-08,IWM,123.1692,125.4588,4912378
2019-01-08,QQQ,116.1615,116.0776,2765092
2019-01-08,SPY,74.9794,74.2738,2840848
2019-01-08,TLT,116.1816,116.7805,3588588
2019-01-08,VNQ,58.5776,57.8812,2358547
2019-01-09,GLD,121.3538,122.5137,3196353
2019-01-09,IWM,125.5256,127.202,3568811
2019-01-09,QQQ,115.3676,117.4686,3284587
2019-01-09,SPY,74.5034,75.1697,6099239
2019-01-09,TLT,116.7908,117.9014,3138460
2019-01-09,VNQ,57.7273,57.5443,5006174
2019-01-10,GLD,122.5814,122.9309,4902236
2019-01-10,IWM,127.0122,127.3007,6202965
2019-01-10,QQQ,117.1401,115.5565,2717944
2019-01-10,SPY,75.7412,74.1735,2936919
2019-01-10,TLT,117.9103,119.8064,1644509
2019-01-10,VNQ,57.603,57.1068,3380322
2019-01-11,GLD,122.2445,121.5962,2998093
2019-01-11,IWM,128.4263,129.3764,3969297
2019-01-11,QQQ,115.6038,116.8535,4094711
2019-01-11,SPY,74.3481,74.084,5171108
2019-01-11,TLT,119.792,118.9452,7101119
2019-01-11,VNQ,56.8369,56.9281,7573841
2019-01-14,GLD,121.3039,122.3022,8251348
2019-01-14,IWM,128.9412,128.6809,2331800
2019-01-14,QQQ,116.3963,115.2156,4968266
2019-01-14,SPY,73.9665,74.0977,5551371
2019-01-14,TLT,119.273,118.1419,3960887
2019-01-14,VNQ,56.838,56.7072,1041777
2019-01-15,GLD,122.3477,121.8167,4266385
2019-01-15,IWM,128.2238,131.4122,6282196
2019-01-15,QQQ,115.2615,115.8304,5399400
2019-01-15,SPY,73.925,73.0729,4944754
2019-01-15,TLT,117.8949,118.3701,6653365
2019-01-15,VNQ,56.6201,57.5051,2264277
2019-01-16,GLD,121.6447,119.6575,3722866
2019-01-16,IWM,130.8933,130.9321,5301565
2019-01-16,QQQ,116.1447,114.8954,1009609
2019-01-16,SPY,72.4007,74.4519,1009287
2019-01-16,TLT,118.3499,117.4321,7764480
2019-01-16,VNQ,57.4574,56.7543,3460418
2019-01-17,GLD,120.2258,118.8921,4772285
2019-01-17,IWM,130.5461,129.6874,3972266
2019-01-17,QQQ,115.1293,114.3966,6784507
2019-01-17,SPY,74.3334,75.6444,5438075
2019-01-17,TLT,117.5925,116.1694,1967344
2019-01-17,VNQ,57.0605,56.7638,6591605
2019-01-18,GLD,118.917,119.1991,7017229
2019-01-18,IWM,129.8837,133.3182,6042007
2019-01-18,QQQ,114.8993,113.7448,6787528
2019-01-18,SPY,75.6086,75.2884,3535262
2019-01-18,TLT,116.0827,115.2032,7553439
2019-01-18,VNQ,56.6403,55.8934,1724739
2019-01-21,GLD,119.2788,119.9274,7321442
2019-01-21,IWM,133.3773,132.5673,1303538
2019-01-21,QQQ,113.1153,115.6715,3555507
2019-01-21,SPY,75.4837,75.9316,1895149
2019-01-21,TLT,114.9754,118.0154,1817472
2019-01-21,VNQ,55.7566,54.8473,4015147
2019-01-22,GLD,119.6126,120.1248,7285610
2019-01-22,IWM,131.9477,132.9214,8175390
2019-01-22,QQQ,116.6962,116.1326,6166396
2019-01-22,SPY,76.0561,76.2584,5827899
2019-01-22,TLT,117.9442,117.5016,5316709
2019-01-22,VNQ,54.7802,54.393,3036548
2019-01-23,GLD,119.8252,120.1852,4370595
2019-01-23,IWM,133.1492,130.928,7876665
2019-01-23,QQQ,115.1887,118.0433,1652156
2019-01-23,SPY,76.3786,74.1711,1383548
2019-01-23,TLT,117.5884,116.5861,1919504
2019-01-23,VNQ,54.2443,53.3312,4461938
2019-01-24,GLD,119.9935,120.7289,2720430
2019-01-24,IWM,131.9455,129.646,4425107
2019-01-24,QQQ,117.7043,117.4022,3472795
2019-01-24,SPY,74.2135,74.3874,2334757
2019-01-24,TLT,116.9966,116.2493,3640150
2019-01-24,VNQ,53.378,53.3998,3287512
2019-01-25,GLD,120.5479,120.4968,6304926
2019-01-25,IWM,130.0518,129.048,3895674
2019-01-25,QQQ,116.8598,116.9852,3678309
2019-01-25,SPY,74.5192,74.3555,3555450
2019-01-25,TLT,116.1224,116.3681,1144984
2019-01-25,VNQ,53.649,52.8655,5313013
2019-01-28,GLD,120.4286,121.8522,1574157
2019-01-28,IWM,129.4258,127.2491,6241563
2019-01-28,QQQ,117.2611,119.8767,4871029
2019-01-28,SPY,74.6442,74.4384,2180234
2019-01-28,TLT,115.824,117.8139,4686162
2019-01-28,VNQ,53.4507,52.4672,4512264
2019-01-29,GLD,121.9599,122.0309,3446553
2019-01-29,IWM,127.4254,129.5569,8297511
2019-01-29,QQQ,119.9971,116.9267,8430079
2019-01-29,SPY,74.2265,73.601,5063125
2019-01-29,TLT,118.0833,118.9126,1057955
2019-01-29,VNQ,52.6518,52.7162,6998930
2019-01-30,GLD,122.099,122.3772,6899751
2019-01-30,IWM,129.176,128.2407,1043741
2019-01-30,QQQ,117.5497,115.3826,3234125
2019-01-30,SPY,73.511,73.4049,6468346
2019-01-30,TLT,118.9186,119.8539,2997078
2019-01-30,VNQ,52.6296,53.7004,2635553
2019-01-31,GLD,122.669,123.0107,4464805
2019-01-31,IWM,129.3007,125.9637,2515468
2019-01-31,QQQ,115.8399,115.0697,1358984
2019-01-31,SPY,73.1325,73.2804,2791345
2019-01-31,TLT,120.018,120.0112,2746371
2019-01-31,VNQ,54.0098,53.297,3438177
2019-02-01,GLD,122.6134,121.794,6980287
2019-02-01,IWM,126.2201,128.0498,7790474
2019-02-01,QQQ,115.4378,118.2787,2498975
2019-02-01,SPY,73.5987,74.2342,8179666
2019-02-01,TLT,119.9889,120.2869,2572755
2019-02-01,VNQ,52.9978,51.9632,8304089
2019-02-04,GLD,121.8542,120.986,3364609
2019-02-04,IWM,129.0296,129.4047,2368891
2019-02-04,QQQ,118.2735,117.1894,4552406
2019-02-04,SPY,74.4923,74.5157,2260507
2019-02-04,TLT,120.2826,119.7201,8061044
2019-02-04,VNQ,52.3517,51.659,1731937
2019-02-05,GLD,121.0542,122.7513,1515017
2019-02-05,IWM,129.8302,125.1508,5491746
2019-02-05,QQQ,117.3869,118.5993,7914321
2019-02-05,SPY,74.6659,74.5262,7538637
2019-02-05,TLT,119.2198,118.2468,7241910
2019-02-05,VNQ,51.5119,51.6089,2640346
2019-02-06,GLD,123.2162,123.1454,3880630
2019-02-06,IWM,125.7942,124.1562,8007030
2019-02-06,QQQ,118.4832,121.465,5526820
2019-02-06,SPY,74.2874,75.7714,4292517
2019-02-06,TLT,118.395,120.4987,1390294
2019-02-06,VNQ,51.5344,52.2995,1550442
2019-02-07,GLD,123.0802,122.8212,3425963
2019-02-07,IWM,124.3316,125.993,4909406
2019-02-07,QQQ,121.9981,121.0245,4376383
2019-02-07,SPY,75.8065,75.3367,6707651
2019-02-07,TLT,120.2094,120.1199,4066705
2019-02-07,VNQ,52.1898,52.2269,5218317
2019-02-08,GLD,122.9157,123.2218,6214211
2019-02-08,IWM,126.1274,124.6306,2140390
2019-02-08,QQQ,121.3707,120.6993,4379979
2019-02-08,SPY,75.2894,75.0373,4013686
2019-02-08,TLT,120.2911,121.303,6216888
2019-02-08,VNQ,52.3362,51.6107,6537131
2019-02-11,GLD,122.981,122.6656,2688895
2019-02-11,IWM,123.8543,124.1616,4845004
2019-02-11,QQQ,121.3296,123.7785,7783110
2019-02-11,SPY,75.0536,73.6052,7564224
2019-02-11,TLT,120.7951,121.0684,8160073
2019-02-11,VNQ,51.492,52.1671,4024034
2019-02-12,GLD,122.7884,122.9917,2660901
2019-02-12,IWM,124.7998,123.763,7210490
2019-02-12,QQQ,123.8886,122.737,6167726
2019-02-12,SPY,73.5681,74.866,2942130
2019-02-12,TLT,121.3776,121.0737,3659717
2019-02-12,VNQ,52.2244,52.8367,6328011
2019-02-13,GLD,123.1073,122.2225,2768334
2019-02-13,IWM,124.3165,119.8109,5971612
2019-02-13,QQQ,122.6962,120.7875,7264717
2019-02-13,SPY,74.9703,75.6566,1156907
2019-02-13,TLT,121.0218,121.0104,5510969
2019-02-13,VNQ,52.9218,52.6711,6888815
2019-02-14,GLD,122.0383,122.5436,4620018
2019-02-14,IWM,119.6784,118.311,1811822
2019-02-14,QQQ,121.0967,122.2986,5253374
2019-02-14,SPY,75.5767,76.4164,7945479
2019-02-14,TLT,120.3932,119.6476,1377833
2019-02-14,VNQ,52.6359,52.8229,3844821
2019-02-15,GLD,122.4142,120.7317,1203001
2019-02-15,IWM,118.3937,119.6688,4041518
2019-02-15,QQQ,122.1129,121.3358,6211323
2019-02-15,SPY,76.5914,76.9788,5661387
2019-02-15,TLT,119.6702,119.6622,5758764
2019-02-15,VNQ,52.8855,53.0241,7860376
2019-02-18,GLD,120.7214,122.2605,6538966
2019-02-18,IWM,119.7765,122.2423,5719731
2019-02-18,QQQ,121.2561,123.7275,2270879
2019-02-18,SPY,77.0286,77.0825,8066454
2019-02-18,TLT,119.6784,120.1609,4657510
2019-02-18,VNQ,52.9677,54.7276,7705636
2019-02-19,GLD,122.4288,121.6699,8176773
2019-02-19,IWM,122.2503,122.1441,4196554
2019-02-19,QQQ,123.3305,124.727,2863466
2019-02-19,SPY,77.0221,77.2732,2928152
2019-02-19,TLT,120.1787,121.1384,3923056
2019-02-19,VNQ,55.1187,54.2846,5563478
2019-02-20,GLD,121.3354,119.8655,977572
2019-02-20,IWM,122.1344,121.9944,4413092
2019-02-20,QQQ,125.0131,121.4492,4550424
2019-02-20,SPY,77.2501,77.0772,1255581
2019-02-20,TLT,120.835,121.7623,4786614
2019-02-20,VNQ,54.4595,53.9727,1907789
2019-02-21,GLD,120.1179,119.6119,2901596
2019-02-21,IWM,122.3784,123.0201,6781725
2019-02-21,QQQ,121.5868,121.9487,5470371
2019-02-21,SPY,76.9863,76.9213,4245197
2019-02-21,TLT,122.348,122.9573,6559330
2019-02-21,VNQ,54.0391,53.8751,6023851
2019-02-22,GLD,119.516,119.1925,4007164
2019-02-22,IWM,122.9557,123.3625,2238321
2019-02-22,QQQ,121.6648,121.9556,5833944
2019-02-22,SPY,77.0891,76.9778,4548517
2019-02-22,TLT,122.811,123.3705,5245511
2019-02-22,VNQ,53.6493,54.3309,5374171
2019-02-25,GLD,119.7331,119.3631,4732707
2019-02-25,IWM,123.6209,124.3222,3180448
2019-02-25,QQQ,122.9284,120.7235,6245180
2019-02-25,SPY,76.9218,78.2458,4854085
2019-02-25,TLT,123.6289,123.4562,2359224
2019-02-25,VNQ,54.4066,54.1002,7982472
2019-02-26,GLD,119.779,118.0767,6772195
2019-02-26,IWM,124.7569,122.8028,4650977
2019-02-26,QQQ,121.0093,122.7406,5377292
2019-02-26,SPY,78.3076,78.7242,2706951
2019-02-26,TLT,122.7729,121.4218,4581319
2019-02-26,VNQ,53.9117,54.4196,5498565
2019-02-27,GLD,117.9618,118.519,4169486
2019-02-27,IWM,122.4815,122.89,7049340
2019-02-27,QQQ,122.6549,119.4805,3074780
2019-02-27,SPY,78.6416,78.6861,7502896
2019-02-27,TLT,121.5733,120.9353,4180634
2019-02-27,VNQ,54.2833,55.0072,7609211
2019-02-28,GLD,118.3408,122.6447,5888343
2019-02-28,IWM,123.1787,123.8396,5964807
2019-02-28,QQQ,119.0851,117.2207,6767255
2019-02-28,SPY,78.3739,78.2102,3454382
2019-02-28,TLT,121.0531,122.69,2728328
2019-02-28,VNQ,55.2578,56.3542,1659584
2019-03-01,GLD,123.3656,121.1689,1178601
2019-03-01,IWM,123.9999,124.9621,4419862
2019-03-01,QQQ,116.8599,116.3262,6688088
2019-03-01,SPY,78.4001,77.6906,4378588
2019-03-01,TLT,122.6714,122.907,984664
2019-03-01,VNQ,56.3638,56.2194,4436473
2019-03-04,GLD,121.3503,121.5528,7093486
2019-03-04,IWM,125.2994,122.2205,5845934
2019-03-04,QQQ,116.2785,117.711,4007963
2019-03-04,SPY,77.4708,79.0459,1116431
2019-03-04,TLT,123.2275,123.8588,8488351
2019-03-04,VNQ,56.0167,55.9764,4874306
2019-03-05,GLD,121.7167,121.1927,5363953
2019-03-05,IWM,122.2498,123.7303,8062458
2019-03-05,QQQ,116.9802,114.9792,4156970
2019-03-05,SPY,79.1897,79.4861,4292081
2019-03-05,TLT,123.6835,123.7115,2248959
2019-03-05,VNQ,56.1694,55.7201,6232712
2019-03-06,GLD,121.0693,121.4092,2853816
2019-03-06,IWM,123.4565,123.9845,3252815
2019-03-06,QQQ,114.5919,113.8547,7908839
2019-03-06,SPY,79.5756,79.5535,1508623
2019-03-06,TLT,123.8207,123.0614,4647094
2019-03-06,VNQ,56.1129,54.4206,7347500
2019-03-07,GLD,121.3707,119.3439,6203355
2019-03-07,IWM,124.442,124.3113,1476142
2019-03-07,QQQ,113.9547,112.6063,5058514
2019-03-07,SPY,79.2016,79.2687,4954183
2019-03-07,TLT,123.0311,125.3876,3896814
2019-03-07,VNQ,54.172,53.6025,6612821
2019-03-08,GLD,119.5728,118.048,5569901
2019-03-08,IWM,123.6604,121.2092,5596911
2019-03-08,QQQ,112.9829,110.0367,2669671
2019-03-08,SPY,79.0685,78.342,1154764
2019-03-08,TLT,125.4498,125.8675,7020025
2019-03-08,VNQ,53.5066,53.6806,2768253
2019-03-11,GLD,118.221,118.5566,3660904
2019-03-11,IWM,120.3928,121.3229,7359835
2019-03-11,QQQ,109.5464,109.3659,8163335
2019-03-11,SPY,78.2342,78.2949,3159308
2019-03-11,TLT,125.5861,127.622,1599095
2019-03-11,VNQ,53.6394,53.7599,2245332
2019-03-12,GLD,118.3217,118.5079,3242108
2019-03-12,IWM,121.9353,118.6195,7478619
2019-03-12,QQQ,109.8584,107.4476,8410914
2019-03-12,SPY,78.123,79.0396,1855042
2019-03-12,TLT,127.7894,128.3045,4548695
2019-03-12,VNQ,53.8548,55.5027,1058411
2019-03-13,GLD,118.8595,120.3471,1701993
2019-03-13,IWM,118.7642,114.4024,2588505
2019-03-13,QQQ,107.7817,106.6803,1291341
2019-03-13,SPY,78.7898,78.7165,1568259
2019-03-13,TLT,128.4463,128.0541,3244239
2019-03-13,VNQ,55.4122,56.3453,8242689
2019-03-14,GLD,120.435,119.5418,1541484
2019-03-14,IWM,113.8209,114.6031,4928883
2019-03-14,QQQ,106.2534,107.1061,5455385
2019-03-14,SPY,78.8726,78.5333,5834414
2019-03-14,TLT,128.1257,125.625,7515504
2019-03-14,VNQ,56.2169,56.868,7567309
2019-03-15,GLD,119.2699,119.7321,6101385
2019-03-15,IWM,114.0298,114.6403,1541984
2019-03-15,QQQ,106.5166,105.5966,3806003
2019-03-15,SPY,78.483,78.3556,8429075
2019-03-15,TLT,125.6992,125.8059,5321064
2019-03-15,VNQ,56.7192,57.8977,3285793
2019-03-18,GLD,120.0162,123.0662,6873508
2019-03-18,IWM,114.4689,114.7816,2440467
2019-03-18,QQQ,105.8337,104.1696,4487175
2019-03-18,SPY,78.4365,78.4553,1495383
2019-03-18,TLT,125.6881,124.1576,5772360
2019-03-18,VNQ,58.0451,57.4071,6443292
2019-03-19,GLD,123.014,122.1714,1434037
2019-03-19,IWM,114.0386,115.1224,3881548
2019-03-19,QQQ,104.4255,102.5794,3466861
2019-03-19,SPY,78.3649,77.1355,4556283
2019-03-19,TLT,123.9837,121.8248,6525116
2019-03-19,VNQ,57.2789,56.9778,5179625
2019-03-20,GLD,122.3993,121.1243,3170836
2019-03-20,IWM,115.5611,115.1716,3819920
2019-03-20,QQQ,102.4835,101.2246,4602889
2019-03-20,SPY,77.1986,76.9484,7633349
2019-03-20,TLT,121.7564,123.2415,1766574
2019-03-20,VNQ,57.0719,56.424,6212494
2019-03-21,GLD,120.9636,121.0756,5527556
2019-03-21,IWM,114.3325,117.0745,8067577
2019-03-21,QQQ,101.5147,98.8038,2928015
2019-03-21,SPY,76.7938,76.2543,7823643
2019-03-21,TLT,123.3333,124.1056,6506350
2019-03-21,VNQ,56.2314,56.2876,3182356
2019-03-22,GLD,121.1797,121.0157,6470151
2019-03-22,IWM,116.5539,118.5127,1375846
2019-03-22,QQQ,100.0043,97.0085,3393469
2019-03-22,SPY,76.2489,76.9866,6999805
2019-03-22,TLT,123.7696,124.8863,7189022
2019-03-22,VNQ,56.2673,57.798,4004882
2019-03-25,GLD,120.547,121.9756,5390253
2019-03-25,IWM,118.2323,121.3976,1754750
2019-03-25,QQQ,97.0015,97.1414,6011089
2019-03-25,SPY,77.1067,76.3602,977588
2019-03-25,TLT,124.8509,125.0158,2878710
2019-03-25,VNQ,57.5048,57.5843,7775228
2019-03-26,GLD,122.0836,122.1153,6760355
2019-03-26,IWM,121.3189,125.9901,1133232
2019-03-26,QQQ,97.6722,95.8123,2535343
2019-03-26,SPY,76.3694,76.8396,2946210
2019-03-26,TLT,125.4332,125.0502,8208852
2019-03-26,VNQ,57.402,57.1003,1896684
2019-03-27,GLD,121.6725,121.2352,2327039
2019-03-27,IWM,124.9936,127.4809,2536351
2019-03-27,QQQ,95.6329,100.6328,3690201
2019-03-27,SPY,76.7457,78.1103,1036394
2019-03-27,TLT,125.2418,125.5919,2847083
2019-03-27,VNQ,57.0929,57.1073,5232643
2019-03-28,GLD,121.2819,121.4673,7025171
2019-03-28,IWM,126.5125,129.044,8254461
2019-03-28,QQQ,100.101,99.3519,6866665
2019-03-28,SPY,77.8834,77.8542,6155499
2019-03-28,TLT,125.3295,125.8378,5471966
2019-03-28,VNQ,57.0965,57.6852,4522414
2019-03-29,GLD,120.734,124.5228,6947397
2019-03-29,IWM,129.2893,132.7273,6855276
2019-03-29,QQQ,98.9647,99.9977,6345615
2019-03-29,SPY,77.8891,77.3597,3892715
2019-03-29,TLT,126.1729,125.9894,2159067
2019-03-29,VNQ,57.585,58.0098,2553337
2019-04-01,GLD,124.5032,126.0168,3104052
2019-04-01,IWM,133.3073,131.1435,2303590
2019-04-01,QQQ,99.3958,97.6967,7530292
2019-04-01,SPY,77.4311,77.5237,8134805
2019-04-01,TLT,125.5243,126.8878,2293293
2019-04-01,VNQ,58.2434,58.6115,957919
2019-04-02,GLD,126.2337,122.7355,5944692
2019-04-02,IWM,130.961,130.6127,1860179
2019-04-02,QQQ,98.0905,97.254,8024525
2019-04-02,SPY,77.47,77.527,2629381
2019-04-02,TLT,126.8282,124.2352,7605775
2019-04-02,VNQ,58.8563,57.7157,3937343
2019-04-03,GLD,122.8771,122.5591,6992971
2019-04-03,IWM,130.1565,131.1848,7200218
2019-04-03,QQQ,97.3484,96.4059,1869734
2019-04-03,SPY,77.3675,76.7112,1783478
2019-04-03,TLT,124.5341,125.2865,5367671
2019-04-03,VNQ,57.6792,57.0754,3352976
2019-04-04,GLD,122.9088,121.5377,2474741
2019-04-04,IWM,131.7747,128.3447,7065361
2019-04-04,QQQ,96.5745,96.246,6269182
2019-04-04,SPY,76.8227,77.0953,3914235
2019-04-04,TLT,125.4671,124.6552,6225420
2019-04-04,VNQ,56.8647,56.8925,967474
2019-04-05,GLD,121.2264,122.2419,2756940
2019-04-05,IWM,129.3487,130.2414,3383910
2019-04-05,QQQ,96.4663,98.1654,6675092
2019-04-05,SPY,77.6092,78.7819,5156528
2019-04-05,TLT,124.7494,125.6644,6452270
2019-04-05,VNQ,56.7281,56.9416,7790067
2019-04-08,GLD,122.6995,122.0291,6956377
2019-04-08,IWM,130.4733,133.3448,2692182
2019-04-08,QQQ,97.9091,97.8737,5026207
2019-04-08,SPY,78.7181,78.5686,4214222
2019-04-08,TLT,125.3807,127.0376,4584285
2019-04-08,VNQ,56.8104,57.9033,2459549
2019-04-09,GLD,122.4969,124.2647,5951289
2019-04-09,IWM,132.6345,131.0208,5228590
2019-04-09,QQQ,97.9204,96.0574,4252263
2019-04-09,SPY,78.6395,78.4021,4438247
2019-04-09,TLT,126.5837,126.1559,953121
2019-04-09,VNQ,57.9055,56.9765,8464879
2019-04-10,GLD,123.9087,125.3491,1915671
2019-04-10,IWM,130.8085,129.5676,4084303
2019-04-10,QQQ,95.8882,96.1948,7902917
2019-04-10,SPY,78.4813,77.5334,4677521
2019-04-10,TLT,126.2993,127.0986,7794824
2019-04-10,VNQ,57.0448,57.4202,3258912
2019-04-11,GLD,125.1109,126.3939,965591
2019-04-11,IWM,129.6643,131.3518,4992247
2019-04-11,QQQ,96.0617,94.7616,4180997
2019-04-11,SPY,77.0025,77.8023,3258449
2019-04-11,TLT,127.1733,128.0303,8246496
2019-04-11,VNQ,57.6211,57.2396,1431932
2019-04-12,GLD,126.2211,126.6023,4800540
2019-04-12,IWM,130.6984,134.0303,3830568
2019-04-12,QQQ,94.3683,94.558,8106867
2019-04-12,SPY,77.8281,76.7736,1510956
2019-04-12,TLT,128.4976,127.2708,1653622
2019-04-12,VNQ,57.3515,57.665,6411405
2019-04-15,GLD,126.5946,126.5391,6869077
2019-04-15,IWM,134.2563,130.9217,2943339
2019-04-15,QQQ,93.9906,96.8492,7352866
2019-04-15,SPY,76.6285,75.8719,3088389
2019-04-15,TLT,127.1062,126.7024,1845080
2019-04-15,VNQ,57.9321,57.1791,5176410
2019-04-16,GLD,126.5944,126.9312,6629294
2019-04-16,IWM,130.9447,132.0187,2583664
2019-04-16,QQQ,96.848,98.2364,1568089
2019-04-16,SPY,76.1537,76.9217,4591132
2019-04-16,TLT,126.3952,126.8463,2607561
2019-04-16,VNQ,57.1357,56.1766,5975188
2019-04-17,GLD,126.1855,128.4784,1378762
2019-04-17,IWM,132.4433,131.6796,1514825
2019-04-17,QQQ,97.933,99.8496,4263415
2019-04-17,SPY,76.8694,76.1821,1557376
2019-04-17,TLT,126.6882,124.3861,2185369
2019-04-17,VNQ,55.8679,56.9988,5265173
2019-04-18,GLD,128.6595,129.1125,3262272
2019-04-18,IWM,131.8936,128.2457,2346106
2019-04-18,QQQ,99.5752,100.655,2591453
2019-04-18,SPY,76.0237,77.072,3888046
2019-04-18,TLT,123.8836,123.8997,2060743
2019-04-18,VNQ,56.9019,57.1927,1150854
2019-04-19,GLD,129.0331,128.6684,6358913
2019-04-19,IWM,129.0385,127.4987,5975078
2019-04-19,QQQ,101.0269,100.622,6968870
2019-04-19,SPY,77.027,78.3429,5817820
2019-04-19,TLT,123.7916,124.1027,1697459
2019-04-19,VNQ,57.2977,55.8059,6797583
2019-04-22,GLD,128.3554,130.211,6174955
2019-04-22,IWM,128.2457,126.4818,7437254
2019-04-22,QQQ,100.6819,98.2941,1955465
2019-04-22,SPY,78.3778,78.563,1574824
2019-04-22,TLT,124.0747,123.6095,1446677
2019-04-22,VNQ,56.0734,56.2807,7115992
2019-04-23,GLD,130.5052,130.4302,5707613
2019-04-23,IWM,126.16,126.7002,3174970
2019-04-23,QQQ,98.2861,97.5906,5959099
2019-04-23,SPY,78.4453,79.032,2402691
2019-04-23,TLT,123.5487,121.8704,1006988
2019-04-23,VNQ,56.2787,55.5625,2187066
2019-04-24,GLD,130.322,130.317,6132988
2019-04-24,IWM,127.4589,126.788,4262683
2019-04-24,QQQ,97.5104,96.8099,2010426
2019-04-24,SPY,79.0208,80.7035,8135185
2019-04-24,TLT,122.3352,121.4417,5827515
2019-04-24,VNQ,55.73,55.475,4603849
2019-04-25,GLD,130.6694,129.3283,1376473
2019-04-25,IWM,127.0622,126.2995,6243500
2019-04-25,QQQ,96.7742,97.8183,4782152
2019-04-25,SPY,80.4115,80.5354,4112746
2019-04-25,TLT,121.9231,123.0678,1270551
2019-04-25,VNQ,55.526,55.4487,8488674
2019-04-26,GLD,129.4917,128.6205,6458328
2019-04-26,IWM,126.2616,126.067,5522732
2019-04-26,QQQ,98.2028,99.3139,8431206
2019-04-26,SPY,80.4869,80.0271,2529183
2019-04-26,TLT,122.9649,124.5045,4998357
2019-04-26,VNQ,55.8124,54.5064,1261848
2019-04-29,GLD,128.5213,127.8317,5330641
2019-04-29,IWM,125.5509,125.7908,8400021
2019-04-29,QQQ,99.1827,100.0485,3307521
2019-04-29,SPY,80.1935,78.8771,7953627
2019-04-29,TLT,124.3405,124.3608,4417481
2019-04-29,VNQ,54.0338,55.2521,4595521
2019-04-30,GLD,128.1883,124.485,3967986
2019-04-30,IWM,125.2256,126.7376,4181386
2019-04-30,QQQ,100.7008,98.8596,3546450
2019-04-30,SPY,79.294,78.9134,2243964
2019-04-30,TLT,124.6934,123.4661,2525286
2019-04-30,VNQ,55.1017,54.8751,2447592
2019-05-01,GLD,124.7232,125.6684,6267666
2019-05-01,IWM,126.7873,128.5294,2281975
2019-05-01,QQQ,99.3978,101.6778,6868240
2019-05-01,SPY,79.0629,80.1744,3546810
2019-05-01,TLT,123.7418,123.4336,7868265
2019-05-01,VNQ,54.8272,55.9877,7706504
2019-05-02,GLD,125.5159,126.3242,1535626
2019-05-02,IWM,129.1221,130.3346,6531419
2019-05-02,QQQ,101.1856,103.8974,5467396
2019-05-02,SPY,80.2328,81.0034,7555724
2019-05-02,TLT,123.0892,123.4339,8259288
2019-05-02,VNQ,56.1061,56.3114,2285518
2019-05-03,GLD,125.8385,126.0497,7037789
2019-05-03,IWM,129.9979,128.6636,4135963
2019-05-03,QQQ,103.7611,103.5693,6218464
2019-05-03,SPY,81.2605,80.1909,3302946
2019-05-03,TLT,123.225,122.6812,1903690
2019-05-03,VNQ,56.2796,56.6577,6429764
2019-05-06,GLD,125.8843,127.2823,2743641
2019-05-06,IWM,128.2086,127.194,915838
2019-05-06,QQQ,103.9384,103.8914,7568187
2019-05-06,SPY,80.41,79.4602,1942918
2019-05-06,TLT,122.4607,122.3011,2192500
2019-05-06,VNQ,56.5275,56.8313,7877027
2019-05-07,GLD,127.4682,127.7904,8358244
2019-05-07,IWM,126.2948,125.961,1977166
2019-05-07,QQQ,103.5875,104.9149,6864275
2019-05-07,SPY,79.815,79.0327,7986827
2019-05-07,TLT,121.9462,122.9579,2989024
2019-05-07,VNQ,56.8001,58.2343,3439167
2019-05-08,GLD,127.7166,128.2199,5950120
2019-05-08,IWM,126.6115,128.5799,4152482
2019-05-08,QQQ,104.2699,105.0926,7654340
2019-05-08,SPY,79.2621,79.2807,8399521
2019-05-08,TLT,122.7932,123.9575,8435084
2019-05-08,VNQ,58.2853,57.4762,5325269
2019-05-09,GLD,128.7585,125.2365,2722279
2019-05-09,IWM,127.9374,129.4693,4126723
2019-05-09,QQQ,105.2055,104.9487,6995770
2019-05-09,SPY,79.2556,79.1066,5335151
2019-05-09,TLT,123.606,121.2984,7617931
2019-05-09,VNQ,57.402,56.9006,4386547
2019-05-10,GLD,125.313,124.9411,1871471
2019-05-10,IWM,129.2192,128.0334,4369504
2019-05-10,QQQ,105.5085,105.7486,3758241
2019-05-10,SPY,79.1613,79.2884,2562706
2019-05-10,TLT,121.4867,122.3299,6372128
2019-05-10,VNQ,56.6183,56.4152,3014029
2019-05-13,GLD,124.9976,125.5506,4135794
2019-05-13,IWM,127.9542,125.898,7943165
2019-05-13,QQQ,105.0864,105.7775,6355756
2019-05-13,SPY,79.3264,79.5405,5235918
2019-05-13,TLT,122.4477,122.4566,8007005
2019-05-13,VNQ,56.2992,57.2179,3344882
2019-05-14,GLD,125.6699,127.454,6504095
2019-05-14,IWM,125.9489,124.0688,4328948
2019-05-14,QQQ,106.2005,106.1169,7251657
2019-05-14,SPY,79.6048,79.286,2656517
2019-05-14,TLT,121.9886,123.6858,1413176
2019-05-14,VNQ,57.0416,57.9603,6481412
2019-05-15,GLD,127.1847,129.6683,3687597
2019-05-15,IWM,124.1675,124.1141,7957509
2019-05-15,QQQ,105.571,103.5746,2952810
2019-05-15,SPY,79.3285,79.2514,2590091
2019-05-15,TLT,123.501,123.6436,5849673
2019-05-15,VNQ,58.1017,58.0073,4999955
2019-05-16,GLD,129.6289,131.4052,2440560
2019-05-16,IWM,124.5369,122.1384,7044637
2019-05-16,QQQ,103.2223,101.0988,922149
2019-05-16,SPY,79.0855,79.4263,6583368
2019-05-16,TLT,123.4729,124.1038,4562636
2019-05-16,VNQ,57.8696,58.187,7909832
2019-05-17,GLD,131.1967,129.9488,5932578
2019-05-17,IWM,121.847,122.1183,7209851
2019-05-17,QQQ,101.2516,103.8067,4148163
2019-05-17,SPY,78.9802,79.3541,5773249
2019-05-17,TLT,124.4733,125.8918,2292348
2019-05-17,VNQ,58.2201,56.9832,7447414
2019-05-20,GLD,129.2224,127.2564,1538059
2019-05-20,IWM,122.15,124.5194,7252125
2019-05-20,QQQ,103.6525,101.4557,3247944
2019-05-20,SPY,79.2115,79.7822,3706272
2019-05-20,TLT,125.7051,122.6137,7622929
2019-05-20,VNQ,57.022,58.0392,8227104
2019-05-21,GLD,126.7169,127.9223,2343047
2019-05-21,IWM,124.8038,124.0508,8496549
2019-05-21,QQQ,101.2305,102.2166,5682400
2019-05-21,SPY,79.3506,81.3957,3781711
2019-05-21,TLT,122.839,124.3249,5416379
2019-05-21,VNQ,57.9397,57.8638,5128913
2019-05-22,GLD,128.1457,127.9335,8322915
2019-05-22,IWM,124.1233,125.5892,2592142
2019-05-22,QQQ,102.0476,102.7236,8144729
2019-05-22,SPY,81.4105,81.9122,5067881
2019-05-22,TLT,124.7572,124.5112,1227105
2019-05-22,VNQ,57.9094,57.9375,5070310
2019-05-23,GLD,127.7967,129.0798,5152988
2019-05-23,IWM,125.3944,122.8436,8287442
2019-05-23,QQQ,101.9819,103.0804,2025050
2019-05-23,SPY,81.9132,81.9598,5032902
2019-05-23,TLT,124.2642,122.502,6323107
2019-05-23,VNQ,57.9981,57.7048,2308231
2019-05-24,GLD,129.0406,128.9037,4530998
2019-05-24,IWM,123.0443,123.4717,3434673
2019-05-24,QQQ,103.6297,102.0155,7080600
2019-05-24,SPY,81.593,80.4918,1150261
2019-05-24,TLT,122.6381,119.6303,2151716
2019-05-24,VNQ,58.1143,58.1665,3927355
2019-05-27,GLD,128.449,129.1487,2711749
2019-05-27,IWM,123.6266,123.9861,6501772
2019-05-27,QQQ,101.8208,103.6046,7896139
2019-05-27,SPY,80.6402,80.8253,3922346
2019-05-27,TLT,119.6515,119.9374,2304523
2019-05-27,VNQ,57.9977,57.9966,4448944
2019-05-28,GLD,128.9661,127.3083,4548084
2019-05-28,IWM,123.708,122.3311,1726678
2019-05-28,QQQ,103.1635,104.1662,3084186
2019-05-28,SPY,81.0131,79.1562,4985945
2019-05-28,TLT,120.1668,118.8316,4108780
2019-05-28,VNQ,57.9908,58.0712,3002110
2019-05-29,GLD,127.5443,127.8253,2481131
2019-05-29,IWM,122.2367,124.7917,2021639
2019-05-29,QQQ,103.6845,103.6388,2815051
2019-05-29,SPY,79.1765,77.9691,1516044
2019-05-29,TLT,118.4725,119.8656,3081197
2019-05-29,VNQ,58.2111,58.1237,1529286
2019-05-30,GLD,127.8531,127.266,1404108
2019-05-30,IWM,124.7239,124.7713,2058885
2019-05-30,QQQ,103.8256,101.4669,7457549
2019-05-30,SPY,78.318,78.6842,6191460
2019-05-30,TLT,119.7656,120.0702,3598906
2019-05-30,VNQ,58.0318,57.7421,6709767
2019-05-31,GLD,127.1071,127.6642,6632404
2019-05-31,IWM,124.7517,123.5239,3655379
2019-05-31,QQQ,101.5526,101.1248,6682797
2019-05-31,SPY,79.0794,79.2796,7570407
2019-05-31,TLT,119.6316,119.9047,1137373
2019-05-31,VNQ,57.6271,57.2889,5440459
2019-06-03,GLD,128.1286,128.196,3350541
2019-06-03,IWM,124.3822,122.9907,1260378
2019-06-03,QQQ,100.4201,100.2226,7028208
2019-06-03,SPY,79.0241,79.1504,6524677
2019-06-03,TLT,120.0926,120.9374,5927480
2019-06-03,VNQ,57.2312,57.5612,3963064
2019-06-04,GLD,128.1759,128.0304,5067649
2019-06-04,IWM,122.3102,124.6909,7253794
2019-06-04,QQQ,100.0045,98.3431,6871706
2019-06-04,SPY,79.3704,77.7121,6157436
2019-06-04,TLT,120.4143,121.1197,5315166
2019-06-04,VNQ,57.7421,57.8284,3767832
2019-06-05,GLD,127.922,128.3903,4246158
2019-06-05,IWM,125.3767,122.2253,3336379
2019-06-05,QQQ,97.7715,98.9204,5871962
2019-06-05,SPY,77.8039,77.4016,7395587
2019-06-05,TLT,121.136,121.8908,5599782
2019-06-05,VNQ,58.3705,58.3544,2336738
2019-06-06,GLD,128.7391,128.3498,6816738
2019-06-06,IWM,122.2788,122.4804,2240072
2019-06-06,QQQ,99.0382,99.805,8411252
2019-06-06,SPY,77.4883,76.8388,8182571
2019-06-06,TLT,121.4685,122.7639,4439280
2019-06-06,VNQ,58.1917,59.4171,1292336
2019-06-07,GLD,127.8189,129.2495,3655302
2019-06-07,IWM,122.8741,120.7769,6995779
2019-06-07,QQQ,99.5275,101.0826,3156949
2019-06-07,SPY,77.0313,77.3624,2664378
2019-06-07,TLT,122.561,123.0873,3369285
2019-06-07,VNQ,59.0286,58.4924,6605604
2019-06-10,GLD,129.4176,129.8392,5936034
2019-06-10,IWM,120.7868,121.1654,6896158
2019-06-10,QQQ,101.2844,101.2816,2286894
2019-06-10,SPY,77.2136,79.2532,3229193
2019-06-10,TLT,122.8628,123.9221,4899032
2019-06-10,VNQ,58.5674,57.145,7227070
2019-06-11,GLD,129.4932,129.145,5755822
2019-06-11,IWM,120.515,120.2313,4978083
2019-06-11,QQQ,101.5038,100.9261,2459123
2019-06-11,SPY,79.1276,79.435,3892897
2019-06-11,TLT,123.939,124.7609,4343993
2019-06-11,VNQ,56.9437,56.845,2182373
2019-06-12,GLD,128.9011,128.405,7365444
2019-06-12,IWM,120.4469,120.0939,4612065
2019-06-12,QQQ,101.3214,102.7037,4872693
2019-06-12,SPY,79.2594,78.7723,3038957
2019-06-12,TLT,124.9086,123.2371,7018472
2019-06-12,VNQ,56.5618,57.7515,4291826
2019-06-13,GLD,128.1943,130.5132,3470416
2019-06-13,IWM,120.0854,121.4151,4199653
2019-06-13,QQQ,102.5285,103.9361,2944268
2019-06-13,SPY,78.6133,77.7885,6909513
2019-06-13,TLT,123.5475,122.9137,1386241
2019-06-13,VNQ,57.5274,57.7094,3458926
2019-06-14,GLD,130.5516,130.3629,4519363
2019-06-14,IWM,122.3413,121.4802,7357218
2019-06-14,QQQ,103.7243,107.6567,1567892
2019-06-14,SPY,77.768,77.7391,1930800
2019-06-14,TLT,123.2848,122.7561,8211068
2019-06-14,VNQ,57.3,56.3948,3897148
2019-06-17,GLD,130.3945,131.5649,7615553
2019-06-17,IWM,120.5069,122.4458,4949961
2019-06-17,QQQ,107.6987,108.6094,7250964
2019-06-17,SPY,77.4375,77.5894,1987451
2019-06-17,TLT,122.7654,122.3204,4137978
2019-06-17,VNQ,56.7053,57.5259,4597207
2019-06-18,GLD,131.6582,132.0292,996153
2019-06-18,IWM,123.4308,123.6823,1227580
2019-06-18,QQQ,108.9778,107.1217,2455856
2019-06-18,SPY,77.3725,76.6358,3223382
2019-06-18,TLT,122.0255,120.5917,8343938
2019-06-18,VNQ,57.8111,57.8802,5777712
2019-06-19,GLD,132.093,131.3018,2986831
2019-06-19,IWM,122.9676,124.4041,2851843
2019-06-19,QQQ,106.9455,108.7436,4656948
2019-06-19,SPY,76.7543,76.7285,6803255
2019-06-19,TLT,120.92,119.9627,2422160
2019-06-19,VNQ,58.1021,56.7933,5600393
2019-06-20,GLD,131.739,130.3503,8498142
2019-06-20,IWM,123.829,124.8027,4876540
2019-06-20,QQQ,108.534,112.6979,4886217
2019-06-20,SPY,76.714,75.7859,3370681
2019-06-20,TLT,119.6375,120.2951,4142216
2019-06-20,VNQ,56.9626,56.1941,1998602
2019-06-21,GLD,130.8743,130.4728,1336936
2019-06-21,IWM,124.6196,124.8699,4711435
2019-06-21,QQQ,113.1,113.2184,7297287
2019-06-21,SPY,75.8636,76.691,5827572
2019-06-21,TLT,120.2984,120.4726,4519530
2019-06-21,VNQ,56.2374,56.2551,2079098
2019-06-24,GLD,130.6916,130.7639,2645293
2019-06-24,IWM,125.1029,126.0188,1554788
2019-06-24,QQQ,112.4221,112.9607,1984054
2019-06-24,SPY,76.3041,77.5658,2298093
2019-06-24,TLT,120.2913,122.0754,7940321
2019-06-24,VNQ,56.1397,55.8551,4540374
2019-06-25,GLD,130.9981,131.4994,5882965
2019-06-25,IWM,126.6011,128.2272,7367978
2019-06-25,QQQ,113.581,112.0026,6722564
2019-06-25,SPY,77.4032,78.4691,4106887
2019-06-25,TLT,121.9122,121.3965,7062602
2019-06-25,VNQ,55.6359,55.7514,7051696
2019-06-26,GLD,131.3802,129.9089,7159741
2019-06-26,IWM,128.8407,131.6845,1084809
2019-06-26,QQQ,111.9372,115.3514,3638559
2019-06-26,SPY,78.3525,78.0687,2910903
2019-06-26,TLT,121.4505,120.9066,5047554
2019-06-26,VNQ,55.8174,56.1069,972998
2019-06-27,GLD,129.5676,129.1554,5474154
2019-06-27,IWM,131.9628,135.0755,5416599
2019-06-27,QQQ,115.488,115.0928,3434574
2019-06-27,SPY,78.0756,78.497,3424010
2019-06-27,TLT,120.6075,120.2697,5493344
2019-06-27,VNQ,56.498,56.1017,6584857
2019-06-28,GLD,129.3358,129.0141,2414625
2019-06-28,IWM,135.2235,133.1354,4342159
2019-06-28,QQQ,115.5654,114.735,5504806
2019-06-28,SPY,78.3739,78.383,3134599
2019-06-28,TLT,120.2471,119.9073,4098349
2019-06-28,VNQ,56.4473,57.0833,8358587
2019-07-01,GLD,129.0236,130.9544,7492678
2019-07-01,IWM,132.5874,133.6927,7378816
2019-07-01,QQQ,114.3597,115.3386,8100506
2019-07-01,SPY,78.5791,78.0542,2717666
2019-07-01,TLT,119.8859,119.243,5262812
2019-07-01,VNQ,57.0435,56.9374,7911696
2019-07-02,GLD,131.2205,128.0408,4780685
2019-07-02,IWM,134.2512,134.6329,4218046
2019-07-02,QQQ,115.4416,112.9562,4776243
2019-07-02,SPY,78.042,77.7681,7420540
2019-07-02,TLT,119.5235,117.2642,6719156
2019-07-02,VNQ,57.1303,58.0059,2471749
2019-07-03,GLD,127.4843,128.5476,7651218
2019-07-03,IWM,134.6749,137.0144,6337442
2019-07-03,QQQ,113.4648,112.5678,6593800
2019-07-03,SPY,77.7717,76.6901,5478957
2019-07-03,TLT,117.5601,117.5946,1839011
2019-07-03,VNQ,57.9751,57.5721,7793478
2019-07-04,GLD,129.3684,127.8678,3094055
2019-07-04,IWM,136.1887,139.1311,4942566
2019-07-04,QQQ,112.6967,110.5053,3923679
2019-07-04,SPY,76.6929,75.5104,4291741
2019-07-04,TLT,117.8008,118.5975,5650113
2019-07-04,VNQ,57.7802,56.7246,4452608
2019-07-05,GLD,127.4801,128.3645,2953307
2019-07-05,IWM,138.2851,136.2635,3814317
2019-07-05,QQQ,110.8251,110.348,2807603
2019-07-05,SPY,75.6537,76.1524,6289572
2019-07-05,TLT,118.6168,119.7478,4798752
2019-07-05,VNQ,56.6849,55.2408,8157866
2019-07-08,GLD,128.374,127.7437,5893131
2019-07-08,IWM,137.0797,136.7978,7438880
2019-07-08,QQQ,110.0632,111.2657,4247382
2019-07-08,SPY,76.0563,75.9935,7130516
2019-07-08,TLT,120.2096,118.5776,2380840
2019-07-08,VNQ,55.0523,54.6329,2342878
2019-07-09,GLD,128.0443,128.159,7629436
2019-07-09,IWM,136.1999,133.4382,3880916
2019-07-09,QQQ,111.5805,112.9255,5038821
2019-07-09,SPY,76.2222,76.1668,2032152
2019-07-09,TLT,118.8398,118.3483,4894503
2019-07-09,VNQ,54.3784,54.6873,1154297
2019-07-10,GLD,127.7364,130.0419,1502846
2019-07-10,IWM,133.3699,132.513,1912328
2019-07-10,QQQ,113.0146,112.3014,3525727
2019-07-10,SPY,76.2606,76.9851,1278192
2019-07-10,TLT,118.0265,120.2671,6081911
2019-07-10,VNQ,54.7523,55.3409,2784804
2019-07-11,GLD,129.8696,130.4519,3718852
2019-07-11,IWM,131.8277,130.7346,4714147
2019-07-11,QQQ,112.1299,113.799,932050
2019-07-11,SPY,77.0169,75.5664,1278129
2019-07-11,TLT,120.3555,120.1248,2316185
2019-07-11,VNQ,55.445,52.9934,6425934
2019-07-12,GLD,129.825,130.9612,1447816
2019-07-12,IWM,131.0166,129.5694,4492311
2019-07-12,QQQ,113.236,113.2186,1092955
2019-07-12,SPY,75.5748,74.9315,2332307
2019-07-12,TLT,120.2551,120.4667,5680619
2019-07-12,VNQ,52.9716,52.9569,2125262
2019-07-15,GLD,130.5149,131.3972,1471361
2019-07-15,IWM,129.1473,132.5621,1255377
2019-07-15,QQQ,113.4073,110.5097,1818455
2019-07-15,SPY,75.0359,75.0693,3405180
2019-07-15,TLT,120.2523,120.277,6756439
2019-07-15,VNQ,52.7296,52.3041,4657480
2019-07-16,GLD,130.7914,130.443,4408151
2019-07-16,IWM,132.6701,131.5125,5806598
2019-07-16,QQQ,110.0682,111.5691,1051401
2019-07-16,SPY,75.2736,75.3821,8140730
2019-07-16,TLT,120.3505,121.3208,3033787
2019-07-16,VNQ,52.0739,52.7617,6936996
2019-07-17,GLD,130.4743,131.088,2791098
2019-07-17,IWM,131.5918,130.5518,5328450
2019-07-17,QQQ,111.7106,111.3191,6679415
2019-07-17,SPY,75.5732,75.0754,1266489
2019-07-17,TLT,121.2424,122.333,2116672
2019-07-17,VNQ,52.5715,52.4126,5464647
2019-07-18,GLD,131.1788,130.8043,7352307
2019-07-18,IWM,130.9845,130.7736,4721556
2019-07-18,QQQ,111.9416,111.6056,3496082
2019-07-18,SPY,75.1509,75.9044,1282335
2019-07-18,TLT,122.0992,124.8412,7073424
2019-07-18,VNQ,52.6489,52.6008,5543136
2019-07-19,GLD,130.7046,129.7791,2327793
2019-07-19,IWM,130.5576,132.8076,6930672
2019-07-19,QQQ,111.4564,107.3623,983491
2019-07-19,SPY,76.0827,76.0726,3068054
2019-07-19,TLT,124.8659,125.3632,6861142
2019-07-19,VNQ,52.2114,53.7966,5962875
2019-07-22,GLD,130.1692,129.7063,4441710
2019-07-22,IWM,132.2047,129.5611,5609193
2019-07-22,QQQ,107.5145,107.8159,1487858
2019-07-22,SPY,76.0967,75.0876,1427893
2019-07-22,TLT,125.1991,125.8314,6672992
2019-07-22,VNQ,53.712,53.861,4861212
2019-07-23,GLD,130.1349,129.4025,6201514
2019-07-23,IWM,130.1088,132.6372,7217894
2019-07-23,QQQ,107.3663,108.3329,2887047
2019-07-23,SPY,75.3398,74.34,6239504
2019-07-23,TLT,125.5002,124.4634,8051934
2019-07-23,VNQ,53.7641,53.7361,2822086
2019-07-24,GLD,129.3996,130.3014,1796620
2019-07-24,IWM,131.9291,131.1648,7038556
2019-07-24,QQQ,108.6534,108.853,5966410
2019-07-24,SPY,74.3347,74.9812,4836652
2019-07-24,TLT,124.4761,123.9854,6066326
2019-07-24,VNQ,53.7034,54.3927,2370409
2019-07-25,GLD,130.2323,130.2232,4865537
2019-07-25,IWM,131.2336,129.2766,4288931
2019-07-25,QQQ,107.9963,110.7024,6396533
2019-07-25,SPY,74.5658,75.3517,5903980
2019-07-25,TLT,123.4877,123.1914,2037848
2019-07-25,VNQ,54.1938,54.5823,7545814
2019-07-26,GLD,130.1375,129.548,8446623
2019-07-26,IWM,129.3224,129.5034,7323486
2019-07-26,QQQ,110.7045,110.2217,2902065
2019-07-26,SPY,75.6221,73.8321,3102739
2019-07-26,TLT,123.5083,122.8064,2758562
2019-07-26,VNQ,54.7259,54.4339,3014392
2019-07-29,GLD,129.4078,131.3169,6243748
2019-07-29,IWM,129.3929,130.7592,2848990
2019-07-29,QQQ,109.7299,113.9997,6410239
2019-07-29,SPY,73.8534,74.9027,8383988
2019-07-29,TLT,122.7205,121.3664,4522698
2019-07-29,VNQ,54.4396,53.3363,3498574
2019-07-30,GLD,131.7253,132.5233,1703518
2019-07-30,IWM,130.6144,135.976,5174474
2019-07-30,QQQ,113.5681,115.4019,2422681
2019-07-30,SPY,74.6682,75.3812,2375853
2019-07-30,TLT,121.3976,122.6473,4849171
2019-07-30,VNQ,53.2408,53.0879,1473716
2019-07-31,GLD,132.5979,134.0969,5022114
2019-07-31,IWM,136.6458,137.7399,4114784
2019-07-31,QQQ,114.97,116.5056,2980229
2019-07-31,SPY,75.3412,76.4708,7008187
2019-07-31,TLT,122.9161,121.4845,1717491
2019-07-31,VNQ,53.0449,51.9774,1038859
2019-08-01,GLD,133.9906,134.8431,3257656
2019-08-01,IWM,137.1226,136.5446,2114029
2019-08-01,QQQ,117.2149,112.327,7219495
2019-08-01,SPY,76.29,76.1546,5526424
2019-08-01,TLT,121.7444,121.7497,4548903
2019-08-01,VNQ,51.9327,52.0971,2960892
2019-08-02,GLD,134.7698,134.6775,7633428
2019-08-02,IWM,136.588,136.12,2357597
2019-08-02,QQQ,111.934,109.167,7873315
2019-08-02,SPY,76.584,75.9113,7626618
2019-08-02,TLT,121.6779,120.3765,1237836
2019-08-02,VNQ,52.1026,52.4605,4738460
2019-08-05,GLD,134.8523,134.1195,5199893
2019-08-05,IWM,135.6537,134.2261,1142561
2019-08-05,QQQ,109.753,111.8233,6937869
2019-08-05,SPY,76.0125,74.9986,5529188
2019-08-05,TLT,120.4718,120.7178,2365427
2019-08-05,VNQ,52.316,52.4879,5901104
2019-08-06,GLD,133.9922,133.7405,7805901
2019-08-06,IWM,135.8559,135.4877,5030050
2019-08-06,QQQ,111.7782,112.6415,6152547
2019-08-06,SPY,74.6843,77.0616,5376226
2019-08-06,TLT,120.984,122.4679,2597878
2019-08-06,VNQ,52.1833,53.7025,8305853
2019-08-07,GLD,133.8404,134.9179,2947612
2019-08-07,IWM,135.6519,137.1022,5485564
2019-08-07,QQQ,112.3416,114.4023,5746518
2019-08-07,SPY,77.1744,76.9146,2329299
2019-08-07,TLT,122.8577,121.5576,4995058
2019-08-07,VNQ,53.5611,52.9247,942582
2019-08-08,GLD,134.9062,135.0351,2761017
2019-08-08,IWM,137.3304,136.4187,5460213
2019-08-08,QQQ,114.3712,113.9107,6743708
2019-08-08,SPY,76.8325,78.231,2500954
2019-08-08,TLT,121.3531,121.9218,3000946
2019-08-08,VNQ,53.006,53.1829,3868371
2019-08-09,GLD,135.4712,133.1313,6214150
2019-08-09,IWM,135.6636,138.653,3211672
2019-08-09,QQQ,113.8293,113.8744,4224984
2019-08-09,SPY,78.6335,77.6883,4996922
2019-08-09,TLT,122.0103,121.8223,2000933
2019-08-09,VNQ,53.0727,53.1941,5485917
2019-08-12,GLD,133.4991,133.0573,4839677
2019-08-12,IWM,137.9136,135.2774,6109171
2019-08-12,QQQ,113.8136,115.0705,3396130
2019-08-12,SPY,77.4697,77.8226,3346264
2019-08-12,TLT,121.5375,122.1,4048534
2019-08-12,VNQ,53.0049,52.3981,2060975
2019-08-13,GLD,132.6095,131.2643,4086376
2019-08-13,IWM,134.5846,134.3173,2532656
2019-08-13,QQQ,115.5087,113.883,6617663
2019-08-13,SPY,77.3558,76.44,4356499
2019-08-13,TLT,121.8653,122.5264,1033386
2019-08-13,VNQ,52.5864,52.7126,8420659
2019-08-14,GLD,131.2144,131.4459,3022283
2019-08-14,IWM,134.0208,132.504,3300371
2019-08-14,QQQ,113.1443,116.3813,7644532
2019-08-14,SPY,76.4535,76.1253,3816272
2019-08-14,TLT,122.5096,121.8143,7642882
2019-08-14,VNQ,52.4884,53.2478,3022904
2019-08-15,GLD,131.6689,129.9354,6939819
2019-08-15,IWM,133.2553,131.3494,2858575
2019-08-15,QQQ,116.5044,114.6382,2132776
2019-08-15,SPY,76.0544,76.9296,7333577
2019-08-15,TLT,121.7609,121.5941,7140811
2019-08-15,VNQ,53.4074,53.9869,5266846
2019-08-16,GLD,129.7969,128.3694,5549799
2019-08-16,IWM,131.7708,128.2447,7312929
2019-08-16,QQQ,114.6156,115.2257,5089342
2019-08-16,SPY,76.8438,75.9034,8199406
2019-08-16,TLT,121.3035,120.9373,5113602
2019-08-16,VNQ,53.5813,53.8584,8499970
2019-08-19,GLD,128.6174,128.49,1526878
2019-08-19,IWM,128.219,130.0041,4482600
2019-08-19,QQQ,115.392,114.9638,2338034
2019-08-19,SPY,75.4696,76.7783,1420147
2019-08-19,TLT,120.6971,120.0344,2757771
2019-08-19,VNQ,53.9361,54.2749,4920382
2019-08-20,GLD,128.593,128.372,7014424
2019-08-20,IWM,129.8124,128.1919,4903258
2019-08-20,QQQ,114.629,115.8007,6365160
2019-08-20,SPY,76.8661,77.0545,6187034
2019-08-20,TLT,120.0125,118.7152,4188400
2019-08-20,VNQ,54.6591,53.8127,5429263
2019-08-21,GLD,128.5536,126.3495,7150459
2019-08-21,IWM,128.0084,127.9165,3023644
2019-08-21,QQQ,116.5858,118.2382,2153395
2019-08-21,SPY,77.4005,76.1963,2671665
2019-08-21,TLT,118.3368,119.7042,5836979
2019-08-21,VNQ,53.994,54.8113,2959534
2019-08-22,GLD,126.331,127.2234,5472578
2019-08-22,IWM,128.2629,130.0995,3486146
2019-08-22,QQQ,118.3998,116.4827,1844854
2019-08-22,SPY,75.8079,75.7867,2807660
2019-08-22,TLT,119.7431,118.9017,4205591
2019-08-22,VNQ,54.696,56.0445,5972165
2019-08-23,GLD,127.316,129.8277,7761172
2019-08-23,IWM,130.0799,133.1382,7703506
2019-08-23,QQQ,116.0661,117.5285,4051754
2019-08-23,SPY,76.0248,75.4138,5194391
2019-08-23,TLT,118.585,119.5762,6729166
2019-08-23,VNQ,56.0409,56.1428,6648312
2019-08-26,GLD,129.9901,128.0008,4243323
2019-08-26,IWM,133.5862,135.4077,3748941
2019-08-26,QQQ,117.325,117.994,5431142
2019-08-26,SPY,75.2991,75.3726,3454679
2019-08-26,TLT,119.9443,120.1375,4625077
2019-08-26,VNQ,56.235,56.2918,3671778
2019-08-27,GLD,127.5544,130.1984,2830571
2019-08-27,IWM,135.5954,131.0657,4267950
2019-08-27,QQQ,117.8742,119.7681,3395694
2019-08-27,SPY,75.8481,74.9401,1153721
2019-08-27,TLT,120.1786,119.0589,1560248
2019-08-27,VNQ,56.4237,55.5362,6555067
2019-08-28,GLD,129.9157,129.3328,7946675
2019-08-28,IWM,130.9236,130.4594,8493198
2019-08-28,QQQ,119.5404,119.9892,2745302
2019-08-28,SPY,75.0276,74.2781,3322159
2019-08-28,TLT,119.2486,120.1396,3540312
2019-08-28,VNQ,55.5578,55.5442,3901173
2019-08-29,GLD,129.0206,128.7086,2705430
2019-08-29,IWM,130.5713,129.7663,4720452
2019-08-29,QQQ,120.4121,119.3653,4278839
2019-08-29,SPY,74.2408,74.0354,7327278
2019-08-29,TLT,120.0358,119.2063,5431921
2019-08-29,VNQ,55.1324,55.2808,3570715
2019-08-30,GLD,129.2254,128.4696,2310045
2019-08-30,IWM,129.6648,128.4548,1869614
2019-08-30,QQQ,118.8623,120.5472,5924041
2019-08-30,SPY,74.2549,73.2251,6877519
2019-08-30,TLT,119.4919,119.8443,5681749
2019-08-30,VNQ,55.3514,55.432,1258071
2019-09-02,GLD,128.5628,126.706,7604356
2019-09-02,IWM,128.0566,126.9709,6765727
2019-09-02,QQQ,121.7069,123.2853,5617268
2019-09-02,SPY,73.3283,72.2202,8258447
2019-09-02,TLT,119.9737,121.3704,5364802
2019-09-02,VNQ,55.4314,54.4567,6680362
2019-09-03,GLD,126.819,128.2498,6039129
2019-09-03,IWM,126.3846,125.9267,3591957
2019-09-03,QQQ,123.0637,125.1071,6542241
2019-09-03,SPY,72.1058,72.1826,5770948
2019-09-03,TLT,121.5646,120.5824,8447635
2019-09-03,VNQ,54.3165,55.6735,2073231
2019-09-04,GLD,128.3035,128.8273,4044219
2019-09-04,IWM,125.9712,126.9746,1717736
2019-09-04,QQQ,125.0222,125.6962,2153320
2019-09-04,SPY,72.3199,72.8679,3395009
2019-09-04,TLT,120.6058,119.5744,6084420
2019-09-04,VNQ,55.6292,55.8016,6791370
2019-09-05,GLD,128.6694,127.8951,6478422
2019-09-05,IWM,127.6214,126.0967,4576408
2019-09-05,QQQ,125.6096,126.8063,6001939
2019-09-05,SPY,72.7684,71.684,6161287
2019-09-05,TLT,119.734,118.5606,2641853
2019-09-05,VNQ,55.6434,56.5612,4595804
2019-09-06,GLD,127.6696,127.5404,3923168
2019-09-06,IWM,125.9709,123.6295,2655133
2019-09-06,QQQ,127.0843,124.1769,4810732
2019-09-06,SPY,71.3416,71.6867,6788250
2019-09-06,TLT,118.5283,120.9627,3642667
2019-09-06,VNQ,56.9567,56.9096,4544542
2019-09-09,GLD,127.799,125.7062,5931735
2019-09-09,IWM,124.3537,120.8021,7293260
2019-09-09,QQQ,123.1715,123.4584,3557318
2019-09-09,SPY,72.0777,71.1895,3552254
2019-09-09,TLT,121.121,120.5389,1273278
2019-09-09,VNQ,56.7387,56.7025,2612377
2019-09-10,GLD,125.5955,125.2742,5341888
2019-09-10,IWM,120.4823,121.0271,6599895
2019-09-10,QQQ,123.4313,123.2822,6694438
2019-09-10,SPY,71.1229,70.4487,2793027
2019-09-10,TLT,120.4531,119.1782,1387671
2019-09-10,VNQ,56.9999,58.0835,6340105
2019-09-11,GLD,125.7466,126.3679,5648128
2019-09-11,IWM,120.8479,118.0133,4979511
2019-09-11,QQQ,123.6278,122.5781,2058760
2019-09-11,SPY,70.3339,71.0958,2855603
2019-09-11,TLT,119.0905,120.0137,3773671
2019-09-11,VNQ,58.6409,58.9005,7852493
2019-09-12,GLD,126.4279,124.3174,5071856
2019-09-12,IWM,118.5861,119.195,7627556
2019-09-12,QQQ,122.4038,121.5773,3947995
2019-09-12,SPY,71.1603,70.7029,8105062
2019-09-12,TLT,120.0502,119.8014,4808177
2019-09-12,VNQ,58.912,57.8142,6049023
2019-09-13,GLD,124.3457,123.7874,1940113
2019-09-13,IWM,119.1636,118.3162,3059944
2019-09-13,QQQ,121.7719,121.7818,6002386
2019-09-13,SPY,70.4083,71.8471,8115788
2019-09-13,TLT,119.8243,119.7404,2564945
2019-09-13,VNQ,58.0379,57.7981,5935909
2019-09-16,GLD,123.7242,123.9409,7077400
2019-09-16,IWM,118.2288,117.429,7509678
2019-09-16,QQQ,122.5982,122.8171,1747755
2019-09-16,SPY,71.5872,71.2504,2508998
2019-09-16,TLT,119.7213,118.6656,7682750
2019-09-16,VNQ,57.5776,57.6305,7325574
2019-09-17,GLD,123.9204,125.1564,1190441
2019-09-17,IWM,117.6064,117.799,2958535
2019-09-17,QQQ,122.319,126.7777,3083282
2019-09-17,SPY,71.1551,71.5468,2840249
2019-09-17,TLT,118.4577,116.3326,4711446
2019-09-17,VNQ,58.043,57.0545,8153545
2019-09-18,GLD,125.1679,126.7441,5990105
2019-09-18,IWM,117.8207,117.165,5767237
2019-09-18,QQQ,126.3716,125.7423,4416655
2019-09-18,SPY,71.4473,71.3739,944886
2019-09-18,TLT,116.2604,115.5579,7668183
2019-09-18,VNQ,57.0145,58.6214,3019286
2019-09-19,GLD,127.2047,126.1798,6965895
2019-09-19,IWM,117.1326,118.3595,1527109
2019-09-19,QQQ,125.7259,124.3232,4294145
2019-09-19,SPY,71.3877,70.8012,6642481
2019-09-19,TLT,115.7943,114.4685,4539086
2019-09-19,VNQ,58.6788,57.7331,3318799
2019-09-20,GLD,126.8834,125.2828,6262945
2019-09-20,IWM,118.5563,116.155,2018783
2019-09-20,QQQ,124.4064,126.5137,7260501
2019-09-20,SPY,71.0143,71.2495,1418928
2019-09-20,TLT,114.4979,112.8158,4233751
2019-09-20,VNQ,57.7962,58.8469,4109463
2019-09-23,GLD,124.9414,125.7998,6915239
2019-09-23,IWM,116.6206,113.1182,4434795
2019-09-23,QQQ,126.4766,127.1155,6926203
2019-09-23,SPY,71.1591,71.1329,1786921
2019-09-23,TLT,112.8963,111.7109,1249444
2019-09-23,VNQ,58.5127,57.5947,2958768
2019-09-24,GLD,125.8778,125.3519,4171242
2019-09-24,IWM,112.6472,116.3765,8013334
2019-09-24,QQQ,126.6849,125.7197,2312782
2019-09-24,SPY,71.2268,71.5956,4385844
2019-09-24,TLT,111.5805,110.7512,8373151
2019-09-24,VNQ,57.4928,58.5939,7781551
2019-09-25,GLD,125.5646,124.9686,3977322
2019-09-25,IWM,116.8664,116.6517,7671937
2019-09-25,QQQ,125.373,128.9736,3961585
2019-09-25,SPY,71.711,71.5612,2687522
2019-09-25,TLT,111.0893,111.5111,8455614
2019-09-25,VNQ,58.8206,58.21,7417479
2019-09-26,GLD,124.7026,126.2342,4804271
2019-09-26,IWM,115.9353,112.3497,4537964
2019-09-26,QQQ,128.7192,128.8755,3438629
2019-09-26,SPY,71.3538,70.7359,1191536
2019-09-26,TLT,111.4573,112.1783,5213190
2019-09-26,VNQ,58.2532,56.5978,4055936
2019-09-27,GLD,126.0464,128.2495,3731855
2019-09-27,IWM,112.4307,115.1465,5957108
2019-09-27,QQQ,129.0893,128.5473,1088871
2019-09-27,SPY,70.7792,70.6608,1284028
2019-09-27,TLT,112.3116,112.6606,5218889
2019-09-27,VNQ,56.7401,56.7953,1778142
2019-09-30,GLD,128.1122,128.5559,7397785
2019-09-30,IWM,115.0158,112.7951,7425841
2019-09-30,QQQ,129.7901,127.6613,1527314
2019-09-30,SPY,70.4827,70.7025,8350916
2019-09-30,TLT,112.6527,112.1022,8424293
2019-09-30,VNQ,56.5469,57.1433,8242634
2019-10-01,GLD,127.8254,128.3069,1544178
2019-10-01,IWM,113.0648,116.2057,7317078
2019-10-01,QQQ,127.7064,126.1924,5468328
2019-10-01,SPY,70.9041,71.4344,1090253
2019-10-01,TLT,112.3972,110.8355,8054732
2019-10-01,VNQ,56.9049,56.5007,2152785
2019-10-02,GLD,128.5072,128.9857,7485775
2019-10-02,IWM,116.9158,119.3076,7968616
2019-10-02,QQQ,125.4598,126.681,5785239
2019-10-02,SPY,71.5215,70.7472,5696818
2019-10-02,TLT,110.447,111.0978,5205999
2019-10-02,VNQ,56.5805,57.279,1802905
2019-10-03,GLD,128.9737,126.6906,1459271
2019-10-03,IWM,119.7322,120.8401,4570212
2019-10-03,QQQ,127.5008,125.1504,5088397
2019-10-03,SPY,70.7503,70.7203,4274727
2019-10-03,TLT,110.587,111.5208,1340613
2019-10-03,VNQ,57.2893,56.0896,5894860
2019-10-04,GLD,126.6648,126.6541,5547448
2019-10-04,IWM,120.9584,120.8435,8039564
2019-10-04,QQQ,124.9592,130.1823,1351756
2019-10-04,SPY,70.4671,69.4311,5223168
2019-10-04,TLT,111.4298,112.4828,7702548
2019-10-04,VNQ,56.026,56.8961,5381411
2019-10-07,GLD,126.681,125.377,5678834
2019-10-07,IWM,120.8832,119.3197,3751885
2019-10-07,QQQ,130.5745,131.1364,1277084
2019-10-07,SPY,69.4527,69.9204,8450949
2019-10-07,TLT,111.8534,112.4274,6473437
2019-10-07,VNQ,56.8547,57.326,1825285
2019-10-08,GLD,125.4535,128.2258,5392187
2019-10-08,IWM,119.678,120.9874,5889672
2019-10-08,QQQ,131.3564,130.9358,3967508
2019-10-08,SPY,69.777,69.1186,5659499
2019-10-08,TLT,112.2216,112.2712,3652341
2019-10-08,VNQ,57.1874,58.6385,2312857
2019-10-09,GLD,128.9342,129.0874,3286714
2019-10-09,IWM,120.5155,120.2877,1199838
2019-10-09,QQQ,130.8965,129.6949,5149274
2019-10-09,SPY,69.2494,67.7979,4223247
2019-10-09,TLT,112.0805,112.5499,1976918
2019-10-09,VNQ,58.784,58.3574,1741882
2019-10-10,GLD,129.1455,129.2464,3204047
2019-10-10,IWM,119.7114,122.206,3258481
2019-10-10,QQQ,129.7575,130.4749,1591913
2019-10-10,SPY,67.7762,67.7585,4078306
2019-10-10,TLT,112.4723,111.6064,4313144
2019-10-10,VNQ,58.2464,59.0171,1464134
2019-10-11,GLD,129.5051,128.996,4417708
2019-10-11,IWM,121.953,121.7135,5924828
2019-10-11,QQQ,129.4173,132.729,2351540
2019-10-11,SPY,67.6113,68.5694,948571
2019-10-11,TLT,111.756,110.7908,1055525
2019-10-11,VNQ,59.037,58.5994,6198150
2019-10-14,GLD,128.8396,125.9541,4550446
2019-10-14,IWM,120.9924,118.9582,2996151
2019-10-14,QQQ,133.2544,133.4845,5134769
2019-10-14,SPY,68.7396,67.4631,7631723
2019-10-14,TLT,110.4466,111.3936,4727196
2019-10-14,VNQ,58.6039,59.2203,5800805
2019-10-15,GLD,126.0622,126.793,6679177
2019-10-15,IWM,119.409,117.7548,4701103
2019-10-15,QQQ,132.2239,131.4601,5359464
2019-10-15,SPY,67.5935,66.6857,6444525
2019-10-15,TLT,111.5106,110.1376,5435041
2019-10-15,VNQ,59.1664,59.4193,6695750
2019-10-16,GLD,126.7013,128.748,2391344
2019-10-16,IWM,118.6777,117.8658,8172846
2019-10-16,QQQ,132.1989,131.2575,3965948
2019-10-16,SPY,66.5798,66.1613,6317499
2019-10-16,TLT,110.4313,110.0355,1499577
2019-10-16,VNQ,59.5301,60.0356,8087180
2019-10-17,GLD,128.7053,127.8527,2572273
2019-10-17,IWM,117.939,117.0322,7372936
2019-10-17,QQQ,131.2004,128.1622,4573531
2019-10-17,SPY,66.3674,65.3702,3501716
2019-10-17,TLT,110.4194,110.7733,6080970
2019-10-17,VNQ,59.8767,59.0942,5311465
2019-10-18,GLD,127.5821,128.6696,4591693
2019-10-18,IWM,116.601,117.2789,4819259
2019-10-18,QQQ,127.2132,131.2186,8461121
2019-10-18,SPY,65.318,65.6409,4170565
2019-10-18,TLT,110.4906,110.9817,4174453
2019-10-18,VNQ,59.0626,59.475,8068129
2019-10-21,GLD,128.4238,129.5399,7472978
2019-10-21,IWM,117.0003,115.7219,5408253
2019-10-21,QQQ,131.3944,132.8278,6766349
2019-10-21,SPY,65.5866,65.0806,6365067
2019-10-21,TLT,110.8851,111.3818,7519917
2019-10-21,VNQ,59.681,59.7683,7166104
2019-10-22,GLD,129.6833,127.6482,1355807
2019-10-22,IWM,114.9527,118.4848,4291401
2019-10-22,QQQ,133.7326,133.492,4565983
2019-10-22,SPY,65.1022,64.5846,3058936
2019-10-22,TLT,111.8492,110.2771,1560173
2019-10-22,VNQ,59.7268,60.9257,2812106
2019-10-23,GLD,127.8774,128.7715,2210287
2019-10-23,IWM,118.2284,117.5967,6925192
2019-10-23,QQQ,134.3737,134.3313,2443682
2019-10-23,SPY,64.4546,64.9944,7383041
2019-10-23,TLT,110.0278,110.1372,7232724
2019-10-23,VNQ,61.2781,60.6864,6727260
2019-10-24,GLD,128.9156,130.4205,2858679
2019-10-24,IWM,118.3162,118.5062,6129013
2019-10-24,QQQ,134.6277,133.4293,5052490
2019-10-24,SPY,64.9176,64.4759,1997246
2019-10-24,TLT,110.4114,109.857,5955506
2019-10-24,VNQ,60.5049,60.5674,8207813
2019-10-25,GLD,130.2166,130.6927,5632533
2019-10-25,IWM,118.9802,115.6702,6039210
2019-10-25,QQQ,133.7529,133.382,5528174
2019-10-25,SPY,64.4482,64.7809,2692039
2019-10-25,TLT,109.9449,110.427,1622395
2019-10-25,VNQ,60.5216,61.0783,2727656
2019-10-28,GLD,130.7944,130.6054,3068364
2019-10-28,IWM,115.9816,117.0923,3428633
2019-10-28,QQQ,133.546,135.5853,7699734
2019-10-28,SPY,65.0468,64.1161,3295318
2019-10-28,TLT,110.5622,110.8222,3281360
2019-10-28,VNQ,60.999,61.5028,6982396
2019-10-29,GLD,129.8264,131.5725,6493697
2019-10-29,IWM,117.4812,119.7796,7803625
2019-10-29,QQQ,136.078,135.7468,4350019
2019-10-29,SPY,64.3741,63.2949,4918159
2019-10-29,TLT,110.4109,110.8396,1863853
2019-10-29,VNQ,61.399,59.6076,3581727
2019-10-30,GLD,131.871,129.6624,4500033
2019-10-30,IWM,119.2943,120.8586,3101929
2019-10-30,QQQ,135.6567,137.2157,2450883
2019-10-30,SPY,63.2511,62.0688,3583924
2019-10-30,TLT,110.4891,112.7046,5832911
2019-10-30,VNQ,59.7648,59.4158,3845887
2019-10-31,GLD,129.6548,129.7687,8129543
2019-10-31,IWM,120.6073,120.4559,7778260
2019-10-31,QQQ,137.6157,137.9301,1201577
2019-10-31,SPY,62.337,63.3245,4005011
2019-10-31,TLT,112.4813,113.2401,5744801
2019-10-31,VNQ,59.1485,60.0772,7994045
2019-11-01,GLD,129.8563,131.0603,6084238
2019-11-01,IWM,120.8923,118.8666,4910885
2019-11-01,QQQ,137.3276,138.6741,2566061
2019-11-01,SPY,63.3171,63.114,1511414
2019-11-01,TLT,113.3937,112.9507,3367099
2019-11-01,VNQ,59.9072,59.8283,8493571
2019-11-04,GLD,131.4271,129.5234,6839782
2019-11-04,IWM,119.1221,119.9501,7655433
2019-11-04,QQQ,138.9294,139.6063,7553104
2019-11-04,SPY,63.1783,63.2856,1318124
2019-11-04,TLT,113.1513,112.3404,4135097
2019-11-04,VNQ,60.1645,58.4697,8024261
2019-11-05,GLD,129.3986,130.7371,1643211
2019-11-05,IWM,120.3441,120.9985,6128979
2019-11-05,QQQ,138.9289,142.0885,3828423
2019-11-05,SPY,63.4355,63.2712,7929638
2019-11-05,TLT,112.1405,112.3053,2898538
2019-11-05,VNQ,58.4741,58.231,3122750
2019-11-06,GLD,131.0394,130.215,3875250
2019-11-06,IWM,120.8749,118.7575,2688272
2019-11-06,QQQ,141.4992,141.7347,5103935
2019-11-06,SPY,63.3207,63.3867,4620343
2019-11-06,TLT,112.3773,111.744,7624963
2019-11-06,VNQ,58.5674,58.226,6262605
2019-11-07,GLD,130.0844,127.6738,5769258
2019-11-07,IWM,118.282,118.8195,8102454
2019-11-07,QQQ,142.5238,143.4752,8007788
2019-11-07,SPY,63.7978,63.4275,2860662
2019-11-07,TLT,111.7765,113.373,7657350
2019-11-07,VNQ,58.0408,57.538,6556793
2019-11-08,GLD,127.8439,127.5408,3590731
2019-11-08,IWM,119.3679,119.7964,1399061
2019-11-08,QQQ,143.6422,142.0478,5598696
2019-11-08,SPY,63.4689,64.7445,2243739
2019-11-08,TLT,113.1278,113.9496,4700302
2019-11-08,VNQ,57.8368,57.6074,6332309
2019-11-11,GLD,127.4232,126.3699,6791751
2019-11-11,IWM,119.7422,118.4802,4125051
2019-11-11,QQQ,143.1616,141.0823,6992823
2019-11-11,SPY,64.5373,64.0358,5004244
2019-11-11,TLT,113.6681,113.647,5970931
2019-11-11,VNQ,57.5754,56.8284,3683524
2019-11-12,GLD,126.4665,126.7471,2674161
2019-11-12,IWM,117.9731,119.5691,5374324
2019-11-12,QQQ,140.5658,139.84,5534913
2019-11-12,SPY,64.26,62.9843,4836665
2019-11-12,TLT,113.1507,113.0024,6777336
2019-11-12,VNQ,56.8292,56.6978,2840511
2019-11-13,GLD,127.1895,125.3469,2160093
2019-11-13,IWM,120.323,119.1376,6740089
2019-11-13,QQQ,138.871,141.9394,7497946
2019-11-13,SPY,62.9149,62.3133,1402608
2019-11-13,TLT,112.7059,111.9497,2269477
2019-11-13,VNQ,56.908,56.7622,6649083
2019-11-14,GLD,125.1596,126.5933,2781533
2019-11-14,IWM,118.822,121.7223,1872502
2019-11-14,QQQ,141.3942,141.5804,7120361
2019-11-14,SPY,62.2625,61.4369,4745741
2019-11-14,TLT,111.7329,111.6907,3989062
2019-11-14,VNQ,56.7356,58.0458,1587479
2019-11-15,GLD,126.4163,125.7093,1956177
2019-11-15,IWM,121.5954,119.5307,1405330
2019-11-15,QQQ,142.1039,144.5259,2119741
2019-11-15,SPY,60.9467,61.9385,5095429
2019-11-15,TLT,111.9798,113.004,4703115
2019-11-15,VNQ,57.8037,58.3088,8080653
2019-11-18,GLD,125.6181,126.1304,1307508
2019-11-18,IWM,120.2866,120.4847,2458995
2019-11-18,QQQ,144.9486,142.6104,5348090
2019-11-18,SPY,62.1047,62.4935,5945467
2019-11-18,TLT,113.1979,113.8607,7946084
2019-11-18,VNQ,58.4171,59.2515,2709212
2019-11-19,GLD,126.2269,125.422,1670389
2019-11-19,IWM,120.7668,120.7336,4149463
2019-11-19,QQQ,141.8507,143.7445,7783117
2019-11-19,SPY,62.6306,61.8621,5809716
2019-11-19,TLT,113.7926,113.8227,6392780
2019-11-19,VNQ,58.9753,59.4195,2949719
2019-11-20,GLD,126.2485,125.0378,4358691
2019-11-20,IWM,120.5362,117.5214,7739276
2019-11-20,QQQ,143.4524,141.5537,7307768
2019-11-20,SPY,61.9945,60.9564,2894327
2019-11-20,TLT,113.8832,113.9826,7371370
2019-11-20,VNQ,59.4079,58.5847,2104707
2019-11-21,GLD,124.8735,126.4522,5706159
2019-11-21,IWM,117.5068,115.9797,4200489
2019-11-21,QQQ,141.6359,144.283,8403424
2019-11-21,SPY,61.1163,60.7341,1506066
2019-11-21,TLT,113.7475,112.1438,3733276
2019-11-21,VNQ,58.675,57.7474,1404338
2019-11-22,GLD,125.8493,126.7086,5345839
2019-11-22,IWM,115.6352,114.5821,3596741
2019-11-22,QQQ,144.0419,143.085,4184999
2019-11-22,SPY,61.0097,61.6549,1017711
2019-11-22,TLT,111.5404,112.9197,1957224
2019-11-22,VNQ,57.8349,58.3272,3771738
2019-11-25,GLD,126.5199,126.2357,3912865
2019-11-25,IWM,114.4308,116.1841,3255086
2019-11-25,QQQ,141.918,144.3848,5773193
2019-11-25,SPY,61.6473,59.8302,8314692
2019-11-25,TLT,112.9586,112.7229,2996964
2019-11-25,VNQ,58.2217,57.1732,8082842
2019-11-26,GLD,125.7706,124.7514,7395561
2019-11-26,IWM,116.6889,115.6179,7209779
2019-11-26,QQQ,145.8564,143.1991,3194635
2019-11-26,SPY,59.9806,60.178,1605793
2019-11-26,TLT,112.8407,114.1226,3989789
2019-11-26,VNQ,57.286,56.0458,6113124
2019-11-27,GLD,124.5939,126.1264,1192380
2019-11-27,IWM,114.4406,115.6424,4523413
2019-11-27,QQQ,144.3802,141.8574,2884721
2019-11-27,SPY,60.0583,59.4982,2139873
2019-11-27,TLT,113.899,113.9683,7297734
2019-11-27,VNQ,56.0468,56.688,2566914
2019-11-28,GLD,126.1395,127.0034,3737407
2019-11-28,IWM,115.313,115.9316,7637448
2019-11-28,QQQ,142.3226,142.6833,1600700
2019-11-28,SPY,59.4419,60.1746,1151981
2019-11-28,TLT,114.2473,113.5091,2090133
2019-11-28,VNQ,56.7298,56.1148,1897225
2019-11-29,GLD,126.7234,126.6132,1784864
2019-11-29,IWM,116.2138,120.4079,4625307
2019-11-29,QQQ,142.1261,139.3307,1138463
2019-11-29,SPY,60.3451,59.4939,2898067
2019-11-29,TLT,113.7483,113.7525,1536379
2019-11-29,VNQ,55.9373,55.3146,2369782
2019-12-02,GLD,126.4173,126.9061,4510361
2019-12-02,IWM,119.4926,120.0298,7311738
2019-12-02,QQQ,138.3919,137.1374,8064118
2019-12-02,SPY,59.5563,59.3225,4747276
2019-12-02,TLT,113.9321,113.1449,5156087
2019-12-02,VNQ,55.1684,56.4726,7270681
2019-12-03,GLD,126.354,125.6794,3662318
2019-12-03,IWM,119.8776,123.4975,5329255
2019-12-03,QQQ,137.5601,140.609,3318517
2019-12-03,SPY,59.1111,58.3834,6497432
2019-12-03,TLT,112.6456,114.5245,2511389
2019-12-03,VNQ,56.1079,55.8608,7825881
2019-12-04,GLD,125.7418,124.4823,5995543
2019-12-04,IWM,124.3808,123.2022,6773428
2019-12-04,QQQ,140.9297,139.1747,7776563
2019-12-04,SPY,58.4399,57.7858,5295970
2019-12-04,TLT,114.5091,114.8483,1747078
2019-12-04,VNQ,55.7545,56.2917,7126510
2019-12-05,GLD,124.2702,123.5171,1295774
2019-12-05,IWM,124.0893,120.445,8272663
2019-12-05,QQQ,139.7946,141.2055,3479276
2019-12-05,SPY,57.7576,58.6605,3459278
2019-12-05,TLT,114.9825,115.2573,4900121
2019-12-05,VNQ,56.1613,56.2694,4585584
2019-12-06,GLD,123.8439,123.9335,6829580
2019-12-06,IWM,120.1811,119.0605,2514245
2019-12-06,QQQ,141.9248,139.6826,3198947
2019-12-06,SPY,58.532,59.1892,5612355
2019-12-06,TLT,115.0079,115.6361,4779847
2019-12-06,VNQ,56.4948,56.3651,3475045
2019-12-09,GLD,124.2512,124.2841,6926381
2019-12-09,IWM,118.9811,116.9619,3404075
2019-12-09,QQQ,139.5466,136.5563,2526164
2019-12-09,SPY,59.258,58.9462,7562976
2019-12-09,TLT,115.476,115.3173,3923076
2019-12-09,VNQ,56.4557,56.3978,6701953
2019-12-10,GLD,124.0374,123.416,7672988
2019-12-10,IWM,117.2083,116.3678,2614055
2019-12-10,QQQ,136.4006,135.9989,3785579
2019-12-10,SPY,58.8824,58.4107,1290407
2019-12-10,TLT,115.5103,115.8505,3791772
2019-12-10,VNQ,56.3209,57.1162,5878896
2019-12-11,GLD,123.3169,124.284,2371467
2019-12-11,IWM,115.6343,113.9516,7088603
2019-12-11,QQQ,136.0892,138.0871,4065694
2019-12-11,SPY,58.1656,57.2492,2710409
2019-12-11,TLT,116.356,116.0735,2197591
2019-12-11,VNQ,56.8146,58.1879,5254311
2019-12-12,GLD,124.3092,125.2141,3721432
2019-12-12,IWM,113.367,112.4791,5207267
2019-12-12,QQQ,137.9498,138.3302,5630454
2019-12-12,SPY,57.0792,57.0198,4198376
2019-12-12,TLT,116.2602,117.9326,5598423
2019-12-12,VNQ,58.3468,57.5133,3009289
2019-12-13,GLD,125.4486,125.4244,7058793
2019-12-13,IWM,111.8346,115.6845,3737936
2019-12-13,QQQ,137.7068,138.0098,7692150
2019-12-13,SPY,57.2905,57.0125,3286167
2019-12-13,TLT,117.9732,118.0459,3309682
2019-12-13,VNQ,57.2439,58.6256,3553669
2019-12-16,GLD,124.9382,126.6672,5659136
2019-12-16,IWM,115.7695,116.1227,6081597
2019-12-16,QQQ,138.0148,140.1044,6139494
2019-12-16,SPY,56.7817,56.973,6825138
2019-12-16,TLT,117.8916,118.4888,3416059
2019-12-16,VNQ,58.61,58.4688,2201050
2019-12-17,GLD,126.6557,126.3303,1168607
2019-12-17,IWM,115.5194,116.7239,8442980
2019-12-17,QQQ,140.8127,138.8003,2981043
2019-12-17,SPY,57.007,56.9278,6161532
2019-12-17,TLT,118.1828,118.0684,2158898
2019-12-17,VNQ,58.5555,58.3455,8475875
2019-12-18,GLD,126.8993,126.2024,6289458
2019-12-18,IWM,117.1778,119.8875,7226630
2019-12-18,QQQ,138.844,140.6235,4453848
2019-12-18,SPY,57.0208,56.26,7726602
2019-12-18,TLT,117.8247,117.7409,5144132
2019-12-18,VNQ,58.3678,58.8494,4839636
2019-12-19,GLD,126.1863,126.7751,3468682
2019-12-19,IWM,119.5625,117.078,4673331
2019-12-19,QQQ,140.8127,141.5871,4802402
2019-12-19,SPY,56.3564,56.2323,7436131
2019-12-19,TLT,117.8202,117.4879,6998857
2019-12-19,VNQ,58.566,58.452,4732858
2019-12-20,GLD,126.8523,126.7423,7274487
2019-12-20,IWM,116.6774,118.0813,3235554
2019-12-20,QQQ,142.6558,139.6983,1731308
2019-12-20,SPY,56.0482,56.2215,1938629
2019-12-20,TLT,117.3416,118.9067,2971336
2019-12-20,VNQ,58.2025,57.7811,7562055
2019-12-23,GLD,126.7535,127.7052,7965443
2019-12-23,IWM,118.2675,117.3102,2330661
2019-12-23,QQQ,139.3857,141.9581,4606431
2019-12-23,SPY,56.1732,57.0168,7617010
2019-12-23,TLT,119.2443,119.0698,1187746
2019-12-23,VNQ,57.4641,58.8892,6935457
2019-12-24,GLD,127.3563,126.2114,4189583
2019-12-24,IWM,116.6561,117.2911,2063081
2019-12-24,QQQ,141.9712,144.6844,4088860
2019-12-24,SPY,57.0383,58.1814,6751317
2019-12-24,TLT,118.7005,120.1791,4858881
2019-12-24,VNQ,58.8367,58.4669,8348647
2019-12-25,GLD,126.5071,127.9328,2053165
2019-12-25,IWM,117.1177,116.1683,2952357
2019-12-25,QQQ,144.561,144.446,5164024
2019-12-25,SPY,58.3062,58.1097,3089541
2019-12-25,TLT,119.856,119.9906,2833357
2019-12-25,VNQ,58.6069,56.9378,1388348
2019-12-26,GLD,128.0259,127.0017,6361943
2019-12-26,IWM,116.1073,116.4052,4888936
2019-12-26,QQQ,144.4361,144.9996,5491170
2019-12-26,SPY,58.0094,57.6484,3648378
2019-12-26,TLT,119.9625,119.6977,5290100
2019-12-26,VNQ,56.9381,54.6408,5193197
2019-12-27,GLD,127.0626,126.8146,1177796
2019-12-27,IWM,116.283,118.5509,7468454
2019-12-27,QQQ,145.2188,144.676,8424041
2019-12-27,SPY,57.4691,57.6222,4935392
2019-12-27,TLT,119.7425,117.7751,3177070
2019-12-27,VNQ,54.7163,54.8626,7805678
2019-12-30,GLD,127.045,125.1854,4738318
2019-12-30,IWM,119.1945,120.6825,5625141
2019-12-30,QQQ,144.1147,142.5253,3447340
2019-12-30,SPY,57.777,57.2624,3609025
2019-12-30,TLT,117.7941,118.7353,1849969
2019-12-30,VNQ,55.1037,54.7613,3045789
2019-12-31,GLD,125.4309,125.9087,7266481
2019-12-31,IWM,121.0481,121.1573,3446680
2019-12-31,QQQ,142.4576,144.5228,1017046
2019-12-31,SPY,57.4321,56.8231,4022752
2019-12-31,TLT,118.4406,121.0135,7141644
2019-12-31,VNQ,54.7505,55.9614,4133110
2020-01-01,GLD,125.3569,127.4452,1405930
2020-01-01,IWM,121.7908,122.6537,5827256
2020-01-01,QQQ,145.8078,142.6125,4701779
2020-01-01,SPY,56.8794,56.8017,6868482
2020-01-01,TLT,120.8072,120.8729,4575101
2020-01-01,VNQ,55.9032,55.1508,4185710
2020-01-02,GLD,127.6033,128.7541,6955864
2020-01-02,IWM,122.5309,120.585,1954963
2020-01-02,QQQ,142.0369,144.027,2556072
2020-01-02,SPY,56.7092,56.185,6038012
2020-01-02,TLT,121.1203,122.5186,8460302
2020-01-02,VNQ,55.0779,54.3212,7438240
2020-01-03,GLD,128.5891,129.7851,3999172
2020-01-03,IWM,119.8521,115.6061,1823442
2020-01-03,QQQ,144.2059,143.1446,8284614
2020-01-03,SPY,56.2462,56.5655,6511919
2020-01-03,TLT,122.4122,123.5501,2575217
2020-01-03,VNQ,54.2056,54.3477,8311479
2020-01-06,GLD,129.8472,127.9029,4672597
2020-01-06,IWM,115.3604,117.4099,1619683
2020-01-06,QQQ,143.9498,141.2034,6969668
2020-01-06,SPY,56.5821,56.5175,2628375
2020-01-06,TLT,123.4146,122.9171,2997466
2020-01-06,VNQ,54.2379,55.2676,4196920
2020-01-07,GLD,127.6997,126.9748,4518650
2020-01-07,IWM,117.7584,120.9717,4486957
2020-01-07,QQQ,142.3652,142.7842,2953865
2020-01-07,SPY,56.6444,56.6842,1045545
2020-01-07,TLT,123.0895,123.861,7435183
2020-01-07,VNQ,55.1089,56.2567,8313160
2020-01-08,GLD,126.7277,126.4353,1858789
2020-01-08,IWM,121.4981,121.839,4066362
2020-01-08,QQQ,143.265,143.5545,1936168
2020-01-08,SPY,56.4949,56.5886,7277004
2020-01-08,TLT,123.9715,122.9989,2041813
2020-01-08,VNQ,56.311,56.2864,1253824
2020-01-09,GLD,126.7341,125.338,5841946
2020-01-09,IWM,121.6435,120.7955,1859658
2020-01-09,QQQ,143.0187,147.888,7706240
2020-01-09,SPY,56.6062,56.165,5524122
2020-01-09,TLT,123.0022,122.7891,4580751
2020-01-09,VNQ,56.08,55.8405,1896801
2020-01-10,GLD,125.3491,126.69,3128401
2020-01-10,IWM,120.2537,120.9233,1194486
2020-01-10,QQQ,147.7405,148.003,2957699
2020-01-10,SPY,56.1411,55.6132,6321018
2020-01-10,TLT,123.2497,124.2352,7395140
2020-01-10,VNQ,55.7904,55.9419,1876686
2020-01-13,GLD,126.6191,126.9267,5008378
2020-01-13,IWM,120.6627,123.1327,4157364
2020-01-13,QQQ,148.7812,148.6118,6980311
2020-01-13,SPY,55.4482,55.4878,2849156
2020-01-13,TLT,123.8637,124.5295,6463831
2020-01-13,VNQ,56.0928,57.0262,2952425
2020-01-14,GLD,126.8544,126.9136,4277474
2020-01-14,IWM,122.3096,121.1043,7767175
2020-01-14,QQQ,149.375,149.1477,3883016
2020-01-14,SPY,55.5198,55.1785,2229209
2020-01-14,TLT,124.6359,123.3683,7350515
2020-01-14,VNQ,57.0994,56.9787,2774401
2020-01-15,GLD,126.9524,127.5164,3155476
2020-01-15,IWM,121.0003,121.277,4037508
2020-01-15,QQQ,148.8431,148.8623,6082285
2020-01-15,SPY,55.1836,55.3329,3678974
2020-01-15,TLT,123.2062,125.037,4971097
2020-01-15,VNQ,57.263,56.6706,3689184
2020-01-16,GLD,127.5263,126.392,8218835
2020-01-16,IWM,120.7089,122.4081,7508767
2020-01-16,QQQ,148.8517,152.1385,6698710
2020-01-16,SPY,55.2721,55.3466,3286658
2020-01-16,TLT,125.3162,123.9524,2574391
2020-01-16,VNQ,56.4729,56.9995,4919188
2020-01-17,GLD,125.7007,125.3293,3721884
2020-01-17,IWM,121.608,120.6382,8417344
2020-01-17,QQQ,152.9938,155.9298,5343062
2020-01-17,SPY,55.4053,54.5612,1179064
2020-01-17,TLT,123.6911,123.8977,3601043
2020-01-17,VNQ,56.9884,57.1549,2281447
2020-01-20,GLD,125.0861,124.3075,2524111
2020-01-20,IWM,119.731,124.4077,6262494
2020-01-20,QQQ,155.3252,157.8415,2409813
2020-01-20,SPY,54.3544,54.6169,3454734
2020-01-20,TLT,124.0802,123.6422,2307892
2020-01-20,VNQ,56.9163,57.2484,2686113
2020-01-21,GLD,124.2535,124.9118,2549683
2020-01-21,IWM,124.925,125.9357,5499474
2020-01-21,QQQ,158.7925,155.7537,5228028
2020-01-21,SPY,54.6091,53.8536,5595430
2020-01-21,TLT,123.5352,123.5885,6760179
2020-01-21,VNQ,57.1377,58.7719,4207923
2020-01-22,GLD,125.1487,125.3345,5921668
2020-01-22,IWM,125.5456,129.0618,1416479
2020-01-22,QQQ,154.6434,157.1252,7474090
2020-01-22,SPY,53.9158,53.5158,7968118
2020-01-22,TLT,124.2861,122.7863,6712785
2020-01-22,VNQ,58.9457,59.2824,2344228
2020-01-23,GLD,125.7558,126.0405,991340
2020-01-23,IWM,129.2415,127.1033,2560724
2020-01-23,QQQ,156.4731,157.5747,2095995
2020-01-23,SPY,53.5565,53.3641,8200647
2020-01-23,TLT,122.8522,121.1496,2689451
2020-01-23,VNQ,59.1235,59.3869,4209262
2020-01-24,GLD,125.779,127.3516,6273338
2020-01-24,IWM,127.3492,127.5533,4924608
2020-01-24,QQQ,157.9428,156.8197,8484112
2020-01-24,SPY,53.5181,52.2078,4366345
2020-01-24,TLT,121.746,123.2701,7696708
2020-01-24,VNQ,59.3194,59.1468,7168694
2020-01-27,GLD,127.9548,125.7491,7062801
2020-01-27,IWM,127.7258,130.4747,6761125
2020-01-27,QQQ,157.1311,153.4924,2279169
2020-01-27,SPY,52.0402,52.2757,7909280
2020-01-27,TLT,123.0894,122.3682,3517381
2020-01-27,VNQ,59.2678,58.9676,8113956
2020-01-28,GLD,125.7954,125.1057,7515908
2020-01-28,IWM,130.3922,131.3817,4250100
2020-01-28,QQQ,152.8693,155.871,2222137
2020-01-28,SPY,52.0651,52.3774,5583671
2020-01-28,TLT,122.2076,121.539,1215097
2020-01-28,VNQ,59.0301,59.3644,1509362
2020-01-29,GLD,125.2692,125.3015,8326515
2020-01-29,IWM,130.1815,133.864,8215831
2020-01-29,QQQ,157.0001,159.0454,7679576
2020-01-29,SPY,52.4109,52.306,6724117
2020-01-29,TLT,121.638,119.0726,1108520
2020-01-29,VNQ,58.9685,59.9275,6693551
2020-01-30,GLD,125.1623,123.7363,6023006
2020-01-30,IWM,133.1691,130.364,2110159
2020-01-30,QQQ,158.5621,160.1208,1018697
2020-01-30,SPY,52.3698,52.0862,7973354
2020-01-30,TLT,118.6263,119.2854,924551
2020-01-30,VNQ,59.7848,59.4789,2501363
2020-01-31,GLD,123.5785,123.1375,6646177
2020-01-31,IWM,129.5894,130.2478,1728890
2020-01-31,QQQ,160.3754,161.5561,5362340
2020-01-31,SPY,52.3826,51.8956,7523612
2020-01-31,TLT,119.0408,120.7699,2466616
2020-01-31,VNQ,59.7021,59.1135,1410937
2020-02-03,GLD,123.5768,124.3456,3747519
2020-02-03,IWM,130.5987,126.5738,1591727
2020-02-03,QQQ,162.749,166.2468,3022797
2020-02-03,SPY,51.9814,51.3732,3914383
2020-02-03,TLT,121.1737,122.3928,6419202
2020-02-03,VNQ,59.4099,58.9371,6658207
2020-02-04,GLD,124.3017,125.6712,8232812
2020-02-04,IWM,126.867,125.7049,6273420
2020-02-04,QQQ,166.6116,171.5334,5443942
2020-02-04,SPY,51.2532,51.2427,3359870
2020-02-04,TLT,122.6952,125.54,3500081
2020-02-04,VNQ,58.9907,58.2742,5977975
2020-02-05,GLD,125.6618,126.9803,4260897
2020-02-05,IWM,125.7978,126.2838,4007495
2020-02-05,QQQ,172.3557,172.4649,6024979
2020-02-05,SPY,51.3534,50.9581,8090722
2020-02-05,TLT,125.4826,127.3412,3664165
2020-02-05,VNQ,58.6363,59.1032,4942406
2020-02-06,GLD,127.3509,127.0565,1632094
2020-02-06,IWM,126.0505,126.1257,6537163
2020-02-06,QQQ,171.7092,165.5266,5667672
2020-02-06,SPY,50.8428,51.0261,7896016
2020-02-06,TLT,127.6604,127.9348,4044592
2020-02-06,VNQ,59.2272,58.4672,6773001
2020-02-07,GLD,127.5982,126.8272,4511988
2020-02-07,IWM,126.5686,123.8858,7460382
2020-02-07,QQQ,165.1955,167.6648,2260101
2020-02-07,SPY,50.8235,50.3902,3120068
2020-02-07,TLT,128.068,128.1012,3110058
2020-02-07,VNQ,58.4832,58.6052,6584126
2020-02-10,GLD,126.4005,128.1532,5653021
2020-02-10,IWM,124.0553,124.4698,4318359
2020-02-10,QQQ,166.8448,168.3994,4253684
2020-02-10,SPY,50.7434,50.5357,4073558
2020-02-10,TLT,128.2382,129.8713,6799100
2020-02-10,VNQ,58.4892,59.3591,4828131
2020-02-11,GLD,128.1194,127.7289,5373327
2020-02-11,IWM,124.8092,125.7055,7293956
2020-02-11,QQQ,168.5735,170.5042,7011652
2020-02-11,SPY,50.5798,50.6316,996822
2020-02-11,TLT,129.6003,129.973,6166915
2020-02-11,VNQ,59.3204,58.6594,5345410
2020-02-12,GLD,127.7492,128.1644,4567745
2020-02-12,IWM,125.4997,125.5762,1069731
2020-02-12,QQQ,170.4897,169.5273,1119765
2020-02-12,SPY,50.7286,50.5735,6587310
2020-02-12,TLT,130.2546,130.3439,1890105
2020-02-12,VNQ,58.6358,58.0633,8302872
2020-02-13,GLD,128.7403,129.807,4943715
2020-02-13,IWM,125.3678,127.1138,7153872
2020-02-13,QQQ,169.0669,167.3258,5017530
2020-02-13,SPY,50.6498,50.3548,1680002
2020-02-13,TLT,130.1838,129.3913,8192496
2020-02-13,VNQ,57.7472,57.9879,4511845
2020-02-14,GLD,130.5921,129.3848,1988180
2020-02-14,IWM,126.7934,129.2888,1698868
2020-02-14,QQQ,167.7609,168.9663,1320917
2020-02-14,SPY,50.5997,50.6725,6856060
2020-02-14,TLT,129.822,129.6497,4145744
2020-02-14,VNQ,57.9286,58.3824,4759338
2020-02-17,GLD,129.3947,128.6687,1679680
2020-02-17,IWM,128.9786,131.6909,5687586
2020-02-17,QQQ,168.6754,168.5484,7405952
2020-02-17,SPY,50.7111,49.796,6161598
2020-02-17,TLT,129.3581,132.0719,8400637
2020-02-17,VNQ,58.3865,58.5447,7732257
2020-02-18,GLD,128.8082,128.686,991898
2020-02-18,IWM,130.9768,131.0967,1531688
2020-02-18,QQQ,169.3795,169.1541,5944688
2020-02-18,SPY,49.9586,50.0613,4227137
2020-02-18,TLT,132.809,132.1361,5230538
2020-02-18,VNQ,58.5646,58.611,7012120
2020-02-19,GLD,128.9763,129.4451,6775645
2020-02-19,IWM,130.6304,132.1329,3164150
2020-02-19,QQQ,169.485,170.5664,8411460
2020-02-19,SPY,49.9238,50.2111,3798108
2020-02-19,TLT,131.9464,132.7487,2996678
2020-02-19,VNQ,58.5089,59.5654,8472426
2020-02-20,GLD,129.8253,130.0665,7293493
2020-02-20,IWM,131.6036,130.9671,5417702
2020-02-20,QQQ,170.2357,171.1733,2514176
2020-02-20,SPY,50.0243,50.3833,8075749
2020-02-20,TLT,132.3537,130.1103,8046179
2020-02-20,VNQ,59.9481,59.1707,2174652
2020-02-21,GLD,129.9957,130.2887,3669661
2020-02-21,IWM,131.5969,130.8529,1091200
2020-02-21,QQQ,171.6949,167.8257,3176905
2020-02-21,SPY,50.5761,50.6105,7234830
2020-02-21,TLT,129.7906,131.8094,7021298
2020-02-21,VNQ,58.8626,58.701,4375707
2020-02-24,GLD,130.5814,131.0067,7963211
2020-02-24,IWM,131.2971,132.9561,5917019
2020-02-24,QQQ,167.9798,169.6179,2037498
2020-02-24,SPY,50.8107,50.2774,7255274
2020-02-24,TLT,131.9248,132.3904,2253668
2020-02-24,VNQ,58.4849,59.2118,5349288
2020-02-25,GLD,130.8185,129.0726,5648518
2020-02-25,IWM,133.3357,132.8015,4358899
2020-02-25,QQQ,170.6767,168.694,7298183
2020-02-25,SPY,50.3462,50.1579,4950564
2020-02-25,TLT,132.4779,134.1931,1860764
2020-02-25,VNQ,59.7608,59.3303,7323485
2020-02-26,GLD,128.2859,128.0603,3578721
2020-02-26,IWM,132.2499,131.9827,7243276
2020-02-26,QQQ,168.0477,168.4745,5930261
2020-02-26,SPY,50.1883,50.5217,6807003
2020-02-26,TLT,133.993,134.6236,4787442
2020-02-26,VNQ,59.2345,60.0693,5310685
2020-02-27,GLD,127.6711,128.2899,3263798
2020-02-27,IWM,131.7747,130.8992,6534898
2020-02-27,QQQ,169.1923,169.8715,6039000
2020-02-27,SPY,50.5442,50.7759,6110975
2020-02-27,TLT,134.8561,133.7563,5351031
2020-02-27,VNQ,60.1411,60.9213,4605627
2020-02-28,GLD,128.3844,127.2012,6863268
2020-02-28,IWM,131.2433,131.9363,924721
2020-02-28,QQQ,169.8009,166.4862,6645891
2020-02-28,SPY,50.6825,50.9094,7802435
2020-02-28,TLT,134.3372,132.2949,4753615
2020-02-28,VNQ,60.8302,60.1241,6736601
2020-03-02,GLD,127.4667,125.6309,4300215
2020-03-02,IWM,131.8193,135.1134,7528030
2020-03-02,QQQ,165.9688,166.1136,2330399
2020-03-02,SPY,51.1195,50.1113,3579484
2020-03-02,TLT,132.3364,133.011,1381843
2020-03-02,VNQ,59.9394,58.6048,6538735
2020-03-03,GLD,124.9901,124.2376,1700187
2020-03-03,IWM,134.6095,136.9924,2166300
2020-03-03,QQQ,166.7634,161.8711,3194547
2020-03-03,SPY,50.1997,50.4218,4715901
2020-03-03,TLT,133.2434,133.1037,5694403
2020-03-03,VNQ,58.4813,59.0457,7047258
2020-03-04,GLD,123.737,123.1968,8468285
2020-03-04,IWM,137.1362,136.6015,2288444
2020-03-04,QQQ,161.2499,160.7832,2879573
2020-03-04,SPY,50.4902,51.0789,5363280
2020-03-04,TLT,133.3705,132.0825,1271034
2020-03-04,VNQ,58.9351,59.0461,8222916
2020-03-05,GLD,123.2177,123.0221,3803307
2020-03-05,IWM,137.0047,138.2532,2008195
2020-03-05,QQQ,160.6404,161.8703,1542930
2020-03-05,SPY,51.1303,51.6561,1772273
2020-03-05,TLT,132.3376,132.1161,1904605
2020-03-05,VNQ,58.7255,59.2878,7597879
2020-03-06,GLD,122.0721,121.872,1006771
2020-03-06,IWM,138.9564,140.2286,5744316
2020-03-06,QQQ,162.006,161.7708,2803411
2020-03-06,SPY,51.8013,51.8079,6205326
2020-03-06,TLT,131.6181,131.482,4420264
2020-03-06,VNQ,59.4028,58.6549,1823815
2020-03-09,GLD,122.064,122.1763,1488060
2020-03-09,IWM,140.5149,143.2983,3611172
2020-03-09,QQQ,162.2756,161.3171,2008674
2020-03-09,SPY,51.878,50.9729,1316728
2020-03-09,TLT,131.9304,132.4128,7153067
2020-03-09,VNQ,58.7226,59.2784,2384462
2020-03-10,GLD,122.5072,124.1848,5760181
2020-03-10,IWM,142.9613,141.9595,7231909
2020-03-10,QQQ,161.446,162.9433,6099719
2020-03-10,SPY,51.0747,51.5125,3763515
2020-03-10,TLT,132.4114,132.0235,5122911
2020-03-10,VNQ,59.1723,59.1435,1905680
2020-03-11,GLD,123.3436,124.0466,2544164
2020-03-11,IWM,142.255,143.335,2252745
2020-03-11,QQQ,162.4138,162.1567,2217908
2020-03-11,SPY,51.3516,51.454,4510923
2020-03-11,TLT,132.0768,130.6887,2209066
2020-03-11,VNQ,59.1585,59.587,1492829
2020-03-12,GLD,124.3054,125.5855,2333182
2020-03-12,IWM,143.5204,142.5637,6718990
2020-03-12,QQQ,162.4432,158.4791,1677448
2020-03-12,SPY,51.5243,50.0995,4629905
2020-03-12,TLT,131.0525,130.6624,3594266
2020-03-12,VNQ,59.7632,60.3056,6574127
2020-03-13,GLD,125.5624,125.9645,5804917
2020-03-13,IWM,141.3476,141.5042,1686814
2020-03-13,QQQ,157.5242,161.2178,7148283
2020-03-13,SPY,50.3937,50.3247,5977769
2020-03-13,TLT,129.9129,130.0858,8442240
2020-03-13,VNQ,60.3765,60.4245,8252451
2020-03-16,GLD,126.4232,124.675,8156152
2020-03-16,IWM,142.1018,144.1629,7365901
2020-03-16,QQQ,160.2098,161.878,1305615
2020-03-16,SPY,50.2549,49.5493,7311459
2020-03-16,TLT,130.3356,131.8486,2926403
2020-03-16,VNQ,60.4808,60.393,1471588
2020-03-17,GLD,124.7933,124.41,6223986
2020-03-17,IWM,144.4991,145.3714,1729837
2020-03-17,QQQ,161.2105,163.9548,2313248
2020-03-17,SPY,49.5322,48.8883,1650812
2020-03-17,TLT,131.9526,131.3634,8384579
2020-03-17,VNQ,60.5031,59.9091,6824057
2020-03-18,GLD,124.3753,123.298,7136696
2020-03-18,IWM,145.4814,145.5941,6156035
2020-03-18,QQQ,164.3465,163.0738,4946670
2020-03-18,SPY,49.0052,48.5792,7962148
2020-03-18,TLT,131.8673,129.8928,2909484
2020-03-18,VNQ,60.0479,61.9991,8260084
2020-03-19,GLD,123.3689,124.2334,5778578
2020-03-19,IWM,146.5259,148.5569,3335315
2020-03-19,QQQ,162.5496,162.1238,7715310
2020-03-19,SPY,48.7039,49.2685,4086298
2020-03-19,TLT,130.0202,129.8659,5152112
2020-03-19,VNQ,61.9843,60.9853,1652023
2020-03-20,GLD,124.5468,122.9247,7223747
2020-03-20,IWM,148.8342,148.9816,2148273
2020-03-20,QQQ,162.3144,160.4206,2022498
2020-03-20,SPY,49.3509,49.096,3562525
2020-03-20,TLT,130.2759,129.6042,3251696
2020-03-20,VNQ,61.1728,61.5643,6887432
2020-03-23,GLD,123.0169,124.509,8253706
2020-03-23,IWM,149.5898,147.1504,1461451
2020-03-23,QQQ,160.3129,155.9126,7214386
2020-03-23,SPY,48.8838,49.2617,5950550
2020-03-23,TLT,129.9367,129.9353,6672860
2020-03-23,VNQ,61.7323,60.4535,6525117
2020-03-24,GLD,124.5587,125.2301,7265692
2020-03-24,IWM,147.548,149.1681,3840286
2020-03-24,QQQ,155.578,154.89,3731566
2020-03-24,SPY,49.3279,50.2161,1409523
2020-03-24,TLT,129.6143,130.1999,4155286
2020-03-24,VNQ,60.138,59.8702,5514622
2020-03-25,GLD,124.8412,122.8986,7836849
2020-03-25,IWM,148.6343,147.245,1722875
2020-03-25,QQQ,154.8009,153.5526,3552389
2020-03-25,SPY,50.0573,51.1049,7834792
2020-03-25,TLT,130.204,129.0345,1833970
2020-03-25,VNQ,59.7199,60.9715,4431620
2020-03-26,GLD,123.0775,123.8523,3513219
2020-03-26,IWM,147.1497,145.4676,1984890
2020-03-26,QQQ,154.632,157.3122,8332280
2020-03-26,SPY,50.9922,51.0728,7300403
2020-03-26,TLT,128.8488,128.9819,8205712
2020-03-26,VNQ,61.093,60.4528,8269339
2020-03-27,GLD,123.9002,125.7236,3300106
2020-03-27,IWM,145.4842,144.6573,2140983
2020-03-27,QQQ,157.9344,152.8985,6772693
2020-03-27,SPY,51.1478,50.9653,1812229
2020-03-27,TLT,128.9833,128.8659,6432547
2020-03-27,VNQ,60.4731,61.2988,2776014
2020-03-30,GLD,126.3126,124.8286,4747410
2020-03-30,IWM,144.5906,144.3937,3126785
2020-03-30,QQQ,152.9027,152.9976,4423346
2020-03-30,SPY,50.925,50.3061,4299180
2020-03-30,TLT,128.6345,127.5108,6578447
2020-03-30,VNQ,61.2548,61.0438,6067270
2020-03-31,GLD,124.8648,126.0376,4500246
2020-03-31,IWM,145.1344,146.3534,1882937
2020-03-31,QQQ,152.9106,152.5972,3249652
2020-03-31,SPY,50.4153,49.9577,1244333
2020-03-31,TLT,127.1032,126.8648,4975915
2020-03-31,VNQ,60.8331,61.7571,6345253
2020-04-01,GLD,126.0524,123.955,7909076
2020-04-01,IWM,145.4431,145.6699,5225965
2020-04-01,QQQ,151.3823,152.417,3748793
2020-04-01,SPY,50.3806,50.2105,8266627
2020-04-01,TLT,126.8457,127.0799,2933057
2020-04-01,VNQ,62.0573,60.7095,5384729
2020-04-02,GLD,123.8117,124.2923,6012857
2020-04-02,IWM,145.6951,141.9468,4748080
2020-04-02,QQQ,153.1678,152.0566,1800701
2020-04-02,SPY,50.315,50.4486,8252095
2020-04-02,TLT,127.0056,125.2957,2055518
2020-04-02,VNQ,60.6278,59.8882,2540162
2020-04-03,GLD,124.5463,122.3977,4480801
2020-04-03,IWM,141.1314,140.8495,8432409
2020-04-03,QQQ,152.1807,152.5353,2000445
2020-04-03,SPY,50.5463,50.5333,6697389
2020-04-03,TLT,125.4416,124.086,5189163
2020-04-03,VNQ,59.8299,61.0268,5663414
2020-04-06,GLD,122.379,122.9989,7600133
2020-04-06,IWM,141.6856,141.5575,6169913
2020-04-06,QQQ,152.9871,154.4808,1999886
2020-04-06,SPY,50.4122,51.1001,5018171
2020-04-06,TLT,124.556,123.5524,3656132
2020-04-06,VNQ,61.0843,61.316,3815750
2020-04-07,GLD,122.8346,120.98,8042466
2020-04-07,IWM,141.9613,141.3765,3614755
2020-04-07,QQQ,155.3533,150.6333,7970181
2020-04-07,SPY,51.0122,50.7046,3697313
2020-04-07,TLT,123.4668,123.4224,2907506
2020-04-07,VNQ,60.8674,60.5582,2845070
2020-04-08,GLD,121.4805,118.0483,3472528
2020-04-08,IWM,141.8692,141.195,4867940
2020-04-08,QQQ,150.3977,152.4884,4320958
2020-04-08,SPY,50.5605,50.6999,2480970
2020-04-08,TLT,123.3761,123.9446,1023416
2020-04-08,VNQ,60.8571,60.2241,6131707
2020-04-09,GLD,118.5872,118.5325,7085021
2020-04-09,IWM,140.3139,138.789,4624132
2020-04-09,QQQ,153.5432,151.7818,7380885
2020-04-09,SPY,50.6276,51.1245,7362271
2020-04-09,TLT,124.2926,122.4319,8472755
2020-04-09,VNQ,60.206,58.1898,2503015
2020-04-10,GLD,118.4454,121.1658,2997322
2020-04-10,IWM,138.8347,138.0744,2177425
2020-04-10,QQQ,150.825,149.4675,2497720
2020-04-10,SPY,50.9753,51.4717,2718806
2020-04-10,TLT,122.7088,122.711,1535622
2020-04-10,VNQ,58.194,57.9818,4523658
2020-04-13,GLD,120.9132,120.5287,4610594
2020-04-13,IWM,138.1904,139.3043,2794539
2020-04-13,QQQ,149.2011,145.2526,2925210
2020-04-13,SPY,51.3808,52.0922,5063277
2020-04-13,TLT,122.2912,123.341,1816419
2020-04-13,VNQ,57.8866,57.0487,3268999
2020-04-14,GLD,120.8925,121.5216,1503778
2020-04-14,IWM,138.4768,140.5809,7241074
2020-04-14,QQQ,144.7769,141.2201,4944770
2020-04-14,SPY,52.0631,52.3413,7307921
2020-04-14,TLT,123.3438,124.9824,3145336
2020-04-14,VNQ,57.1727,56.3819,1855630
2020-04-15,GLD,121.3229,121.6929,4905416
2020-04-15,IWM,141.306,138.961,5133320
2020-04-15,QQQ,140.8146,140.9627,2057035
2020-04-15,SPY,52.2013,52.1953,6321853
2020-04-15,TLT,124.5717,124.4712,3902097
2020-04-15,VNQ,56.1022,57.475,6135525
2020-04-16,GLD,122.552,121.3658,7360744
2020-04-16,IWM,140.1509,137.5765,1598332
2020-04-16,QQQ,141.6986,138.491,3076491
2020-04-16,SPY,51.9974,52.4257,3692096
2020-04-16,TLT,124.2377,123.4202,3260910
2020-04-16,VNQ,57.3302,57.1023,3201541
2020-04-17,GLD,121.3687,122.1186,4851508
2020-04-17,IWM,137.2484,135.7241,8229855
2020-04-17,QQQ,138.8742,136.0511,6830908
2020-04-17,SPY,52.2349,51.8931,7625576
2020-04-17,TLT,123.2829,121.7132,2333564
2020-04-17,VNQ,57.3624,56.6744,5408036
2020-04-20,GLD,122.4401,124.0746,1093578
2020-04-20,IWM,135.902,137.6417,4124443
2020-04-20,QQQ,136.4914,134.9314,4884285
2020-04-20,SPY,51.9562,51.017,1639811
2020-04-20,TLT,121.6688,122.2564,6656294
2020-04-20,VNQ,56.6376,55.9065,7797418
2020-04-21,GLD,123.7369,122.6809,2942705
2020-04-21,IWM,136.8519,136.2246,1307339
2020-04-21,QQQ,134.6009,134.8619,3812219
2020-04-21,SPY,51.0252,51.3626,5309342
2020-04-21,TLT,122.1706,123.602,2622512
2020-04-21,VNQ,55.5461,56.3942,5699068
2020-04-22,GLD,122.7137,123.3828,6176372
2020-04-22,IWM,135.9466,135.7563,6111344
2020-04-22,QQQ,135.0662,133.7992,7217667
2020-04-22,SPY,51.5039,51.3598,6543685
2020-04-22,TLT,123.6506,122.8068,6537847
2020-04-22,VNQ,56.3787,56.8005,1782472
2020-04-23,GLD,123.7465,123.8329,3559296
2020-04-23,IWM,136.086,134.2142,5810926
2020-04-23,QQQ,132.954,131.4256,6670068
2020-04-23,SPY,51.5037,51.5575,8100027
2020-04-23,TLT,122.8866,123.2435,6080049
2020-04-23,VNQ,56.5986,56.2176,7165883
2020-04-24,GLD,124.0058,122.2242,8330879
2020-04-24,IWM,134.2122,132.5239,4063965
2020-04-24,QQQ,131.7697,130.0889,1227817
2020-04-24,SPY,51.5105,50.6561,8410480
2020-04-24,TLT,123.665,124.1442,4663413
2020-04-24,VNQ,55.9713,55.072,2511839
2020-04-27,GLD,122.1118,124.1511,4149539
2020-04-27,IWM,132.9912,132.3416,6938704
2020-04-27,QQQ,129.3414,129.649,5576827
2020-04-27,SPY,50.747,50.4858,3927521
2020-04-27,TLT,124.3542,125.1633,1339102
2020-04-27,VNQ,55.1879,54.9374,7768542
2020-04-28,GLD,124.9198,126.5083,2586012
2020-04-28,IWM,132.0623,134.1422,8049327
2020-04-28,QQQ,129.3242,127.5189,8099850
2020-04-28,SPY,50.2915,50.19,2664570
2020-04-28,TLT,124.8604,124.7026,3978866
2020-04-28,VNQ,54.8442,55.0357,6382979
2020-04-29,GLD,126.7753,125.4234,4951758
2020-04-29,IWM,134.443,133.0984,3791834
2020-04-29,QQQ,126.9642,129.1845,3904387
2020-04-29,SPY,50.4977,49.755,3778582
2020-04-29,TLT,125.0674,125.4026,7428689
2020-04-29,VNQ,55.3302,53.6917,8290325
2020-04-30,GLD,125.4002,127.5503,5985536
2020-04-30,IWM,131.8445,135.4454,2369704
2020-04-30,QQQ,129.3942,131.601,7438734
2020-04-30,SPY,49.9145,48.5947,3329407
2020-04-30,TLT,125.4813,125.3517,5633842
2020-04-30,VNQ,53.5489,54.4775,1985267
2020-05-01,GLD,127.4132,127.6685,7556536
2020-05-01,IWM,134.6383,135.4066,5479141
2020-05-01,QQQ,131.028,134.1155,1165124
2020-05-01,SPY,48.5667,48.4476,5765618
2020-05-01,TLT,125.0191,124.3262,4678816
2020-05-01,VNQ,54.5723,53.8654,3163490
2020-05-04,GLD,127.6326,127.5226,2469183
2020-05-04,IWM,135.1079,136.9035,6908205
2020-05-04,QQQ,134.3593,133.3965,8136035
2020-05-04,SPY,48.2969,48.9427,6343994
2020-05-04,TLT,124.0471,124.6387,8363013
2020-05-04,VNQ,53.6276,53.939,7183566
2020-05-05,GLD,127.978,129.399,4582934
2020-05-05,IWM,136.5785,141.984,1212763
2020-05-05,QQQ,133.6649,132.6477,2245557
2020-05-05,SPY,48.9925,49.1703,3977682
2020-05-05,TLT,124.6418,125.0698,5365226
2020-05-05,VNQ,53.6994,53.4193,3203843
2020-05-06,GLD,129.2089,129.7298,8033510
2020-05-06,IWM,142.7304,146.8056,7440481
2020-05-06,QQQ,131.8632,130.7689,7857164
2020-05-06,SPY,48.9247,48.8823,1496339
2020-05-06,TLT,125.0859,124.0557,7208288
2020-05-06,VNQ,53.5201,52.9145,5738136
2020-05-07,GLD,129.7867,130.1794,5145110
2020-05-07,IWM,147.3354,147.5002,1486363
2020-05-07,QQQ,131.4569,133.4608,2413792
2020-05-07,SPY,48.7805,48.9022,6276635
2020-05-07,TLT,124.1401,124.5903,7482185
2020-05-07,VNQ,52.7737,53.54,7859561
2020-05-08,GLD,129.9733,132.1138,4011703
2020-05-08,IWM,147.2975,147.7494,7290356
2020-05-08,QQQ,133.7791,132.4593,3501537
2020-05-08,SPY,49.0003,49.3281,4627086
2020-05-08,TLT,124.1615,126.8544,4441244
2020-05-08,VNQ,53.5912,53.6086,6641778
2020-05-11,GLD,132.5556,133.7867,6273165
2020-05-11,IWM,147.2108,147.5083,1771987
2020-05-11,QQQ,132.1402,136.8358,6605678
2020-05-11,SPY,49.3381,47.9186,4937427
2020-05-11,TLT,126.7497,125.2502,4302696
2020-05-11,VNQ,53.6149,52.6025,8358942
2020-05-12,GLD,133.7836,134.9764,1786602
2020-05-12,IWM,146.9115,149.1186,5038985
2020-05-12,QQQ,136.5462,132.6543,8284782
2020-05-12,SPY,47.8556,47.8821,7403435
2020-05-12,TLT,125.8142,126.0904,7840316
2020-05-12,VNQ,52.7129,52.8343,7379798
2020-05-13,GLD,135.302,133.2574,6975417
2020-05-13,IWM,148.8024,145.212,2778036
2020-05-13,QQQ,132.568,133.0725,4205644
2020-05-13,SPY,48.0041,48.1891,6542183
2020-05-13,TLT,125.5973,127.176,6011397
2020-05-13,VNQ,52.8042,53.3892,4686274
2020-05-14,GLD,133.4854,131.347,2461748
2020-05-14,IWM,144.9744,143.8186,1853454
2020-05-14,QQQ,133.2117,134.0551,7724864
2020-05-14,SPY,48.0553,48.5705,5343964
2020-05-14,TLT,126.7858,127.3019,3179009
2020-05-14,VNQ,53.3398,53.2796,1846007
2020-05-15,GLD,131.2139,132.808,8292639
2020-05-15,IWM,143.9191,143.6156,7019869
2020-05-15,QQQ,134.1458,134.041,1269398
2020-05-15,SPY,48.6075,49.4919,7175988
2020-05-15,TLT,127.2972,127.7383,6958975
2020-05-15,VNQ,53.2887,54.0093,4299318
2020-05-18,GLD,133.0774,131.7058,8267378
2020-05-18,IWM,143.2357,142.1143,5365887
2020-05-18,QQQ,133.637,135.2068,8291673
2020-05-18,SPY,49.4259,50.1263,7989023
2020-05-18,TLT,127.8059,127.5105,3529125
2020-05-18,VNQ,54.0704,53.3901,2240771
2020-05-19,GLD,132.0481,131.9469,6514857
2020-05-19,IWM,141.3997,140.1605,6824096
2020-05-19,QQQ,135.5876,139.3218,3556035
2020-05-19,SPY,50.0127,50.3237,5212623
2020-05-19,TLT,127.3329,129.1098,3583890
2020-05-19,VNQ,53.4479,54.0352,4777174
2020-05-20,GLD,131.6361,130.6703,1237838
2020-05-20,IWM,140.025,142.8983,2619003
2020-05-20,QQQ,139.0679,139.224,7856221
2020-05-20,SPY,50.3862,50.5163,3130391
2020-05-20,TLT,129.1358,128.1091,5402271
2020-05-20,VNQ,53.9536,54.189,2598145
2020-05-21,GLD,130.9365,130.4998,5450531
2020-05-21,IWM,143.1703,139.9874,4195865
2020-05-21,QQQ,139.0924,140.9571,5930687
2020-05-21,SPY,50.3822,50.9738,7849502
2020-05-21,TLT,128.0619,128.0133,7020175
2020-05-21,VNQ,54.4783,54.3076,5860241
2020-05-22,GLD,131.6552,128.9882,6513838
2020-05-22,IWM,139.8753,139.1937,1000428
2020-05-22,QQQ,140.5495,140.0081,3825812
2020-05-22,SPY,51.234,50.7102,3459346
2020-05-22,TLT,127.7576,125.8966,6714440
2020-05-22,VNQ,54.181,55.2562,3358922
2020-05-25,GLD,128.9444,131.0473,6349646
2020-05-25,IWM,139.3343,138.1053,1054787
2020-05-25,QQQ,140.4539,137.3931,6576237
2020-05-25,SPY,50.6309,50.7184,6836516
2020-05-25,TLT,125.869,126.3029,7340801
2020-05-25,VNQ,55.1742,55.7488,8184813
2020-05-26,GLD,131.2945,129.8483,1902168
2020-05-26,IWM,137.6163,137.2482,2405414
2020-05-26,QQQ,137.8154,135.2272,3302155
2020-05-26,SPY,50.9893,51.2435,7199883
2020-05-26,TLT,126.197,126.7617,1079185
2020-05-26,VNQ,55.3966,55.5348,6661978
2020-05-27,GLD,129.4847,129.7555,1828970
2020-05-27,IWM,137.6749,135.2587,3248615
2020-05-27,QQQ,135.8513,136.9601,4771488
2020-05-27,SPY,51.0936,52.3602,7413639
2020-05-27,TLT,126.8406,124.9435,6561474
2020-05-27,VNQ,55.4373,55.8954,2599927
2020-05-28,GLD,129.9451,129.582,6296389
2020-05-28,IWM,135.3955,136.8378,4672295
2020-05-28,QQQ,136.5832,137.6372,5795535
2020-05-28,SPY,52.4453,52.3023,6952666
2020-05-28,TLT,125.1149,124.0215,7531223
2020-05-28,VNQ,55.9126,55.4301,4835735
2020-05-29,GLD,129.4484,131.1251,6517835
2020-05-29,IWM,137.7242,136.6858,6834902
2020-05-29,QQQ,137.6355,134.7111,7844256
2020-05-29,SPY,52.1346,52.3066,1048086
2020-05-29,TLT,123.7601,124.5722,4682795
2020-05-29,VNQ,55.5844,55.7913,3657908
2020-06-01,GLD,131.4128,129.4351,6374022
2020-06-01,IWM,136.6389,140.2586,2833733
2020-06-01,QQQ,135.0125,135.3748,2566290
2020-06-01,SPY,52.1192,52.4495,6889116
2020-06-01,TLT,124.5261,124.0587,1695884
2020-06-01,VNQ,55.8402,56.7274,4758603
2020-06-02,GLD,129.467,129.452,2565535
2020-06-02,IWM,140.8861,137.5906,8164599
2020-06-02,QQQ,134.8365,136.642,2759643
2020-06-02,SPY,52.472,53.2416,1017331
2020-06-02,TLT,123.7528,122.7603,1051100
2020-06-02,VNQ,56.971,57.607,4432301
2020-06-03,GLD,129.1377,129.2542,4576308
2020-06-03,IWM,137.2642,137.9132,4912912
2020-06-03,QQQ,136.0129,137.686,1948108
2020-06-03,SPY,53.3383,53.2566,6315136
2020-06-03,TLT,122.6447,120.0975,2912918
2020-06-03,VNQ,57.7857,57.1072,6820242
2020-06-04,GLD,129.6404,129.9614,7591140
2020-06-04,IWM,138.2154,135.4557,4595093
2020-06-04,QQQ,137.9389,140.0924,4520474
2020-06-04,SPY,53.0752,54.1342,5723091
2020-06-04,TLT,120.1127,120.4729,3485889
2020-06-04,VNQ,57.0388,56.9446,5039815
2020-06-05,GLD,129.9424,130.6013,1787686
2020-06-05,IWM,135.1258,135.9848,3579023
2020-06-05,QQQ,139.5804,137.1009,999313
2020-06-05,SPY,54.3061,53.6094,7299314
2020-06-05,TLT,120.6412,122.5525,8404842
2020-06-05,VNQ,57.3988,57.4139,2054570
2020-06-08,GLD,130.3342,130.0892,7528758
2020-06-08,IWM,135.2504,138.3825,3943352
2020-06-08,QQQ,136.9584,135.2181,2831019
2020-06-08,SPY,53.495,53.5354,3430386
2020-06-08,TLT,122.3209,122.0596,2908097
2020-06-08,VNQ,57.6759,57.8464,4257154
2020-06-09,GLD,130.1575,130.4433,1817651
2020-06-09,IWM,138.1051,136.1905,7704145
2020-06-09,QQQ,134.7467,133.1099,7527146
2020-06-09,SPY,53.5542,53.4547,2187723
2020-06-09,TLT,122.2104,122.527,2194061
2020-06-09,VNQ,58.1227,57.3137,8116347
2020-06-10,GLD,130.1917,130.0418,5674812
2020-06-10,IWM,135.7467,138.2369,4974879
2020-06-10,QQQ,133.7771,133.4657,6532625
2020-06-10,SPY,53.5091,53.94,7534445
2020-06-10,TLT,122.4823,122.977,7217730
2020-06-10,VNQ,57.0537,57.4769,1507123
2020-06-11,GLD,130.2121,130.6781,4223559
2020-06-11,IWM,138.2641,136.6913,4722150
2020-06-11,QQQ,133.8216,136.1906,1929312
2020-06-11,SPY,54.026,54.5809,1269340
2020-06-11,TLT,122.8876,122.8813,2246580
2020-06-11,VNQ,57.6265,57.7653,3879300
2020-06-12,GLD,130.7065,130.6115,8029514
2020-06-12,IWM,136.7637,134.5194,2210215
2020-06-12,QQQ,136.3419,135.3664,8224061
2020-06-12,SPY,54.3188,53.7389,3877402
2020-06-12,TLT,122.7994,122.981,3948319
2020-06-12,VNQ,57.5189,58.8906,4038272
2020-06-15,GLD,130.5445,129.8649,3165374
2020-06-15,IWM,134.2842,135.2355,2920863
2020-06-15,QQQ,135.8849,136.1515,4367220
2020-06-15,SPY,53.9723,53.2479,6780336
2020-06-15,TLT,122.8009,123.1,6982987
2020-06-15,VNQ,58.9502,59.073,3468312
2020-06-16,GLD,130.1191,129.8912,1288597
2020-06-16,IWM,134.2762,136.7851,5186398
2020-06-16,QQQ,136.2207,138.0339,6688481
2020-06-16,SPY,53.328,53.4735,6553522
2020-06-16,TLT,123.1771,122.1526,2042055
2020-06-16,VNQ,59.4217,59.0214,2869477
2020-06-17,GLD,129.5443,130.399,4683134
2020-06-17,IWM,137.0828,137.129,3959336
2020-06-17,QQQ,137.7649,137.1736,4066738
2020-06-17,SPY,53.4126,53.1307,1367168
2020-06-17,TLT,121.7993,124.8666,4175937
2020-06-17,VNQ,58.5654,58.2325,4620872
2020-06-18,GLD,130.7493,133.2831,1476988
2020-06-18,IWM,137.4812,137.8303,4259777
2020-06-18,QQQ,138.3259,138.949,7216912
2020-06-18,SPY,52.9853,52.3042,2769959
2020-06-18,TLT,124.9722,127.8927,7127389
2020-06-18,VNQ,58.2706,57.2434,7699074
2020-06-19,GLD,132.697,132.7279,6447320
2020-06-19,IWM,137.1064,137.8442,1147983
2020-06-19,QQQ,138.6529,138.8046,7602984
2020-06-19,SPY,52.0675,52.9223,5947037
2020-06-19,TLT,127.7217,128.239,7053114
2020-06-19,VNQ,57.4287,57.9174,5681358
2020-06-22,GLD,133.2861,133.1754,4668475
2020-06-22,IWM,137.5494,136.9129,7194008
2020-06-22,QQQ,140.7157,142.6603,5975643
2020-06-22,SPY,52.7297,53.2363,5684117
2020-06-22,TLT,128.6319,130.2715,1648005
2020-06-22,VNQ,57.791,57.9748,4230335
2020-06-23,GLD,133.2823,135.0928,4141242
2020-06-23,IWM,137.4784,132.7916,3149685
2020-06-23,QQQ,142.3578,145.8202,6494317
2020-06-23,SPY,53.3141,53.5519,7846288
2020-06-23,TLT,130.1082,129.3282,4387029
2020-06-23,VNQ,57.8605,57.6565,3988142
2020-06-24,GLD,135.0576,132.5283,2407186
2020-06-24,IWM,132.7179,132.1622,8373875
2020-06-24,QQQ,146.2726,144.9631,5978072
2020-06-24,SPY,53.503,53.3135,7744691
2020-06-24,TLT,129.3975,129.0663,2659957
2020-06-24,VNQ,57.5087,58.3732,7453108
2020-06-25,GLD,132.3449,130.4251,1819123
2020-06-25,IWM,131.9163,130.8989,1503124
2020-06-25,QQQ,144.0251,143.9267,5543538
2020-06-25,SPY,53.1523,53.9383,1730745
2020-06-25,TLT,129.2504,130.359,1970147
2020-06-25,VNQ,58.4673,58.7361,5769041
2020-06-26,GLD,130.6435,129.0295,1070322
2020-06-26,IWM,131.645,132.0252,2799611
2020-06-26,QQQ,144.1874,148.1242,5250392
2020-06-26,SPY,53.8622,53.8339,7451937
2020-06-26,TLT,130.5605,129.0393,3393943
2020-06-26,VNQ,58.8635,58.665,4294001
2020-06-29,GLD,129.028,128.9516,5136354
2020-06-29,IWM,131.9818,130.529,3668543
2020-06-29,QQQ,147.9621,146.3423,1796485
2020-06-29,SPY,54.0598,54.5043,5496231
2020-06-29,TLT,129.4631,127.5645,5454278
2020-06-29,VNQ,58.9058,59.2053,1771372
2020-06-30,GLD,128.9444,132.022,8193012
2020-06-30,IWM,130.8451,134.4736,3784725
2020-06-30,QQQ,146.1107,149.074,5237699
2020-06-30,SPY,54.456,54.009,3684973
2020-06-30,TLT,128.0099,127.9504,6643194
2020-06-30,VNQ,59.1657,58.9103,6725943
2020-07-01,GLD,132.3962,132.5745,3050895
2020-07-01,IWM,134.6688,135.768,3019328
2020-07-01,QQQ,148.9675,148.3114,7211039
2020-07-01,SPY,53.9246,53.5513,2973108
2020-07-01,TLT,127.8981,125.7376,8356644
2020-07-01,VNQ,59.2419,59.4537,2172686
2020-07-02,GLD,132.4861,134.1607,4083733
2020-07-02,IWM,135.7041,135.0221,1727202
2020-07-02,QQQ,148.0987,145.9074,3431991
2020-07-02,SPY,53.7453,53.703,4561712
2020-07-02,TLT,125.6003,127.6679,4909121
2020-07-02,VNQ,59.2798,59.7502,4155860
2020-07-03,GLD,134.1346,133.9437,2378804
2020-07-03,IWM,134.7629,136.3951,3049192
2020-07-03,QQQ,146.2409,149.9252,1482428
2020-07-03,SPY,53.7695,53.3347,4372232
2020-07-03,TLT,128.059,128.5236,2647835
2020-07-03,VNQ,59.5212,59.4411,6401231
2020-07-06,GLD,134.1305,130.9244,7284157
2020-07-06,IWM,135.9966,135.9889,3370824
2020-07-06,QQQ,150.9954,151.0863,3143897
2020-07-06,SPY,53.341,53.7562,4969114
2020-07-06,TLT,128.636,128.8163,4829126
2020-07-06,VNQ,59.2883,59.162,7531712
2020-07-07,GLD,131.3084,128.155,6644060
2020-07-07,IWM,136.1638,138.6355,7500122
2020-07-07,QQQ,150.7407,148.9211,5126002
2020-07-07,SPY,53.6688,53.9407,4307957
2020-07-07,TLT,128.7828,129.6021,6483503
2020-07-07,VNQ,58.8893,58.6308,4880197
2020-07-08,GLD,128.1564,129.4569,3069723
2020-07-08,IWM,138.6083,137.8754,5718394
2020-07-08,QQQ,147.8871,148.5636,6184808
2020-07-08,SPY,53.717,53.4444,3518434
2020-07-08,TLT,129.6097,128.5949,4070751
2020-07-08,VNQ,58.4629,59.3067,2736648
2020-07-09,GLD,129.554,129.7459,8235328
2020-07-09,IWM,137.8724,140.8651,3764922
2020-07-09,QQQ,148.1263,147.1056,3698091
2020-07-09,SPY,53.2772,53.5205,5611497
2020-07-09,TLT,128.8414,127.5625,5593594
2020-07-09,VNQ,59.2689,59.221,2621358
2020-07-10,GLD,129.8081,128.2258,5703147
2020-07-10,IWM,139.9671,138.7943,1740007
2020-07-10,QQQ,147.0076,145.1491,920750
2020-07-10,SPY,53.4517,53.3538,4578009
2020-07-10,TLT,127.7913,128.5398,8339819
2020-07-10,VNQ,59.3517,58.4806,7519011
2020-07-13,GLD,128.5007,129.6496,4817688
2020-07-13,IWM,138.4481,139.0999,3221207
2020-07-13,QQQ,144.6282,145.0912,2901033
2020-07-13,SPY,53.3225,53.9144,3413693
2020-07-13,TLT,127.9468,129.6481,4596773
2020-07-13,VNQ,58.6575,59.0245,1271615
2020-07-14,GLD,130.1597,127.84,1425387
2020-07-14,IWM,138.4243,139.061,6256587
2020-07-14,QQQ,145.2895,147.6793,5601959
2020-07-14,SPY,53.9658,53.5849,8230608
2020-07-14,TLT,129.4294,129.8549,1954202
2020-07-14,VNQ,59.1127,59.3966,3999877
2020-07-15,GLD,127.6023,129.2804,2632641
2020-07-15,IWM,139.297,137.3548,3781508
2020-07-15,QQQ,147.3441,144.736,4279872
2020-07-15,SPY,53.6642,53.368,2093497
2020-07-15,TLT,129.704,129.8458,1085309
2020-07-15,VNQ,59.5404,59.4194,3228568
2020-07-16,GLD,129.287,131.1295,5605770
2020-07-16,IWM,136.7944,136.8069,3997915
2020-07-16,QQQ,145.3148,145.996,8013383
2020-07-16,SPY,53.3998,54.0997,7586595
2020-07-16,TLT,129.5603,129.2789,5856760
2020-07-16,VNQ,59.1267,59.5927,6205084
2020-07-17,GLD,131.1631,130.2488,7312702
2020-07-17,IWM,136.184,136.9237,8313496
2020-07-17,QQQ,146.1101,142.9957,5103263
2020-07-17,SPY,54.1316,55.4481,4739180
2020-07-17,TLT,129.6036,130.928,7544016
2020-07-17,VNQ,59.6453,59.3315,6004206
2020-07-20,GLD,130.4806,128.9551,6266929
2020-07-20,IWM,136.3902,134.676,2522807
2020-07-20,QQQ,143.2585,143.0048,2274114
2020-07-20,SPY,55.2987,56.6846,3290501
2020-07-20,TLT,131.2878,129.2752,978564
2020-07-20,VNQ,59.7252,58.9072,7772735
2020-07-21,GLD,129.4658,130.0517,5174538
2020-07-21,IWM,134.9988,133.1125,4407731
2020-07-21,QQQ,142.7801,140.0753,4224313
2020-07-21,SPY,56.3585,56.7598,7379032
2020-07-21,TLT,129.2452,128.3521,3150365
2020-07-21,VNQ,58.8179,59.5564,5635225
2020-07-22,GLD,130.0944,128.7757,5590698
2020-07-22,IWM,133.3376,134.1496,4639035
2020-07-22,QQQ,140.1423,137.4221,3860924
2020-07-22,SPY,56.6807,56.9299,6097829
2020-07-22,TLT,128.7633,127.7955,1853987
2020-07-22,VNQ,59.5823,58.7324,7203061
2020-07-23,GLD,128.8887,129.8925,5622033
2020-07-23,IWM,134.2104,132.7567,965756
2020-07-23,QQQ,137.0418,136.134,1286489
2020-07-23,SPY,56.7846,57.91,1720814
2020-07-23,TLT,127.7216,126.1364,6604541
2020-07-23,VNQ,58.7294,57.6214,3844571
2020-07-24,GLD,130.2921,128.4968,4555446
2020-07-24,IWM,132.8078,135.9333,3613719
2020-07-24,QQQ,136.4883,138.3077,4952670
2020-07-24,SPY,57.809,57.8705,8108170
2020-07-24,TLT,126.5341,124.7197,2208009
2020-07-24,VNQ,57.7364,56.6734,5897443
2020-07-27,GLD,128.1626,129.5447,7375063
2020-07-27,IWM,135.596,139.181,3397527
2020-07-27,QQQ,138.315,140.1687,8118545
2020-07-27,SPY,57.828,57.3058,4086793
2020-07-27,TLT,124.9569,123.644,4960633
2020-07-27,VNQ,56.7313,57.2961,2330957
2020-07-28,GLD,129.3543,129.7234,6512238
2020-07-28,IWM,138.7284,138.3306,2033851
2020-07-28,QQQ,139.6457,139.9798,6664886
2020-07-28,SPY,57.1153,57.4149,3652129
2020-07-28,TLT,123.7297,124.8066,8216839
2020-07-28,VNQ,56.8908,56.5364,6114418
2020-07-29,GLD,129.6315,129.2576,5123029
2020-07-29,IWM,138.1307,139.1437,1391485
2020-07-29,QQQ,140.6685,139.4066,2169049
2020-07-29,SPY,57.2445,57.7308,3834116
2020-07-29,TLT,124.9813,126.8646,7127931
2020-07-29,VNQ,56.4419,56.3422,7114068
2020-07-30,GLD,129.3028,128.2314,2612202
2020-07-30,IWM,139.0257,140.3188,7446861
2020-07-30,QQQ,139.1978,139.7455,5416270
2020-07-30,SPY,57.7153,57.2577,7348523
2020-07-30,TLT,126.7618,127.3129,1364676
2020-07-30,VNQ,56.215,55.8342,5732783
2020-07-31,GLD,128.3489,128.583,6182106
2020-07-31,IWM,140.0859,141.889,7229900
2020-07-31,QQQ,140.1042,145.916,8376367
2020-07-31,SPY,57.2755,56.2938,2966219
2020-07-31,TLT,127.666,125.5629,988063
2020-07-31,VNQ,55.8774,55.124,7369060
2020-08-03,GLD,128.4705,126.3661,6028245
2020-08-03,IWM,142.784,140.8911,6812175
2020-08-03,QQQ,145.9548,146.7809,5626522
2020-08-03,SPY,56.195,55.4704,6959911
2020-08-03,TLT,125.4996,124.949,7169308
2020-08-03,VNQ,54.9723,55.0043,7915955
2020-08-04,GLD,126.9429,126.0992,7492909
2020-08-04,IWM,141.3006,142.5167,8327805
2020-08-04,QQQ,147.5741,146.5889,1482251
2020-08-04,SPY,55.5445,55.9036,6967555
2020-08-04,TLT,125.1455,124.8553,2068354
2020-08-04,VNQ,54.8633,54.9151,7838926
2020-08-05,GLD,125.9322,125.6901,3080646
2020-08-05,IWM,143.139,141.5195,6839066
2020-08-05,QQQ,146.4387,145.619,2811891
2020-08-05,SPY,55.8707,55.4876,7639275
2020-08-05,TLT,124.6786,124.616,1609966
2020-08-05,VNQ,54.9439,56.2727,2904441
2020-08-06,GLD,125.6748,126.5607,7421403
2020-08-06,IWM,141.6211,141.4151,7245956
2020-08-06,QQQ,145.5115,145.0305,8098856
2020-08-06,SPY,55.3363,55.4398,7099572
2020-08-06,TLT,124.4497,124.2653,1361737
2020-08-06,VNQ,56.3456,56.0315,3180266
2020-08-07,GLD,126.9359,125.1319,1395582
2020-08-07,IWM,141.329,144.0896,5205582
2020-08-07,QQQ,145.1845,146.4887,5033753
2020-08-07,SPY,55.4458,55.6024,1541162
2020-08-07,TLT,124.3455,124.8895,6957843
2020-08-07,VNQ,56.2956,56.211,1058677
2020-08-10,GLD,125.4086,127.2372,3198760
2020-08-10,IWM,143.2442,144.0138,3721609
2020-08-10,QQQ,145.8924,147.8686,3973831
2020-08-10,SPY,55.8833,56.0088,1665241
2020-08-10,TLT,124.978,122.8231,6127072
2020-08-10,VNQ,56.0831,57.6504,1491962
2020-08-11,GLD,127.2787,126.9258,3745749
2020-08-11,IWM,143.5202,142.1118,8211192
2020-08-11,QQQ,147.8523,142.7232,4453742
2020-08-11,SPY,55.9077,55.8447,7914458
2020-08-11,TLT,123.2154,122.2572,7936162
2020-08-11,VNQ,58.1133,58.6852,3446741
2020-08-12,GLD,127.0856,125.63,3684725
2020-08-12,IWM,142.4317,141.0307,7503766
2020-08-12,QQQ,143.0237,147.4176,7347047
2020-08-12,SPY,56.0193,56.1804,4405767
2020-08-12,TLT,122.2554,122.5471,1686438
2020-08-12,VNQ,58.72,59.1496,7364622
2020-08-13,GLD,125.9213,127.3491,6619020
2020-08-13,IWM,141.3772,141.7831,1080982
2020-08-13,QQQ,147.2294,148.5016,6038939
2020-08-13,SPY,56.388,55.6838,8355870
2020-08-13,TLT,122.6866,123.3831,7667030
2020-08-13,VNQ,59.4725,59.831,5920159
2020-08-14,GLD,127.3907,129.4299,1829793
2020-08-14,IWM,142.0519,140.3187,8154999
2020-08-14,QQQ,148.4111,148.3832,7689689
2020-08-14,SPY,55.9076,55.5047,2202302
2020-08-14,TLT,123.5351,123.7567,7050918
2020-08-14,VNQ,59.8834,59.8189,1506923
2020-08-17,GLD,129.677,129.2642,2158635
2020-08-17,IWM,140.375,138.4469,7877454
2020-08-17,QQQ,148.188,154.6118,8050723
2020-08-17,SPY,55.3826,54.9349,2734262
2020-08-17,TLT,124.347,123.8426,3750216
2020-08-17,VNQ,59.7715,60.4601,1451147
2020-08-18,GLD,129.0264,128.2436,3658417
2020-08-18,IWM,139.6094,138.8399,2210503
2020-08-18,QQQ,154.9525,151.1387,6223488
2020-08-18,SPY,55.2321,55.6411,4249807
2020-08-18,TLT,123.9328,123.7591,4985950
2020-08-18,VNQ,60.6063,60.6825,1764246
2020-08-19,GLD,128.3104,128.3264,6790062
2020-08-19,IWM,138.8968,137.0421,1470048
2020-08-19,QQQ,151.3583,148.4043,7356988
2020-08-19,SPY,55.6584,55.6612,5711313
2020-08-19,TLT,123.5009,123.1036,6104404
2020-08-19,VNQ,60.6614,60.0795,2693981
2020-08-20,GLD,127.8675,127.5548,6054832
2020-08-20,IWM,137.2388,141.3689,8204450
2020-08-20,QQQ,148.9331,151.0317,2292786
2020-08-20,SPY,55.6234,55.2583,2335349
2020-08-20,TLT,122.7509,123.2722,3215489
2020-08-20,VNQ,60.2437,61.416,3594830
2020-08-21,GLD,127.3266,127.2419,3616936
2020-08-21,IWM,142.8403,140.0956,4265222
2020-08-21,QQQ,150.7955,151.1325,4992264
2020-08-21,SPY,55.2242,55.086,1584791
2020-08-21,TLT,123.2016,123.1259,2277806
2020-08-21,VNQ,61.2672,61.4333,4210603
2020-08-24,GLD,126.938,129.1931,3821245
2020-08-24,IWM,139.6563,141.5955,2056201
2020-08-24,QQQ,151.8832,153.2674,5185059
2020-08-24,SPY,55.1748,54.9912,5220002
2020-08-24,TLT,123.1717,122.4418,1700694
2020-08-24,VNQ,61.2089,61.8973,1001475
2020-08-25,GLD,129.6245,129.7362,4638923
2020-08-25,IWM,141.0328,138.7152,7061045
2020-08-25,QQQ,153.1234,156.2389,7183741
2020-08-25,SPY,54.9987,55.4413,5477741
2020-08-25,TLT,122.1504,123.8305,2909906
2020-08-25,VNQ,62.1062,61.5284,6464727
2020-08-26,GLD,129.6361,129.9785,1509921
2020-08-26,IWM,138.8424,138.1335,3104426
2020-08-26,QQQ,156.4905,160.7222,7290725
2020-08-26,SPY,55.4151,54.5374,3835695
2020-08-26,TLT,123.5301,125.2192,8460258
2020-08-26,VNQ,61.092,60.6259,1752947
2020-08-27,GLD,130.1149,130.4682,1428210
2020-08-27,IWM,138.5658,139.8781,4014114
2020-08-27,QQQ,160.132,162.4572,4341584
2020-08-27,SPY,54.7252,53.9701,6284941
2020-08-27,TLT,124.9684,124.8972,6799974
2020-08-27,VNQ,60.6854,59.3242,7054330
2020-08-28,GLD,130.2229,130.4606,2207039
2020-08-28,IWM,138.879,141.0622,3111143
2020-08-28,QQQ,161.4748,161.0104,6934135
2020-08-28,SPY,53.8658,53.7869,1971129
2020-08-28,TLT,124.8925,125.6696,3091482
2020-08-28,VNQ,59.1319,56.9426,6659146
2020-08-31,GLD,130.4403,131.5666,2171582
2020-08-31,IWM,141.4423,142.4742,7291150
2020-08-31,QQQ,161.3929,157.0882,2960003
2020-08-31,SPY,53.6369,55.3014,6566576
2020-08-31,TLT,125.8342,127.0979,8398851
2020-08-31,VNQ,57.0301,57.3929,7798406
2020-09-01,GLD,131.5217,132.7293,1945686
2020-09-01,IWM,142.8844,141.384,7545843
2020-09-01,QQQ,156.3859,157.5174,1530348
2020-09-01,SPY,55.4189,55.9065,1232258
2020-09-01,TLT,126.8945,127.4932,3403269
2020-09-01,VNQ,57.3361,56.1691,1970612
2020-09-02,GLD,132.5005,132.3312,5962564
2020-09-02,IWM,142.1532,141.8711,5914892
2020-09-02,QQQ,158.2997,153.4868,2935116
2020-09-02,SPY,56.0119,55.876,7412142
2020-09-02,TLT,127.2562,127.7342,1515719
2020-09-02,VNQ,56.0854,55.8101,4225731
2020-09-03,GLD,132.6462,132.5274,8003988
2020-09-03,IWM,142.7529,141.5537,4921521
2020-09-03,QQQ,152.6137,153.7289,4446959
2020-09-03,SPY,56.0399,56.3401,8269819
2020-09-03,TLT,128.0786,128.3943,2131956
2020-09-03,VNQ,55.7649,55.8217,1567300
2020-09-04,GLD,132.0425,135.6507,7846619
2020-09-04,IWM,140.7883,138.7796,7367155
2020-09-04,QQQ,152.9233,151.9846,7018131
2020-09-04,SPY,56.1786,57.6325,3130074
2020-09-04,TLT,128.8771,126.6415,6249609
2020-09-04,VNQ,55.728,54.8021,7203750
2020-09-07,GLD,135.8975,136.2586,4806693
2020-09-07,IWM,138.2237,141.1877,3925175
2020-09-07,QQQ,151.1558,152.9666,8458928
2020-09-07,SPY,57.7996,57.5256,4053315
2020-09-07,TLT,126.7798,125.1561,6243881
2020-09-07,VNQ,55.0162,54.4571,1076247
2020-09-08,GLD,137.1729,136.0857,2928844
2020-09-08,IWM,140.3716,139.8943,7227722
2020-09-08,QQQ,153.0525,154.6857,3003473
2020-09-08,SPY,57.5999,57.3373,1781180
2020-09-08,TLT,124.9861,125.8366,7183405
2020-09-08,VNQ,54.563,54.7237,3645375
2020-09-09,GLD,135.8602,138.8145,5172759
2020-09-09,IWM,140.1385,139.5098,7491505
2020-09-09,QQQ,154.1023,154.6898,2977903
2020-09-09,SPY,57.6085,58.1238,7071691
2020-09-09,TLT,125.6616,126.2463,6561052
2020-09-09,VNQ,54.5915,54.5681,5719352
2020-09-10,GLD,138.8671,138.8943,6131286
2020-09-10,IWM,138.2828,141.3453,6331220
2020-09-10,QQQ,154.1656,151.5967,7944754
2020-09-10,SPY,57.9298,58.4698,7108966
2020-09-10,TLT,126.4217,127.8837,6714421
2020-09-10,VNQ,54.4535,54.9692,7914149
2020-09-11,GLD,138.4175,137.5282,7593070
2020-09-11,IWM,141.694,142.7913,6094457
2020-09-11,QQQ,151.9376,152.0338,3264751
2020-09-11,SPY,58.504,58.9296,3219759
2020-09-11,TLT,127.3821,127.4324,7108475
2020-09-11,VNQ,55.27,53.1787,5676580
2020-09-14,GLD,137.5597,138.4745,7586540
2020-09-14,IWM,143.0306,148.3606,5101276
2020-09-14,QQQ,151.3711,150.473,4496517
2020-09-14,SPY,58.8858,58.6474,1095366
2020-09-14,TLT,126.9697,128.781,6806378
2020-09-14,VNQ,53.1777,53.5799,1124788
2020-09-15,GLD,137.9387,137.3684,1367886
2020-09-15,IWM,147.9115,148.3005,6416683
2020-09-15,QQQ,150.6106,151.2779,4525748
2020-09-15,SPY,58.3983,59.9068,4390105
2020-09-15,TLT,129.0221,130.1,1008391
2020-09-15,VNQ,53.7447,54.1657,2252008
2020-09-16,GLD,137.6139,136.7904,7330660
2020-09-16,IWM,148.0244,151.5306,5086166
2020-09-16,QQQ,152.2276,150.3283,8158656
2020-09-16,SPY,59.7923,61.0528,2671680
2020-09-16,TLT,129.6665,132.4936,3740682
2020-09-16,VNQ,54.1664,53.2696,7644813
2020-09-17,GLD,136.6661,137.2788,5746202
2020-09-17,IWM,150.901,151.3971,3258937
2020-09-17,QQQ,149.7263,155.8319,6924762
2020-09-17,SPY,61.2373,61.4632,6836809
2020-09-17,TLT,132.242,131.6739,7432094
2020-09-17,VNQ,53.2669,53.792,5757784
2020-09-18,GLD,136.7079,137.1803,8131821
2020-09-18,IWM,150.7465,151.5673,4147800
2020-09-18,QQQ,154.6892,154.6394,5261174
2020-09-18,SPY,61.3861,61.9548,2700374
2020-09-18,TLT,132.2402,131.377,3308142
2020-09-18,VNQ,53.6143,53.5354,2371036
2020-09-21,GLD,136.7898,136.2594,5549626
2020-09-21,IWM,151.447,154.0608,3514261
2020-09-21,QQQ,155.4127,150.2835,2995051
2020-09-21,SPY,61.8351,60.6629,8367548
2020-09-21,TLT,131.2082,131.8112,6870359
2020-09-21,VNQ,53.7416,53.3766,6076010
2020-09-22,GLD,135.775,135.6166,1721223
2020-09-22,IWM,154.4829,155.6613,2766753
2020-09-22,QQQ,150.6047,148.3081,7460712
2020-09-22,SPY,60.8041,61.1175,6791085
2020-09-22,TLT,132.1717,132.2363,4321586
2020-09-22,VNQ,53.6128,53.7581,3508841
2020-09-23,GLD,135.5566,134.9227,6686207
2020-09-23,IWM,156.4043,154.6423,7305178
2020-09-23,QQQ,147.2733,148.5835,5670124
2020-09-23,SPY,61.2795,61.0294,5714464
2020-09-23,TLT,132.1273,131.1945,3488666
2020-09-23,VNQ,53.5747,52.7742,1661492
2020-09-24,GLD,135.2313,136.4826,5980287
2020-09-24,IWM,155.3683,154.5629,6883775
2020-09-24,QQQ,148.6368,155.0659,3171256
2020-09-24,SPY,61.1908,61.3525,4259885
2020-09-24,TLT,130.8564,130.6536,5656353
2020-09-24,VNQ,52.8811,53.3305,4678308
2020-09-25,GLD,136.3833,135.6202,1769706
2020-09-25,IWM,153.8641,155.0787,7049772
2020-09-25,QQQ,153.8192,158.4919,8121581
2020-09-25,SPY,61.2229,61.8417,929051
2020-09-25,TLT,130.7531,129.2771,5492942
2020-09-25,VNQ,53.5865,52.8567,2040054
2020-09-28,GLD,135.2667,134.9528,3115747
2020-09-28,IWM,153.8298,159.0374,4939219
2020-09-28,QQQ,158.9388,157.1673,4121415
2020-09-28,SPY,61.8321,61.655,7267147
2020-09-28,TLT,129.2237,132.0512,3463062
2020-09-28,VNQ,52.8873,53.3843,1160659
2020-09-29,GLD,134.7104,137.6422,1947587
2020-09-29,IWM,159.1745,157.4044,2915019
2020-09-29,QQQ,157.7702,157.276,3140539
2020-09-29,SPY,61.8254,60.5871,4964337
2020-09-29,TLT,132.2685,132.0912,1172610
2020-09-29,VNQ,53.3216,53.3421,4322337
2020-09-30,GLD,137.709,136.9883,1224271
2020-09-30,IWM,157.6374,158.041,1109482
2020-09-30,QQQ,156.5366,154.5223,950643
2020-09-30,SPY,60.4808,60.8646,5976062
2020-09-30,TLT,131.6448,132.1969,3557947
2020-09-30,VNQ,53.1868,53.5362,2997882
2020-10-01,GLD,136.2154,138.9952,5607677
2020-10-01,IWM,157.503,159.5571,6070335
2020-10-01,QQQ,155.1208,151.2212,7722877
2020-10-01,SPY,60.7426,60.4212,1668769
2020-10-01,TLT,132.3248,131.6007,5065819
2020-10-01,VNQ,53.7333,52.9944,7279254
2020-10-02,GLD,139.217,140.7999,4693471
2020-10-02,IWM,160.1601,159.9956,4957906
2020-10-02,QQQ,151.3998,153.4826,7172949
2020-10-02,SPY,60.5554,60.2457,7306003
2020-10-02,TLT,131.6476,131.7469,3857341
2020-10-02,VNQ,52.991,52.9767,5746845
2020-10-05,GLD,140.9621,140.6625,3933517
2020-10-05,IWM,161.1965,158.9423,1779215
2020-10-05,QQQ,153.9641,154.5368,6174722
2020-10-05,SPY,60.4982,59.8944,1679402
2020-10-05,TLT,131.9619,132.7828,4282770
2020-10-05,VNQ,53.0367,52.2174,1889694
2020-10-06,GLD,139.8578,138.8532,8176660
2020-10-06,IWM,158.3288,160.9962,4319212
2020-10-06,QQQ,155.0454,152.866,8237183
2020-10-06,SPY,59.71,59.713,6874356
2020-10-06,TLT,132.8467,132.5126,7881070
2020-10-06,VNQ,52.0702,51.7759,3728327
2020-10-07,GLD,139.2713,139.5136,7660653
2020-10-07,IWM,160.6368,158.9626,2982285
2020-10-07,QQQ,152.5768,151.2938,1063541
2020-10-07,SPY,59.2992,58.2906,3129690
2020-10-07,TLT,132.2165,132.5955,1781461
2020-10-07,VNQ,51.4709,50.877,8425897
2020-10-08,GLD,138.9869,140.4682,3522835
2020-10-08,IWM,158.7482,163.6133,6333669
2020-10-08,QQQ,151.7127,152.362,6189459
2020-10-08,SPY,58.0647,59.0919,7588511
2020-10-08,TLT,132.9689,135.2763,2191831
2020-10-08,VNQ,50.6674,50.8394,5141962
2020-10-09,GLD,140.4159,141.8241,7631330
2020-10-09,IWM,162.8097,157.6228,3181914
2020-10-09,QQQ,152.4289,154.0255,7614444
2020-10-09,SPY,58.932,59.2892,3481668
2020-10-09,TLT,135.5335,136.501,5238331
2020-10-09,VNQ,50.7313,50.2146,984221
2020-10-12,GLD,142.2468,141.9857,2889258
2020-10-12,IWM,158.0377,153.3548,4829869
2020-10-12,QQQ,154.3946,152.241,7895774
2020-10-12,SPY,59.2674,60.0362,2998537
2020-10-12,TLT,136.767,136.906,2317417
2020-10-12,VNQ,50.24,51.7164,5865897
2020-10-13,GLD,141.446,143.6769,6017080
2020-10-13,IWM,153.0124,153.8278,6147077
2020-10-13,QQQ,151.7313,148.4114,5409410
2020-10-13,SPY,60.1353,61.3606,5774958
2020-10-13,TLT,137.0806,136.5178,6028306
2020-10-13,VNQ,51.8835,51.152,1796169
2020-10-14,GLD,143.0571,145.6435,8430912
2020-10-14,IWM,154.905,155.3815,7803951
2020-10-14,QQQ,147.1926,150.5347,4072222
2020-10-14,SPY,61.3365,61.4132,3601488
2020-10-14,TLT,136.6169,136.6094,6369722
2020-10-14,VNQ,51.1935,49.783,2978017
2020-10-15,GLD,145.2688,144.2653,2538321
2020-10-15,IWM,156.4426,156.5447,6375493
2020-10-15,QQQ,152.1636,148.9428,2051187
2020-10-15,SPY,61.2982,60.2762,3726285
2020-10-15,TLT,136.431,135.8357,6008964
2020-10-15,VNQ,49.7482,50.4836,3714159
2020-10-16,GLD,143.9058,146.2935,6003997
2020-10-16,IWM,155.9616,155.3308,7887298
2020-10-16,QQQ,148.5842,144.9367,4767059
2020-10-16,SPY,60.3009,59.7385,5676015
2020-10-16,TLT,135.3018,136.2776,3630093
2020-10-16,VNQ,50.5343,50.2515,6288478
2020-10-19,GLD,146.2609,146.6013,7363303
2020-10-19,IWM,154.7565,155.1145,1769061
2020-10-19,QQQ,144.6391,144.5968,2736291
2020-10-19,SPY,59.5848,59.0074,3164593
2020-10-19,TLT,135.802,135.587,8194986
2020-10-19,VNQ,50.1441,50.5625,2135238
2020-10-20,GLD,146.4314,145.8854,2094370
2020-10-20,IWM,155.0865,155.2814,2448725
2020-10-20,QQQ,143.5815,145.1412,5537541
2020-10-20,SPY,59.0,58.7269,5330090
2020-10-20,TLT,135.5285,134.8303,4626778
2020-10-20,VNQ,50.5721,50.5993,2541670
2020-10-21,GLD,145.7258,145.5121,6315614
2020-10-21,IWM,156.5495,153.4202,8280704
2020-10-21,QQQ,145.9552,147.3589,1182502
2020-10-21,SPY,58.6261,58.8127,5628363
2020-10-21,TLT,134.1575,134.4512,7113640
2020-10-21,VNQ,50.4051,50.101,6311073
2020-10-22,GLD,145.3576,148.183,1057218
2020-10-22,IWM,153.3739,152.6982,2196959
2020-10-22,QQQ,146.603,146.466,6920034
2020-10-22,SPY,59.2363,57.6,6810980
2020-10-22,TLT,134.2482,133.2873,6409103
2020-10-22,VNQ,50.1373,49.7255,4062447
2020-10-23,GLD,148.1323,149.6339,8360046
2020-10-23,IWM,153.4293,150.726,3635709
2020-10-23,QQQ,145.5229,147.1651,2548058
2020-10-23,SPY,57.7261,57.8466,6046742
2020-10-23,TLT,133.5183,133.611,6580754
2020-10-23,VNQ,49.5089,49.0539,1408077
2020-10-26,GLD,149.34,147.1909,1525290
2020-10-26,IWM,151.0574,153.4018,7804494
2020-10-26,QQQ,146.7558,144.4318,8301873
2020-10-26,SPY,57.7174,56.9528,7045338
2020-10-26,TLT,133.3209,136.698,7964523
2020-10-26,VNQ,48.9455,49.9303,7978586
2020-10-27,GLD,147.3211,147.3721,5243453
2020-10-27,IWM,153.5027,154.453,3301676
2020-10-27,QQQ,144.5733,145.5371,8419210
2020-10-27,SPY,56.801,57.1687,3437288
2020-10-27,TLT,137.2466,136.0354,6351198
2020-10-27,VNQ,49.9037,50.3394,4598724
2020-10-28,GLD,147.3849,147.2423,1526385
2020-10-28,IWM,155.09,153.6026,4790054
2020-10-28,QQQ,145.5123,142.2395,1528362
2020-10-28,SPY,57.1017,57.136,3217766
2020-10-28,TLT,135.5187,134.1403,8482027
2020-10-28,VNQ,50.3822,49.5114,5078983
2020-10-29,GLD,146.8952,147.0627,4792779
2020-10-29,IWM,154.3207,152.8877,6577318
2020-10-29,QQQ,141.0996,143.6349,5974069
2020-10-29,SPY,56.8849,56.9784,8174490
2020-10-29,TLT,134.3172,135.3508,4247379
2020-10-29,VNQ,49.5121,50.1176,3330928
2020-10-30,GLD,147.7246,146.4152,7638312
2020-10-30,IWM,152.6237,151.9976,5994768
2020-10-30,QQQ,144.3038,144.0816,5995038
2020-10-30,SPY,56.8671,56.9677,1819406
2020-10-30,TLT,134.755,135.2943,8433886
2020-10-30,VNQ,50.1329,50.4801,5375656
2020-11-02,GLD,145.9807,144.477,4521075
2020-11-02,IWM,152.2538,151.4205,4034584
2020-11-02,QQQ,144.9388,140.8584,8205379
2020-11-02,SPY,56.8552,56.673,6248078
2020-11-02,TLT,135.3725,137.736,3318005
2020-11-02,VNQ,50.5492,49.4524,5917411
2020-11-03,GLD,144.7473,145.7211,6241180
2020-11-03,IWM,151.2513,152.1305,4565036
2020-11-03,QQQ,141.2224,139.5901,5769638
2020-11-03,SPY,56.8073,56.3358,6533997
2020-11-03,TLT,138.2128,138.2562,6221482
2020-11-03,VNQ,49.4709,48.9388,4605070
2020-11-04,GLD,145.4734,144.4952,6875325
2020-11-04,IWM,151.5474,151.4604,8137880
2020-11-04,QQQ,139.5581,143.2313,7613810
2020-11-04,SPY,56.2715,55.3623,8415864
2020-11-04,TLT,138.1364,139.4458,5974518
2020-11-04,VNQ,49.0286,49.1767,7347355
2020-11-05,GLD,144.6353,144.0526,2280856
2020-11-05,IWM,152.158,150.462,4928833
2020-11-05,QQQ,143.3683,141.0155,6382581
2020-11-05,SPY,55.2453,55.3773,6122599
2020-11-05,TLT,139.0413,138.5438,4982993
2020-11-05,VNQ,49.2204,49.3417,4582880
2020-11-06,GLD,144.249,143.2961,2465890
2020-11-06,IWM,149.7202,151.4119,1947560
2020-11-06,QQQ,142.2699,137.5945,4538652
2020-11-06,SPY,55.1789,56.5157,5688335
2020-11-06,TLT,138.1746,136.6533,1832207
2020-11-06,VNQ,49.3669,50.6176,6544480
2020-11-09,GLD,143.6093,142.3745,4194351
2020-11-09,IWM,151.3214,151.1646,6465773
2020-11-09,QQQ,137.1655,137.0613,4467158
2020-11-09,SPY,56.338,57.7609,3004428
2020-11-09,TLT,136.8234,136.4675,6524656
2020-11-09,VNQ,50.3281,50.6045,5530659
2020-11-10,GLD,142.8791,143.4386,4340709
2020-11-10,IWM,152.0495,151.2803,5053274
2020-11-10,QQQ,137.361,137.4774,2000864
2020-11-10,SPY,57.7506,58.6184,5848278
2020-11-10,TLT,136.6996,137.3003,1893218
2020-11-10,VNQ,50.8107,51.1987,2408561
2020-11-11,GLD,143.164,144.0203,4313935
2020-11-11,IWM,152.321,151.5605,5985721
2020-11-11,QQQ,137.5291,139.2701,3244405
2020-11-11,SPY,58.5846,59.0974,1332817
2020-11-11,TLT,137.3967,136.2868,7997876
2020-11-11,VNQ,51.1723,50.8757,7044365
2020-11-12,GLD,145.0339,143.1657,5059054
2020-11-12,IWM,151.3272,151.2702,6812379
2020-11-12,QQQ,139.0177,139.0313,5439812
2020-11-12,SPY,59.2771,58.7047,4541044
2020-11-12,TLT,136.111,134.4092,2579999
2020-11-12,VNQ,50.7487,50.7903,5705940
2020-11-13,GLD,143.3235,141.9524,7464084
2020-11-13,IWM,151.4796,148.9447,6081045
2020-11-13,QQQ,138.9935,138.1214,4853755
2020-11-13,SPY,58.6059,59.6531,1075777
2020-11-13,TLT,134.0626,133.72,4558363
2020-11-13,VNQ,50.9652,50.7811,7999691
2020-11-16,GLD,141.6928,141.3827,5376034
2020-11-16,IWM,148.6134,148.5249,1067447
2020-11-16,QQQ,138.0267,137.7013,1777309
2020-11-16,SPY,59.8225,59.6514,3829472
2020-11-16,TLT,133.448,133.2058,3322734
2020-11-16,VNQ,50.8186,50.7281,2173746
2020-11-17,GLD,140.9396,142.7394,8298305
2020-11-17,IWM,147.8124,151.2491,5721872
2020-11-17,QQQ,138.7976,139.3984,6478501
2020-11-17,SPY,59.6925,59.6415,2786681
2020-11-17,TLT,132.8733,132.8242,3211416
2020-11-17,VNQ,50.5874,50.844,7174790
2020-11-18,GLD,143.5694,142.968,7252240
2020-11-18,IWM,150.9456,149.4995,4079952
2020-11-18,QQQ,139.8795,139.0894,2567229
2020-11-18,SPY,59.6407,59.4896,8249211
2020-11-18,TLT,132.3319,132.7836,3571702
2020-11-18,VNQ,50.7856,50.8824,930651
2020-11-19,GLD,143.5575,143.3417,965378
2020-11-19,IWM,149.241,147.8358,8274992
2020-11-19,QQQ,138.6008,140.3445,7535065
2020-11-19,SPY,59.1706,59.582,2978754
2020-11-19,TLT,133.0634,135.6029,1001684
2020-11-19,VNQ,50.9504,49.8361,2453628
2020-11-20,GLD,143.3576,142.9559,3518223
2020-11-20,IWM,148.6142,147.0419,1914362
2020-11-20,QQQ,139.7766,136.6496,7683697
2020-11-20,SPY,59.3766,59.3384,7156038
2020-11-20,TLT,135.9485,135.6277,2903176
2020-11-20,VNQ,49.8131,50.258,6101394
2020-11-23,GLD,143.2414,142.6656,1104793
2020-11-23,IWM,147.3454,146.3314,1884807
2020-11-23,QQQ,136.5345,135.9723,7366737
2020-11-23,SPY,59.4563,59.3186,2475942
2020-11-23,TLT,135.9856,135.0224,4316538
2020-11-23,VNQ,50.4409,49.5292,4844505
2020-11-24,GLD,143.1426,143.0153,8415029
2020-11-24,IWM,146.0848,149.4042,6418985
2020-11-24,QQQ,136.5928,135.8584,7410777
2020-11-24,SPY,59.541,58.6664,2853869
2020-11-24,TLT,135.5009,133.7233,7137167
2020-11-24,VNQ,49.54,50.0271,3995715
2020-11-25,GLD,143.0731,140.6018,5559634
2020-11-25,IWM,149.6312,148.8576,6835804
2020-11-25,QQQ,136.008,138.0812,1402446
2020-11-25,SPY,58.6989,58.4648,1284250
2020-11-25,TLT,133.4995,134.6483,4047206
2020-11-25,VNQ,49.6639,50.4173,5322201
2020-11-26,GLD,140.4819,142.8166,7826786
2020-11-26,IWM,149.1791,151.4818,7150101
2020-11-26,QQQ,138.4848,139.1226,7935639
2020-11-26,SPY,58.5843,59.9435,6145192
2020-11-26,TLT,134.0699,132.765,1522070
2020-11-26,VNQ,50.589,50.8422,5102886
2020-11-27,GLD,142.8291,141.8136,1315510
2020-11-27,IWM,152.2184,153.3479,4432032
2020-11-27,QQQ,139.8076,139.649,7956692
2020-11-27,SPY,59.8781,59.932,2194855
2020-11-27,TLT,132.7945,134.4417,922755
2020-11-27,VNQ,50.6155,50.4495,3429057
2020-11-30,GLD,142.126,141.1095,7814370
2020-11-30,IWM,153.2592,155.0782,3431281
2020-11-30,QQQ,139.5125,142.0395,3027079
2020-11-30,SPY,59.8725,59.812,7165687
2020-11-30,TLT,134.3267,134.4071,3853308
2020-11-30,VNQ,50.0909,50.6184,5021025
2020-12-01,GLD,141.1418,142.9613,4049753
2020-12-01,IWM,155.4641,156.6231,2388518
2020-12-01,QQQ,142.5599,142.4856,973995
2020-12-01,SPY,59.7059,60.187,3559446
2020-12-01,TLT,134.0393,132.6141,5198031
2020-12-01,VNQ,50.4702,51.0652,2979945
2020-12-02,GLD,142.563,143.3177,4177663
2020-12-02,IWM,157.713,157.5393,5843017
2020-12-02,QQQ,142.7364,149.554,5755749
2020-12-02,SPY,60.3443,60.6783,1404380
2020-12-02,TLT,132.7033,132.7996,2687409
2020-12-02,VNQ,51.1255,50.7128,922137
2020-12-03,GLD,143.6049,143.43,5745940
2020-12-03,IWM,158.2437,158.8544,1648177
2020-12-03,QQQ,150.32,147.5788,4598535
2020-12-03,SPY,60.734,59.9915,1601196
2020-12-03,TLT,132.6309,132.6345,8262958
2020-12-03,VNQ,50.4565,49.769,4922827
2020-12-04,GLD,142.8592,142.6963,5671768
2020-12-04,IWM,159.2675,161.7933,4465953
2020-12-04,QQQ,147.8413,147.9421,7877443
2020-12-04,SPY,59.9539,59.891,5299489
2020-12-04,TLT,132.7894,134.0397,5500130
2020-12-04,VNQ,49.6354,50.8458,3067287
2020-12-07,GLD,142.4637,140.6603,4822985
2020-12-07,IWM,161.2442,157.1956,5612761
2020-12-07,QQQ,149.1232,152.2379,1849949
2020-12-07,SPY,59.8384,60.5156,2469969
2020-12-07,TLT,134.1188,132.2505,8422498
2020-12-07,VNQ,50.974,50.6852,3431540
2020-12-08,GLD,141.1072,140.9597,2254476
2020-12-08,IWM,157.6996,158.1268,4982874
2020-12-08,QQQ,152.1929,154.1543,7356757
2020-12-08,SPY,60.6058,60.7233,1505684
2020-12-08,TLT,131.9653,132.4507,3097799
2020-12-08,VNQ,50.8804,50.3617,5710652
2020-12-09,GLD,141.0663,142.6143,2311591
2020-12-09,IWM,157.5515,160.9339,6400184
2020-12-09,QQQ,154.301,154.989,4216218
2020-12-09,SPY,60.7758,60.8352,4229352
2020-12-09,TLT,132.4094,132.3948,4467578
2020-12-09,VNQ,50.4659,49.7248,8194513
2020-12-10,GLD,142.7208,141.4599,2805344
2020-12-10,IWM,160.0813,159.5227,6707553
2020-12-10,QQQ,154.5966,157.4928,1545028
2020-12-10,SPY,60.6998,61.889,4205464
2020-12-10,TLT,132.2004,133.4304,6374238
2020-12-10,VNQ,49.6115,48.951,3413273
2020-12-11,GLD,141.5221,143.3465,3081077
2020-12-11,IWM,159.6545,159.5254,6411343
2020-12-11,QQQ,157.8823,156.485,3817615
2020-12-11,SPY,62.174,61.474,7345398
2020-12-11,TLT,133.4868,132.0648,3870004
2020-12-11,VNQ,48.949,47.3199,4780638
2020-12-14,GLD,143.7303,141.8802,1637238
2020-12-14,IWM,159.7277,161.6277,7244120
2020-12-14,QQQ,156.6994,156.8731,2944584
2020-12-14,SPY,61.5163,61.561,7850742
2020-12-14,TLT,132.003,131.1236,4061852
2020-12-14,VNQ,47.4583,46.6754,6607737
2020-12-15,GLD,141.8885,140.9512,5001993
2020-12-15,IWM,161.815,157.6625,6701339
2020-12-15,QQQ,155.5945,157.4078,2323756
2020-12-15,SPY,61.5627,61.2512,7523703
2020-12-15,TLT,130.8013,133.3703,6513194
2020-12-15,VNQ,46.6421,46.0351,5961707
2020-12-16,GLD,140.3142,141.6781,4575701
2020-12-16,IWM,157.5328,158.4365,7721473
2020-12-16,QQQ,156.3414,162.2477,4263311
2020-12-16,SPY,61.4939,62.2691,4583200
2020-12-16,TLT,133.449,133.9814,5607626
2020-12-16,VNQ,46.1303,45.5251,6814586
2020-12-17,GLD,141.7876,141.7294,2059278
2020-12-17,IWM,157.6972,156.0362,3634141
2020-12-17,QQQ,161.5147,163.1814,1711940
2020-12-17,SPY,62.4401,61.0128,3978393
2020-12-17,TLT,133.8684,132.2092,6716097
2020-12-17,VNQ,45.5254,46.6411,1738944
2020-12-18,GLD,140.7092,142.7089,5572754
2020-12-18,IWM,156.068,156.6503,4209938
2020-12-18,QQQ,162.7358,168.5512,5248390
2020-12-18,SPY,60.9984,60.6079,1648380
2020-12-18,TLT,132.1173,132.5431,8133150
2020-12-18,VNQ,46.3103,46.5682,2818805
2020-12-21,GLD,142.0291,141.7627,7965505
2020-12-21,IWM,157.3186,157.5873,7610014
2020-12-21,QQQ,169.6394,168.6135,3688817
2020-12-21,SPY,60.6949,60.2964,1856975
2020-12-21,TLT,132.5306,131.583,7484986
2020-12-21,VNQ,46.4342,46.3347,1505615
2020-12-22,GLD,142.3311,140.437,6451782
2020-12-22,IWM,158.3808,158.2301,4307337
2020-12-22,QQQ,168.5552,169.429,8328584
2020-12-22,SPY,60.124,60.7576,4244877
2020-12-22,TLT,132.1788,130.743,6327394
2020-12-22,VNQ,46.4307,46.3766,4824339
2020-12-23,GLD,140.815,138.0296,2827210
2020-12-23,IWM,159.3651,156.007,5803760
2020-12-23,QQQ,169.3624,165.2213,976709
2020-12-23,SPY,60.6534,61.1845,2945900
2020-12-23,TLT,130.8091,129.302,8196015
2020-12-23,VNQ,46.2891,45.9265,6281410
2020-12-24,GLD,137.8993,136.5162,2458806
2020-12-24,IWM,155.7563,156.1048,3861867
2020-12-24,QQQ,165.5067,166.9367,3286076
2020-12-24,SPY,60.8154,62.1371,6456720
2020-12-24,TLT,129.2019,130.3781,5664211
2020-12-24,VNQ,45.7604,46.6846,3866546
2020-12-25,GLD,136.5153,135.1819,7319685
2020-12-25,IWM,155.9565,154.7574,8181717
2020-12-25,QQQ,167.1398,162.1074,6742444
2020-12-25,SPY,62.3404,61.1293,6028534
2020-12-25,TLT,130.1511,129.7162,7784149
2020-12-25,VNQ,46.7537,47.421,4123062
2020-12-28,GLD,135.2334,133.4172,3653894
2020-12-28,IWM,153.7827,155.5241,5464179
2020-12-28,QQQ,162.8389,163.9006,5672322
2020-12-28,SPY,60.8194,61.6535,6701418
2020-12-28,TLT,129.2019,129.8942,1508002
2020-12-28,VNQ,47.3039,46.9787,6141453
2020-12-29,GLD,133.7638,133.8523,2389573
2020-12-29,IWM,156.2328,154.7588,6294903
2020-12-29,QQQ,163.8075,166.4933,6324634
2020-12-29,SPY,61.7661,61.4909,3995712
2020-12-29,TLT,129.8458,129.9319,7179382
2020-12-29,VNQ,47.1313,47.577,2771865
2020-12-30,GLD,133.6258,133.0603,5156477
2020-12-30,IWM,154.803,152.955,3687551
2020-12-30,QQQ,166.0776,167.643,8093276
2020-12-30,SPY,61.3543,61.0846,1898935
2020-12-30,TLT,129.8927,128.1593,3171006
2020-12-30,VNQ,47.4409,48.0439,8051468
2020-12-31,GLD,132.8003,130.6277,4695575
2020-12-31,IWM,153.7609,155.1271,8472904
2020-12-31,QQQ,167.9482,165.1063,2349429
2020-12-31,SPY,60.9247,61.4689,5234458
2020-12-31,TLT,127.9623,127.2754,3122527
2020-12-31,VNQ,48.0988,49.6862,8359894
2021-01-01,GLD,130.4519,133.7739,7923376
2021-01-01,IWM,155.0669,152.4842,6099268
2021-01-01,QQQ,165.7906,164.5084,6757351
2021-01-01,SPY,61.4369,60.8962,7665970
2021-01-01,TLT,127.4391,128.0864,5594605
2021-01-01,VNQ,49.5736,50.4951,1271537
2021-01-04,GLD,133.8414,132.7667,7129324
2021-01-04,IWM,152.3612,151.4427,4216704
2021-01-04,QQQ,164.5884,158.1031,8356809
2021-01-04,SPY,60.9396,59.5859,6499839
2021-01-04,TLT,128.1599,126.2829,1921406
2021-01-04,VNQ,50.6261,49.6334,3222892
2021-01-05,GLD,132.8739,131.244,2474483
2021-01-05,IWM,152.0675,153.921,5233564
2021-01-05,QQQ,157.6916,156.4805,8054293
2021-01-05,SPY,59.6836,59.379,5917645
2021-01-05,TLT,126.4292,126.5081,2702563
2021-01-05,VNQ,49.5088,49.3994,7030882
2021-01-06,GLD,131.1413,132.8338,5948746
2021-01-06,IWM,154.0704,154.8079,8213935
2021-01-06,QQQ,156.6328,157.1383,3797274
2021-01-06,SPY,59.6613,58.4625,5906878
2021-01-06,TLT,126.4008,126.3415,8053557
2021-01-06,VNQ,49.3865,49.9253,6367904
2021-01-07,GLD,133.1004,134.3481,4549603
2021-01-07,IWM,154.0415,156.8497,1585491
2021-01-07,QQQ,156.9919,157.2401,3102748
2021-01-07,SPY,58.5187,58.0856,7378122
2021-01-07,TLT,126.7222,127.0108,901887
2021-01-07,VNQ,49.8237,50.309,8409617
2021-01-08,GLD,134.0393,132.937,1926212
2021-01-08,IWM,157.6771,154.6703,3767935
2021-01-08,QQQ,156.772,156.4455,2743031
2021-01-08,SPY,58.2228,58.3451,7431862
2021-01-08,TLT,127.139,127.7289,7863640
2021-01-08,VNQ,50.353,51.1297,6587868
2021-01-11,GLD,132.9349,131.14,5606103
2021-01-11,IWM,156.0476,155.1301,6419240
2021-01-11,QQQ,157.1458,159.6743,6702838
2021-01-11,SPY,58.2517,58.5683,952360
2021-01-11,TLT,127.5184,128.6086,1777388
2021-01-11,VNQ,51.1009,51.0631,7985818
2021-01-12,GLD,130.9429,129.9475,2864191
2021-01-12,IWM,154.9924,153.2308,1073898
2021-01-12,QQQ,159.2443,160.6071,8044392
2021-01-12,SPY,58.6803,59.6004,1550975
2021-01-12,TLT,128.5784,128.6263,4017504
2021-01-12,VNQ,51.1382,51.2522,962718
2021-01-13,GLD,129.6538,131.3829,4596543
2021-01-13,IWM,152.4007,149.4139,7338038
2021-01-13,QQQ,160.2975,160.6788,6342195
2021-01-13,SPY,59.6248,59.5011,4629552
2021-01-13,TLT,128.8768,128.869,4559738
2021-01-13,VNQ,51.2184,52.2331,6620726
2021-01-14,GLD,131.7951,131.0377,3810996
2021-01-14,IWM,149.8383,150.7471,3252900
2021-01-14,QQQ,160.0297,161.2157,2620859
2021-01-14,SPY,59.4274,58.5595,3156417
2021-01-14,TLT,128.6603,128.0254,3730400
2021-01-14,VNQ,52.1512,52.6523,5431851
2021-01-15,GLD,130.9587,130.0801,5685752
2021-01-15,IWM,150.4833,148.5734,922648
2021-01-15,QQQ,161.0674,158.6888,955618
2021-01-15,SPY,58.5444,58.1143,8170776
2021-01-15,TLT,128.3528,127.3702,2943581
2021-01-15,VNQ,52.8234,52.6593,1273787
2021-01-18,GLD,129.7861,130.0849,4742040
2021-01-18,IWM,148.8941,148.8746,4199951
2021-01-18,QQQ,159.1442,158.3173,7577785
2021-01-18,SPY,58.1047,57.5716,1159094
2021-01-18,TLT,127.2247,128.3361,7304981
2021-01-18,VNQ,52.7187,54.2945,4537456
2021-01-19,GLD,130.1194,131.6132,8381911
2021-01-19,IWM,148.6292,146.8903,5006702
2021-01-19,QQQ,157.6293,153.7167,8293349
2021-01-19,SPY,57.6011,56.8519,6080205
2021-01-19,TLT,127.7984,127.6189,2661919
2021-01-19,VNQ,54.4996,54.2698,6220246
2021-01-20,GLD,131.3172,129.9353,8240222
2021-01-20,IWM,146.7347,148.1252,7751441
2021-01-20,QQQ,153.9465,147.4333,4066397
2021-01-20,SPY,56.913,57.1437,4860575
2021-01-20,TLT,127.7903,128.7293,6543257
2021-01-20,VNQ,54.1027,54.4128,1312647
2021-01-21,GLD,130.1446,129.5034,6226373
2021-01-21,IWM,147.7285,149.4172,7552597
2021-01-21,QQQ,147.3256,146.679,6199433
2021-01-21,SPY,57.0659,56.7761,2008250
2021-01-21,TLT,128.5567,129.8214,8145492
2021-01-21,VNQ,54.6554,53.8589,4314071
2021-01-22,GLD,129.7915,127.859,3553006
2021-01-22,IWM,149.1528,147.2855,8135775
2021-01-22,QQQ,146.2284,148.7876,1499809
2021-01-22,SPY,56.6636,55.6116,5571761
2021-01-22,TLT,129.8029,128.8707,5334663
2021-01-22,VNQ,53.8495,54.0728,960955
2021-01-25,GLD,128.1979,130.5485,4250149
2021-01-25,IWM,146.6436,145.1753,7684290
2021-01-25,QQQ,150.2828,146.3358,1853731
2021-01-25,SPY,55.723,56.0534,4654695
2021-01-25,TLT,128.7988,129.4647,3477229
2021-01-25,VNQ,54.0178,52.9419,3362242
2021-01-26,GLD,130.2371,132.8492,3643426
2021-01-26,IWM,145.0914,139.7317,2567241
2021-01-26,QQQ,146.423,147.2244,3344427
2021-01-26,SPY,55.7994,56.0116,2830093
2021-01-26,TLT,129.7364,128.5003,6231576
2021-01-26,VNQ,52.7504,54.0097,8112606
2021-01-27,GLD,132.8248,134.087,3687122
2021-01-27,IWM,138.9858,138.8218,969493
2021-01-27,QQQ,147.417,143.375,6839555
2021-01-27,SPY,55.919,56.2511,1850805
2021-01-27,TLT,128.4681,128.8442,6514509
2021-01-27,VNQ,53.7806,52.5552,8200248
2021-01-28,GLD,134.7086,133.956,4984051
2021-01-28,IWM,139.0015,138.3839,6004149
2021-01-28,QQQ,142.4991,143.3327,1280164
2021-01-28,SPY,56.4854,56.3397,1321739
2021-01-28,TLT,129.0568,127.9257,6059720
2021-01-28,VNQ,52.5764,53.1647,6212026
2021-01-29,GLD,133.9096,134.8308,3103581
2021-01-29,IWM,139.1043,136.947,1464645
2021-01-29,QQQ,144.7394,143.3872,2500326
2021-01-29,SPY,55.9329,56.7471,8013989
2021-01-29,TLT,127.6536,128.2634,2574582
2021-01-29,VNQ,53.2714,52.6254,8448782
2021-02-01,GLD,135.2666,132.2159,2633821
2021-02-01,IWM,136.8394,138.3747,3266729
2021-02-01,QQQ,143.5498,143.3885,6418986
2021-02-01,SPY,56.6419,56.795,4425244
2021-02-01,TLT,128.25,128.4144,6435650
2021-02-01,VNQ,52.6292,52.8871,3487498
2021-02-02,GLD,132.7272,132.5982,6720313
2021-02-02,IWM,137.9731,138.2396,6651511
2021-02-02,QQQ,143.5397,140.2887,6451963
2021-02-02,SPY,56.8996,57.5768,6047716
2021-02-02,TLT,128.2157,127.2053,5839350
2021-02-02,VNQ,52.9831,53.9277,1424700
2021-02-03,GLD,132.1797,130.9704,7212274
2021-02-03,IWM,137.23,138.277,1407182
2021-02-03,QQQ,140.9388,141.4874,5636438
2021-02-03,SPY,57.323,57.8645,2174526
2021-02-03,TLT,127.17,129.4829,7232492
2021-02-03,VNQ,53.7322,53.9551,3788513
2021-02-04,GLD,131.3771,129.3761,7287391
2021-02-04,IWM,138.3637,137.0566,3491317
2021-02-04,QQQ,141.452,143.011,4507313
2021-02-04,SPY,58.2684,58.1328,7921310
2021-02-04,TLT,130.0632,130.5463,3214053
2021-02-04,VNQ,53.9629,54.3177,2126004
2021-02-05,GLD,129.6343,128.5518,901447
2021-02-05,IWM,137.5368,134.1178,2553238
2021-02-05,QQQ,143.069,144.2163,5708892
2021-02-05,SPY,57.7314,58.4135,2378490
2021-02-05,TLT,130.2911,128.6857,5556545
2021-02-05,VNQ,54.2591,53.9018,6314501
2021-02-08,GLD,128.847,128.161,2279173
2021-02-08,IWM,133.52,134.259,2747379
2021-02-08,QQQ,143.5547,149.3246,7001479
2021-02-08,SPY,58.6385,57.5337,7218617
2021-02-08,TLT,128.7581,129.0462,3291017
2021-02-08,VNQ,54.1053,53.7121,3214724
2021-02-09,GLD,128.708,128.8921,6608308
2021-02-09,IWM,134.8868,135.9447,5378132
2021-02-09,QQQ,149.0275,148.5545,8419792
2021-02-09,SPY,57.7741,57.4565,3798076
2021-02-09,TLT,128.9125,128.5304,5327265
2021-02-09,VNQ,53.4937,54.5622,3086010
2021-02-10,GLD,129.0584,129.782,3176968
2021-02-10,IWM,135.5883,138.3886,8072483
2021-02-10,QQQ,148.2609,149.0265,1668969
2021-02-10,SPY,57.5977,57.3212,2196973
2021-02-10,TLT,128.6131,130.8369,2194583
2021-02-10,VNQ,54.3378,54.0791,3161279
2021-02-11,GLD,129.8298,130.1379,7843752
2021-02-11,IWM,138.8395,138.772,6071963
2021-02-11,QQQ,149.5644,151.8544,3070687
2021-02-11,SPY,57.2872,57.4726,8082518
2021-02-11,TLT,130.56,130.7398,3367988
2021-02-11,VNQ,54.0673,54.6992,3072522
2021-02-12,GLD,130.3535,129.0147,4428862
2021-02-12,IWM,138.1372,136.286,6956456
2021-02-12,QQQ,152.7733,148.8309,5997115
2021-02-12,SPY,57.5276,56.6658,2211434
2021-02-12,TLT,130.5451,131.1648,6231163
2021-02-12,VNQ,54.6931,54.8506,1148040
2021-02-15,GLD,128.9304,129.8741,3416503
2021-02-15,IWM,136.3282,135.6515,3082575
2021-02-15,QQQ,148.1914,146.8224,7849440
2021-02-15,SPY,56.5299,57.6899,3636266
2021-02-15,TLT,130.6353,130.9277,991569
2021-02-15,VNQ,54.7788,54.592,3600639
2021-02-16,GLD,130.053,129.7581,4846743
2021-02-16,IWM,136.2337,135.9813,1261129
2021-02-16,QQQ,147.3741,149.3492,4120558
2021-02-16,SPY,57.815,57.7779,2599278
2021-02-16,TLT,131.24,131.6308,6945098
2021-02-16,VNQ,54.6013,55.2728,2596232
2021-02-17,GLD,129.1521,131.2456,6710091
2021-02-17,IWM,135.8521,133.8468,2264465
2021-02-17,QQQ,149.7723,148.6183,4776697
2021-02-17,SPY,57.605,57.0564,6290241
2021-02-17,TLT,131.6057,130.9857,910505
2021-02-17,VNQ,55.3365,54.6347,6397776
2021-02-18,GLD,131.8185,130.1449,7275886
2021-02-18,IWM,133.6556,133.1444,2306605
2021-02-18,QQQ,148.697,146.8704,6183031
2021-02-18,SPY,57.0146,56.0443,8127864
2021-02-18,TLT,131.0179,129.9286,5434652
2021-02-18,VNQ,54.5299,54.8801,5984921
2021-02-19,GLD,130.0012,126.8213,6420789
2021-02-19,IWM,132.7627,131.9261,7945666
2021-02-19,QQQ,146.8665,148.0303,6630694
2021-02-19,SPY,56.194,55.8981,3730758
2021-02-19,TLT,129.519,129.3372,6189613
2021-02-19,VNQ,55.1529,53.9896,4739302
2021-02-22,GLD,127.0096,126.2815,5575727
2021-02-22,IWM,132.071,130.4059,3189127
2021-02-22,QQQ,148.2157,145.0618,2801343
2021-02-22,SPY,55.7316,55.8666,2644431
2021-02-22,TLT,129.7172,128.8323,4169129
2021-02-22,VNQ,53.7678,53.833,4675592
2021-02-23,GLD,126.3992,128.9052,6816854
2021-02-23,IWM,129.6311,128.5004,2382869
2021-02-23,QQQ,144.9854,145.4399,3638176
2021-02-23,SPY,55.8122,55.4604,3979963
2021-02-23,TLT,129.1016,129.5209,3202571
2021-02-23,VNQ,53.9431,52.9842,6621826
2021-02-24,GLD,128.9606,129.508,2144110
2021-02-24,IWM,128.1172,129.1028,4130434
2021-02-24,QQQ,146.5527,143.2211,6110734
2021-02-24,SPY,55.4848,55.537,4897642
2021-02-24,TLT,129.3776,129.5974,6158869
2021-02-24,VNQ,52.5372,53.1201,2470541
2021-02-25,GLD,129.5658,129.3002,5958255
2021-02-25,IWM,128.5615,130.1421,5637988
2021-02-25,QQQ,142.496,141.8665,7380072
2021-02-25,SPY,55.3378,55.1784,1964815
2021-02-25,TLT,129.6348,129.069,8270717
2021-02-25,VNQ,53.2571,53.7386,6953752
2021-02-26,GLD,129.3433,130.4141,1970945
2021-02-26,IWM,129.8791,132.5068,4470457
2021-02-26,QQQ,141.9854,136.301,5942347
2021-02-26,SPY,55.3507,55.5269,3333985
2021-02-26,TLT,128.9536,128.5857,2713073
2021-02-26,VNQ,53.5576,54.4378,1699429
2021-03-01,GLD,129.9219,131.0653,5055117
2021-03-01,IWM,132.9058,132.021,8382527
2021-03-01,QQQ,136.9205,136.7969,2848162
2021-03-01,SPY,55.5776,55.1189,2302906
2021-03-01,TLT,128.8098,127.5333,1435044
2021-03-01,VNQ,54.4498,54.7495,5787865
2021-03-02,GLD,130.9155,131.6673,5810168
2021-03-02,IWM,131.4175,132.1654,4966111
2021-03-02,QQQ,137.1512,137.3668,7023382
2021-03-02,SPY,54.8957,55.1172,6259818
2021-03-02,TLT,126.8894,127.6561,2871080
2021-03-02,VNQ,54.7317,54.9245,3137997
2021-03-03,GLD,132.0707,131.0589,3056921
2021-03-03,IWM,131.4715,128.9123,6925183
2021-03-03,QQQ,137.5114,137.0498,4836544
2021-03-03,SPY,55.1103,55.7192,6756840
2021-03-03,TLT,127.6694,125.3719,4386932
2021-03-03,VNQ,54.7608,54.6235,4815803
2021-03-04,GLD,130.7586,131.1819,5640627
2021-03-04,IWM,128.909,129.4629,4419253
2021-03-04,QQQ,137.7124,135.7241,3846107
2021-03-04,SPY,55.6036,57.2966,2159876
2021-03-04,TLT,125.404,125.1066,8140888
2021-03-04,VNQ,54.5558,54.3746,1425263
2021-03-05,GLD,130.8708,131.4599,4129442
2021-03-05,IWM,129.218,132.0796,6154919
2021-03-05,QQQ,136.0665,136.2607,7989523
2021-03-05,SPY,57.1958,56.7029,4162327
2021-03-05,TLT,125.3006,126.3967,5978283
2021-03-05,VNQ,54.2583,53.739,1838367
2021-03-08,GLD,132.156,130.6918,6537107
2021-03-08,IWM,131.5096,130.6159,3086112
2021-03-08,QQQ,137.0077,139.4104,3541771
2021-03-08,SPY,56.7145,56.4425,6462018
2021-03-08,TLT,126.0784,125.9744,1097592
2021-03-08,VNQ,53.6462,55.1576,7100395
2021-03-09,GLD,131.0961,129.3448,1778047
2021-03-09,IWM,130.53,131.5825,4344435
2021-03-09,QQQ,139.9882,141.3452,4355962
2021-03-09,SPY,56.3354,55.9578,3068147
2021-03-09,TLT,125.7333,125.2311,1423151
2021-03-09,VNQ,55.2654,55.1026,2404241
2021-03-10,GLD,129.8562,129.5418,6766186
2021-03-10,IWM,130.2636,130.6116,6563137
2021-03-10,QQQ,141.4937,139.8901,6438836
2021-03-10,SPY,56.1025,56.4505,1881837
2021-03-10,TLT,124.9056,125.26,4615190
2021-03-10,VNQ,54.7983,55.0113,3059540
2021-03-11,GLD,129.5602,130.7596,5730668
2021-03-11,IWM,130.4472,131.6227,4615094
2021-03-11,QQQ,140.0902,140.476,2393677
2021-03-11,SPY,56.3441,55.7811,8401658
2021-03-11,TLT,125.4792,124.2191,7738358
2021-03-11,VNQ,55.0883,55.112,4752000
2021-03-12,GLD,130.867,131.5886,3532498
2021-03-12,IWM,131.91,133.0392,4094929
2021-03-12,QQQ,140.8061,140.0092,7272284
2021-03-12,SPY,55.9279,55.5126,2976333
2021-03-12,TLT,124.3,123.3739,2543384
2021-03-12,VNQ,54.9574,54.5496,963444
2021-03-15,GLD,131.8534,132.2309,4811186
2021-03-15,IWM,133.1726,130.2944,7917884
2021-03-15,QQQ,139.3497,141.2362,5716917
2021-03-15,SPY,55.5061,55.5149,7573999
2021-03-15,TLT,123.6307,124.0993,3537418
2021-03-15,VNQ,54.6482,55.6874,1738289
2021-03-16,GLD,132.4329,132.8889,4283078
2021-03-16,IWM,130.523,128.6263,6002223
2021-03-16,QQQ,141.1734,139.5966,6139609
2021-03-16,SPY,55.6423,54.9558,3695110
2021-03-16,TLT,124.292,123.3895,4797322
2021-03-16,VNQ,55.713,55.3753,3410450
2021-03-17,GLD,132.8831,136.2002,1402978
2021-03-17,IWM,128.5234,127.2617,1609308
2021-03-17,QQQ,140.088,142.8712,3288413
2021-03-17,SPY,54.8762,54.4146,2908880
2021-03-17,TLT,123.5413,125.5134,4105355
2021-03-17,VNQ,55.4589,54.6985,7027388
2021-03-18,GLD,135.7427,136.5615,4628866
2021-03-18,IWM,127.1296,126.9046,4937334
2021-03-18,QQQ,142.7337,141.2623,1274121
2021-03-18,SPY,54.341,54.1572,2920339
2021-03-18,TLT,125.1766,126.0907,1006778
2021-03-18,VNQ,54.6607,55.9406,2854911
2021-03-19,GLD,136.3425,137.9392,1743612
2021-03-19,IWM,126.985,129.3593,3770160
2021-03-19,QQQ,141.4187,139.2117,8058375
2021-03-19,SPY,53.9904,52.9711,4200407
2021-03-19,TLT,126.0146,125.9573,1445848
2021-03-19,VNQ,55.9759,56.7954,8294545
2021-03-22,GLD,137.4605,140.5404,993303
2021-03-22,IWM,128.7802,129.4575,1198302
2021-03-22,QQQ,139.278,140.0325,4008734
2021-03-22,SPY,53.0532,52.1756,5790664
2021-03-22,TLT,126.3022,125.2538,6641785
2021-03-22,VNQ,56.7282,57.2794,2977001
2021-03-23,GLD,141.097,140.6371,3392529
2021-03-23,IWM,129.4707,129.7301,1980192
2021-03-23,QQQ,140.2132,143.6605,3889218
2021-03-23,SPY,52.3068,51.9633,5208679
2021-03-23,TLT,125.3312,124.952,5032991
2021-03-23,VNQ,57.2614,56.945,5346176
2021-03-24,GLD,140.5225,141.0151,4701978
2021-03-24,IWM,129.2274,130.1099,7021592
2021-03-24,QQQ,143.1071,140.1239,2042601
2021-03-24,SPY,52.2589,52.0637,6356415
2021-03-24,TLT,124.6756,122.4626,8101840
2021-03-24,VNQ,57.0125,57.9976,8344026
2021-03-25,GLD,140.9744,142.439,2392594
2021-03-25,IWM,130.208,128.9069,7498916
2021-03-25,QQQ,140.2187,140.3435,2390150
2021-03-25,SPY,52.2439,51.9779,2162759
2021-03-25,TLT,122.2273,122.7068,1942908
2021-03-25,VNQ,58.1863,58.0092,4817895
2021-03-26,GLD,142.5571,144.7547,1572950
2021-03-26,IWM,128.7627,130.9683,4187038
2021-03-26,QQQ,140.8306,141.7885,1128485
2021-03-26,SPY,52.0127,51.0171,6259939
2021-03-26,TLT,122.5784,123.651,3986678
2021-03-26,VNQ,58.0826,58.2095,4513972
2021-03-29,GLD,144.7808,145.2093,2394169
2021-03-29,IWM,131.0335,131.974,5476809
2021-03-29,QQQ,140.8171,147.8251,3232298
2021-03-29,SPY,50.9883,50.7814,4147241
2021-03-29,TLT,123.577,124.2557,3058727
2021-03-29,VNQ,58.1193,59.0608,8111344
2021-03-30,GLD,145.4141,145.7338,6688081
2021-03-30,IWM,131.5302,133.5088,7257968
2021-03-30,QQQ,146.5709,144.5895,4591632
2021-03-30,SPY,50.8343,51.2345,7642227
2021-03-30,TLT,124.2788,123.7651,8033842
2021-03-30,VNQ,58.7653,59.1917,7201980
2021-03-31,GLD,145.5343,145.8842,6782498
2021-03-31,IWM,132.9547,134.0325,2127871
2021-03-31,QQQ,144.4702,147.1938,5299834
2021-03-31,SPY,51.2307,51.5575,3058618
2021-03-31,TLT,123.7614,124.4179,6275681
2021-03-31,VNQ,59.1076,58.8526,4130486
2021-04-01,GLD,145.3683,144.2563,3442638
2021-04-01,IWM,134.4628,131.4124,7337151
2021-04-01,QQQ,147.2231,145.6708,5280944
2021-04-01,SPY,51.7599,51.531,4868873
2021-04-01,TLT,124.5344,125.099,2450431
2021-04-01,VNQ,58.8445,57.2772,6778387
2021-04-02,GLD,144.885,145.8124,3393514
2021-04-02,IWM,132.0439,132.4618,3965573
2021-04-02,QQQ,145.8605,145.0456,6948607
2021-04-02,SPY,51.6614,51.0604,7058374
2021-04-02,TLT,125.3786,124.9349,7577259
2021-04-02,VNQ,57.2118,58.0993,7289454
2021-04-05,GLD,145.5804,145.4891,1440769
2021-04-05,IWM,132.0823,131.2783,4859291
2021-04-05,QQQ,145.564,147.2717,6680144
2021-04-05,SPY,50.9461,51.4234,1969123
2021-04-05,TLT,125.102,125.3,5139843
2021-04-05,VNQ,58.2779,56.466,3788127
2021-04-06,GLD,145.34,143.1688,1392313
2021-04-06,IWM,130.9286,129.5748,4072761
2021-04-06,QQQ,146.7761,147.4998,1293063
2021-04-06,SPY,51.3288,51.1221,1618583
2021-04-06,TLT,125.0179,126.4298,4573973
2021-04-06,VNQ,56.6523,55.9034,5529820
2021-04-07,GLD,142.9114,142.9971,2439748
2021-04-07,IWM,129.6993,134.7621,3090365
2021-04-07,QQQ,147.707,144.5805,4658800
2021-04-07,SPY,51.3095,50.5021,7496877
2021-04-07,TLT,126.9882,126.9193,8378036
2021-04-07,VNQ,55.932,55.2345,2337842
2021-04-08,GLD,142.8246,140.7049,7891713
2021-04-08,IWM,134.9505,136.5992,2211813
2021-04-08,QQQ,144.9915,144.2004,3787562
2021-04-08,SPY,50.5438,50.0861,8434829
2021-04-08,TLT,126.8572,126.4763,1177847
2021-04-08,VNQ,55.0284,54.8079,7487120
2021-04-09,GLD,140.7272,139.3974,1006292
2021-04-09,IWM,137.3496,135.8031,5054481
2021-04-09,QQQ,144.5218,143.452,2180597
2021-04-09,SPY,50.055,50.8851,3581291
2021-04-09,TLT,126.2917,126.4697,2945897
2021-04-09,VNQ,54.8292,54.4675,3286915
2021-04-12,GLD,139.6635,139.4468,8147349
2021-04-12,IWM,135.7036,137.4759,1452215
2021-04-12,QQQ,142.9924,143.9371,4297079
2021-04-12,SPY,51.0469,51.0212,2690233
2021-04-12,TLT,126.7701,126.6192,1581025
2021-04-12,VNQ,54.376,54.7206,6910409
2021-04-13,GLD,139.1084,138.2651,1305297
2021-04-13,IWM,137.9615,139.7303,7321921
2021-04-13,QQQ,143.5722,141.9806,8498225
2021-04-13,SPY,50.9683,51.6747,6908383
2021-04-13,TLT,127.0015,124.8247,2486156
2021-04-13,VNQ,54.4089,54.4193,6938534
2021-04-14,GLD,138.3755,139.6982,7181810
2021-04-14,IWM,139.3222,140.2196,3649877
2021-04-14,QQQ,141.9243,140.5733,1625256
2021-04-14,SPY,51.636,51.426,3416756
2021-04-14,TLT,124.9576,124.9475,1605360
2021-04-14,VNQ,54.353,52.4577,3467713
2021-04-15,GLD,139.4859,137.7994,3005998
2021-04-15,IWM,139.2716,139.4382,6631838
2021-04-15,QQQ,140.7973,139.9265,3609898
2021-04-15,SPY,51.3626,51.9613,4105152
2021-04-15,TLT,125.3029,124.7874,4105249
2021-04-15,VNQ,52.3486,52.3584,2915503
2021-04-16,GLD,138.2114,138.1706,4336899
2021-04-16,IWM,139.5543,141.4759,2771405
2021-04-16,QQQ,139.9478,140.0472,1306462
2021-04-16,SPY,51.6891,51.6434,1474651
2021-04-16,TLT,124.7475,122.4101,8353516
2021-04-16,VNQ,52.4111,51.4826,1514007
2021-04-19,GLD,137.7751,138.9294,5261106
2021-04-19,IWM,140.8659,143.077,3688267
2021-04-19,QQQ,139.4794,139.75,3364338
2021-04-19,SPY,51.7631,51.5721,1132299
2021-04-19,TLT,122.378,120.5608,4477430
2021-04-19,VNQ,51.1619,51.1139,7256985
2021-04-20,GLD,138.9756,140.8894,8228954
2021-04-20,IWM,143.4322,144.5462,3447929
2021-04-20,QQQ,140.3412,140.7277,1059665
2021-04-20,SPY,51.4054,52.9797,7837675
2021-04-20,TLT,120.282,122.467,7676070
2021-04-20,VNQ,50.8228,50.1947,2202380
2021-04-21,GLD,141.1438,142.153,5767240
2021-04-21,IWM,145.2925,141.105,2717731
2021-04-21,QQQ,141.4745,142.1625,5178151
2021-04-21,SPY,52.8991,53.4328,1461921
2021-04-21,TLT,122.7494,122.5585,5761066
2021-04-21,VNQ,50.1984,50.0077,3954518
2021-04-22,GLD,141.7017,142.4972,7800386
2021-04-22,IWM,140.2736,142.0393,5953119
2021-04-22,QQQ,143.3156,142.9276,7197556
2021-04-22,SPY,53.3265,53.1626,7193623
2021-04-22,TLT,122.621,123.9988,4440889
2021-04-22,VNQ,50.2156,49.726,1567389
2021-04-23,GLD,142.5466,142.6362,5650276
2021-04-23,IWM,141.972,146.3893,5641583
2021-04-23,QQQ,142.7109,141.555,7359750
2021-04-23,SPY,53.2662,53.13,7001094
2021-04-23,TLT,124.4537,123.5721,5252159
2021-04-23,VNQ,49.7276,50.1184,5525631
2021-04-26,GLD,142.6978,142.588,5821481
2021-04-26,IWM,146.9062,144.1215,8386837
2021-04-26,QQQ,141.5067,138.3058,4723678
2021-04-26,SPY,53.1203,53.3317,1413930
2021-04-26,TLT,123.503,125.2344,4470067
2021-04-26,VNQ,50.1162,50.2933,6750432
2021-04-27,GLD,142.3263,144.1617,5915816
2021-04-27,IWM,143.675,143.2962,7797528
2021-04-27,QQQ,138.6042,136.4902,6824381
2021-04-27,SPY,53.3339,54.0433,8433779
2021-04-27,TLT,125.557,125.8453,1853391
2021-04-27,VNQ,50.3073,50.7979,8281992
2021-04-28,GLD,144.0978,143.3008,6197488
2021-04-28,IWM,143.9064,141.6807,5877823
2021-04-28,QQQ,135.8293,135.1107,976255
2021-04-28,SPY,53.8008,53.7765,4914134
2021-04-28,TLT,125.894,125.072,7764166
2021-04-28,VNQ,50.6987,49.7715,3856070
2021-04-29,GLD,143.6524,144.0393,1933977
2021-04-29,IWM,141.6265,140.663,4194447
2021-04-29,QQQ,134.6265,134.594,4921315
2021-04-29,SPY,53.7639,52.7982,4292600
2021-04-29,TLT,125.551,125.3622,5387040
2021-04-29,VNQ,49.4723,50.5423,2802722
2021-04-30,GLD,144.1344,143.9432,6384655
2021-04-30,IWM,140.7284,140.376,7441099
2021-04-30,QQQ,134.0158,136.4753,4265842
2021-04-30,SPY,52.59,52.6554,3868357
2021-04-30,TLT,125.3915,127.0888,5276647
2021-04-30,VNQ,50.4973,50.1208,4958987
2021-05-03,GLD,143.8103,144.3024,1545772
2021-05-03,IWM,139.8509,144.5937,2008054
2021-05-03,QQQ,137.0183,136.3002,8063144
2021-05-03,SPY,52.6988,52.6791,2233756
2021-05-03,TLT,127.5032,129.7783,2421482
2021-05-03,VNQ,50.0377,50.2978,8473761
2021-05-04,GLD,144.2401,143.9765,5059839
2021-05-04,IWM,144.1732,143.9775,2408083
2021-05-04,QQQ,136.53,134.3143,6311596
2021-05-04,SPY,52.7309,52.7559,5506114
2021-05-04,TLT,129.5229,130.3556,8036471
2021-05-04,VNQ,50.0883,50.6304,5034859
2021-05-05,GLD,144.1404,146.943,7485756
2021-05-05,IWM,144.1833,147.405,2808806
2021-05-05,QQQ,134.0083,131.6206,6344047
2021-05-05,SPY,52.7534,53.5201,7951822
2021-05-05,TLT,130.2665,129.8319,5494094
2021-05-05,VNQ,50.9114,51.025,7059518
2021-05-06,GLD,147.3997,146.0654,7592857
2021-05-06,IWM,147.8117,145.4005,6437688
2021-05-06,QQQ,130.9195,131.333,2593442
2021-05-06,SPY,53.8136,53.7169,3452904
2021-05-06,TLT,129.7131,128.8363,3085738
2021-05-06,VNQ,50.8394,50.8561,6813058
2021-05-07,GLD,146.3529,146.4474,7214548
2021-05-07,IWM,145.8209,146.7744,4475656
2021-05-07,QQQ,131.1068,130.7663,6712393
2021-05-07,SPY,53.7929,54.2016,2955017
2021-05-07,TLT,129.156,129.6085,3503297
2021-05-07,VNQ,50.9459,49.8898,2531376
2021-05-10,GLD,146.7128,146.8622,7465653
2021-05-10,IWM,146.8411,146.6878,6619694
2021-05-10,QQQ,131.3497,128.6069,6490584
2021-05-10,SPY,54.2882,53.5811,8167598
2021-05-10,TLT,129.055,130.8555,7331668
2021-05-10,VNQ,50.2224,50.3324,4228006
2021-05-11,GLD,147.4217,147.7411,3906643
2021-05-11,IWM,146.1352,145.8172,1479648
2021-05-11,QQQ,128.6343,125.3719,6111678
2021-05-11,SPY,53.6015,54.0962,2520221
2021-05-11,TLT,130.5575,131.0139,3992583
2021-05-11,VNQ,50.3056,51.0741,3705323
2021-05-12,GLD,147.2048,148.4041,6615435
2021-05-12,IWM,146.1194,146.4459,8187201
2021-05-12,QQQ,125.8914,124.6399,6108584
2021-05-12,SPY,54.0683,55.3394,2556790
2021-05-12,TLT,131.1032,130.8865,1070125
2021-05-12,VNQ,50.9983,51.7807,7334217
2021-05-13,GLD,147.9033,149.0336,4164070
2021-05-13,IWM,148.2306,149.3701,4760235
2021-05-13,QQQ,124.6293,125.2946,4306246
2021-05-13,SPY,55.4827,55.8145,1336322
2021-05-13,TLT,130.8986,131.831,3119339
2021-05-13,VNQ,51.6721,52.4779,3855464
2021-05-14,GLD,148.2338,150.4559,6276783
2021-05-14,IWM,149.3693,150.2713,2677826
2021-05-14,QQQ,126.0097,125.6069,7865274
2021-05-14,SPY,55.9793,55.9814,7133526
2021-05-14,TLT,131.8452,132.3996,4627384
2021-05-14,VNQ,52.5755,53.5074,8247926
2021-05-17,GLD,150.7633,148.3641,7085918
2021-05-17,IWM,150.484,151.7696,2748452
2021-05-17,QQQ,125.3836,122.7836,5048921
2021-05-17,SPY,55.7867,56.0888,5601419
2021-05-17,TLT,132.5462,132.8624,7145621
2021-05-17,VNQ,53.5263,54.091,1202186
2021-05-18,GLD,147.5621,148.4106,4437274
2021-05-18,IWM,152.2828,151.9977,6901179
2021-05-18,QQQ,122.7023,121.8846,2981087
2021-05-18,SPY,56.2474,57.1878,2934200
2021-05-18,TLT,132.8214,131.089,6695274
2021-05-18,VNQ,54.0981,53.7806,3153159
2021-05-19,GLD,148.4015,146.7228,1229077
2021-05-19,IWM,151.4828,153.1239,6518787
2021-05-19,QQQ,121.9217,121.4352,3072841
2021-05-19,SPY,57.2666,56.6378,1710139
2021-05-19,TLT,131.2988,130.7138,5642596
2021-05-19,VNQ,53.3761,54.2446,6651526
2021-05-20,GLD,146.9933,147.0777,3463448
2021-05-20,IWM,152.5109,154.0955,4830637
2021-05-20,QQQ,121.1191,119.5767,3045263
2021-05-20,SPY,56.7837,56.5854,5835919
2021-05-20,TLT,131.0998,132.9123,2212604
2021-05-20,VNQ,54.2721,53.466,6836131
2021-05-21,GLD,146.5941,145.4749,1456651
2021-05-21,IWM,154.3111,156.0238,4416492
2021-05-21,QQQ,119.4617,119.3264,4258377
2021-05-21,SPY,56.6561,56.8799,2307440
2021-05-21,TLT,132.6687,132.9003,4661493
2021-05-21,VNQ,53.4039,53.3917,5594694
2021-05-24,GLD,145.251,144.1925,8244347
2021-05-24,IWM,155.0884,155.8075,1510318
2021-05-24,QQQ,119.2113,118.079,7672796
2021-05-24,SPY,56.6907,57.3498,4151239
2021-05-24,TLT,133.2821,135.7817,3532327
2021-05-24,VNQ,53.466,53.4288,6744649
2021-05-25,GLD,144.1071,144.1413,5378458
2021-05-25,IWM,156.1467,154.529,4495293
2021-05-25,QQQ,117.7343,119.6472,7737823
2021-05-25,SPY,57.17,57.0966,1615269
2021-05-25,TLT,135.575,136.2531,7613927
2021-05-25,VNQ,53.2096,54.1378,7750043
2021-05-26,GLD,144.397,146.0875,5301447
2021-05-26,IWM,155.6315,153.5472,4810435
2021-05-26,QQQ,120.275,118.3755,7334778
2021-05-26,SPY,57.3762,57.2996,4896646
2021-05-26,TLT,135.8858,135.92,4580706
2021-05-26,VNQ,54.1032,53.8933,8267711
2021-05-27,GLD,145.5642,146.9185,4100298
2021-05-27,IWM,153.9971,152.529,6571848
2021-05-27,QQQ,118.5489,121.225,2847072
2021-05-27,SPY,57.3384,57.144,5213836
2021-05-27,TLT,135.9087,136.268,7428840
2021-05-27,VNQ,53.9004,53.7052,3461283
2021-05-28,GLD,147.0345,147.3628,8042036
2021-05-28,IWM,152.3392,153.8116,8366302
2021-05-28,QQQ,120.7817,123.0168,3500135
2021-05-28,SPY,56.9276,57.2324,4867379
2021-05-28,TLT,136.2441,137.0048,7992410
2021-05-28,VNQ,53.7448,53.3049,7663254
2021-05-31,GLD,147.6119,149.3622,2041078
2021-05-31,IWM,153.6859,152.0993,3380193
2021-05-31,QQQ,122.6013,123.672,8142502
2021-05-31,SPY,57.2858,57.166,6317557
2021-05-31,TLT,137.0916,136.147,1286443
2021-05-31,VNQ,53.3849,53.5876,1660765
2021-06-01,GLD,149.4168,148.0662,2589122
2021-06-01,IWM,152.0736,153.7936,7601168
2021-06-01,QQQ,123.6826,124.1173,3485951
2021-06-01,SPY,57.1106,56.4857,5657430
2021-06-01,TLT,135.8159,136.4506,8429764
2021-06-01,VNQ,53.3861,52.4025,3230618
2021-06-02,GLD,148.1254,145.1993,4116532
2021-06-02,IWM,153.476,154.4249,2749390
2021-06-02,QQQ,123.6889,126.7636,7425824
2021-06-02,SPY,56.2076,56.4871,6820553
2021-06-02,TLT,136.4212,135.9606,2971904
2021-06-02,VNQ,52.5251,50.901,6686065
2021-06-03,GLD,145.635,144.6501,2158754
2021-06-03,IWM,154.0609,157.3883,7096925
2021-06-03,QQQ,127.4034,126.062,5380666
2021-06-03,SPY,56.1418,57.0345,1416791
2021-06-03,TLT,135.7864,137.7259,4335068
2021-06-03,VNQ,50.9831,51.9323,2088668
2021-06-04,GLD,144.7295,144.3014,3025816
2021-06-04,IWM,157.7464,157.9624,6037122
2021-06-04,QQQ,126.5366,126.8683,5921844
2021-06-04,SPY,56.7903,56.4609,6858366
2021-06-04,TLT,138.0427,137.1857,1997298
2021-06-04,VNQ,51.7174,52.6876,8041576
2021-06-07,GLD,144.2966,146.0263,6503623
2021-06-07,IWM,158.2022,160.5564,7667832
2021-06-07,QQQ,126.7143,126.4054,7014504
2021-06-07,SPY,56.502,56.3293,1351787
2021-06-07,TLT,137.1971,137.3395,1543056
2021-06-07,VNQ,52.6736,53.0742,1978564
2021-06-08,GLD,145.9127,149.0399,904514
2021-06-08,IWM,160.3857,161.6769,2723021
2021-06-08,QQQ,126.8929,129.3944,4271261
2021-06-08,SPY,56.3221,56.7458,7251471
2021-06-08,TLT,137.1504,135.5424,4693536
2021-06-08,VNQ,53.0796,53.2694,5513950
2021-06-09,GLD,149.2737,147.2104,5970726
2021-06-09,IWM,162.361,162.214,6211000
2021-06-09,QQQ,129.0345,128.829,4275668
2021-06-09,SPY,56.7079,56.1131,8278700
2021-06-09,TLT,135.2312,133.9293,938615
2021-06-09,VNQ,53.2411,52.822,1694243
2021-06-10,GLD,147.1118,150.7293,8491932
2021-06-10,IWM,161.6219,161.5984,5026229
2021-06-10,QQQ,128.812,128.3613,2561131
2021-06-10,SPY,56.1559,56.2367,6512034
2021-06-10,TLT,133.9159,133.8303,6143423
2021-06-10,VNQ,52.4923,51.7863,2572730
2021-06-11,GLD,150.9662,153.0067,4059006
2021-06-11,IWM,161.4751,162.8124,5965379
2021-06-11,QQQ,128.4221,123.3566,4669687
2021-06-11,SPY,56.3273,55.6154,2823242
2021-06-11,TLT,134.3802,132.7633,4389915
2021-06-11,VNQ,51.8022,52.0133,5541785
2021-06-14,GLD,153.0456,154.2568,7139827
2021-06-14,IWM,162.4621,163.1303,7874915
2021-06-14,QQQ,122.4464,123.8364,3148623
2021-06-14,SPY,55.3033,56.309,1908453
2021-06-14,TLT,132.2634,132.4265,3551486
2021-06-14,VNQ,52.1674,51.239,7852051
2021-06-15,GLD,154.6737,154.8271,4835018
2021-06-15,IWM,163.039,161.7429,5160153
2021-06-15,QQQ,124.0895,123.1811,2136384
2021-06-15,SPY,56.2636,57.735,3611489
2021-06-15,TLT,132.2245,132.7074,5807358
2021-06-15,VNQ,50.9679,51.7947,8479904
2021-06-16,GLD,154.5387,158.4511,6503364
2021-06-16,IWM,161.454,160.6759,2744480
2021-06-16,QQQ,123.5173,124.2593,4788018
2021-06-16,SPY,57.6072,59.0132,3185082
2021-06-16,TLT,133.0477,133.3711,1406244
2021-06-16,VNQ,51.8406,51.9089,5213009
2021-06-17,GLD,158.4815,158.6053,7962301
2021-06-17,IWM,160.7575,156.284,5158129
2021-06-17,QQQ,123.9571,121.546,3379602
2021-06-17,SPY,58.8186,58.8889,2721917
2021-06-17,TLT,133.652,131.7324,3455695
2021-06-17,VNQ,52.1992,50.955,7650149
2021-06-18,GLD,158.7389,157.9302,6695744
2021-06-18,IWM,156.3447,159.0426,7394622
2021-06-18,QQQ,122.2531,119.9687,1875804
2021-06-18,SPY,58.8027,59.3717,3548531
2021-06-18,TLT,131.6627,131.5227,8281219
2021-06-18,VNQ,50.8754,51.0669,6537137
2021-06-21,GLD,158.0873,158.1712,6072659
2021-06-21,IWM,158.3994,161.8014,6076160
2021-06-21,QQQ,120.0597,122.3802,8410386
2021-06-21,SPY,59.3522,59.4629,5806992
2021-06-21,TLT,131.4767,132.2989,6373247
2021-06-21,VNQ,51.287,49.9106,2836421
2021-06-22,GLD,158.5988,156.1707,1852908
2021-06-22,IWM,162.0415,160.7659,7577265
2021-06-22,QQQ,122.1667,120.9795,6137949
2021-06-22,SPY,59.4205,59.542,4004918
2021-06-22,TLT,132.1658,131.5181,4455576
2021-06-22,VNQ,50.2622,49.4142,3860436
2021-06-23,GLD,156.3187,156.9017,5081378
2021-06-23,IWM,160.6721,157.8996,3632623
2021-06-23,QQQ,121.7899,121.3537,6294003
2021-06-23,SPY,59.3106,60.5515,8377713
2021-06-23,TLT,131.2588,130.0217,3139964
2021-06-23,VNQ,49.4209,49.954,4910507
2021-06-24,GLD,157.2409,156.7717,6363112
2021-06-24,IWM,157.4689,159.5394,7620537
2021-06-24,QQQ,121.83,123.0588,4868176
2021-06-24,SPY,60.4732,59.7161,7648508
2021-06-24,TLT,129.9327,129.2364,6253223
2021-06-24,VNQ,50.1097,49.4661,3138280
2021-06-25,GLD,157.5048,157.2949,3031792
2021-06-25,IWM,159.8356,162.2331,8499836
2021-06-25,QQQ,122.9658,123.2215,2515994
2021-06-25,SPY,60.0393,60.409,3960626
2021-06-25,TLT,129.3762,131.1065,6632307
2021-06-25,VNQ,49.664,49.238,1856761
2021-06-28,GLD,157.6117,157.864,2809803
2021-06-28,IWM,162.4895,162.2409,3629324
2021-06-28,QQQ,124.1626,123.3517,7780505
2021-06-28,SPY,60.2387,60.3914,8344310
2021-06-28,TLT,131.2025,131.1334,4543758
2021-06-28,VNQ,49.1485,48.7963,3476290
2021-06-29,GLD,157.4701,156.3248,2187514
2021-06-29,IWM,162.9585,160.7515,7669669
2021-06-29,QQQ,124.2677,125.6497,7681808
2021-06-29,SPY,60.1193,61.3236,3342123
2021-06-29,TLT,130.7081,132.9519,4191176
2021-06-29,VNQ,48.8365,48.4318,3118466
2021-06-30,GLD,155.7983,158.314,4580827
2021-06-30,IWM,159.2226,163.8322,1909107
2021-06-30,QQQ,125.5722,124.6609,1163564
2021-06-30,SPY,61.3688,61.461,5169031
2021-06-30,TLT,132.889,132.5982,4410290
2021-06-30,VNQ,48.5747,48.9793,4200797
2021-07-01,GLD,158.5674,156.8356,3784069
2021-07-01,IWM,163.7873,166.0392,4572256
2021-07-01,QQQ,125.0595,125.7706,6887839
2021-07-01,SPY,61.5592,61.034,3556155
2021-07-01,TLT,132.4062,134.002,2856529
2021-07-01,VNQ,49.1008,49.2224,2305755
2021-07-02,GLD,156.6971,158.19,7066633
2021-07-02,IWM,165.8777,168.6215,2529310
2021-07-02,QQQ,126.7947,125.2829,4728133
2021-07-02,SPY,61.1098,61.2295,5854848
2021-07-02,TLT,134.3505,132.3117,5210586
2021-07-02,VNQ,49.2149,49.5006,6736676
2021-07-05,GLD,158.3008,155.8585,3216005
2021-07-05,IWM,167.9098,173.4178,5983657
2021-07-05,QQQ,124.0403,123.1875,4258082
2021-07-05,SPY,61.0462,61.7282,1105985
2021-07-05,TLT,131.9183,132.0225,6425714
2021-07-05,VNQ,49.4261,48.5344,3428033
2021-07-06,GLD,155.7959,156.439,2352035
2021-07-06,IWM,172.3641,173.4087,4578295
2021-07-06,QQQ,123.9558,123.299,7278835
2021-07-06,SPY,61.8934,61.7661,4652491
2021-07-06,TLT,131.6923,132.1301,2811781
2021-07-06,VNQ,48.7404,48.3596,7146286
2021-07-07,GLD,156.926,155.2637,6270834
2021-07-07,IWM,172.0031,173.9079,7445271
2021-07-07,QQQ,123.0497,125.8345,6564457
2021-07-07,SPY,61.6364,62.104,1582881
2021-07-07,TLT,131.7444,134.199,3057094
2021-07-07,VNQ,48.6908,47.8914,7954105
2021-07-08,GLD,155.7072,155.3586,5681417
2021-07-08,IWM,174.3976,179.171,7798722
2021-07-08,QQQ,125.1826,125.5431,2696908
2021-07-08,SPY,61.9156,61.7722,3177857
2021-07-08,TLT,135.2299,134.7625,7595240
2021-07-08,VNQ,47.997,47.9641,1949982
2021-07-09,GLD,154.9456,154.4375,8443172
2021-07-09,IWM,178.6833,181.4721,2661054
2021-07-09,QQQ,126.3151,124.2591,4841254
2021-07-09,SPY,61.6716,60.3904,1265164
2021-07-09,TLT,135.272,136.105,4093733
2021-07-09,VNQ,48.0663,47.3566,7030237
2021-07-12,GLD,154.5389,151.3158,4268034
2021-07-12,IWM,182.2451,188.2255,6260110
2021-07-12,QQQ,123.946,123.9063,6488829
2021-07-12,SPY,60.3728,60.9892,5442296
2021-07-12,TLT,136.0443,135.6083,7101607
2021-07-12,VNQ,47.2098,47.9345,2627724
2021-07-13,GLD,151.2093,149.7618,7440830
2021-07-13,IWM,188.1371,181.2946,3924413
2021-07-13,QQQ,123.0397,123.0361,3788149
2021-07-13,SPY,61.1059,61.4616,3361727
2021-07-13,TLT,135.8971,135.1187,4400060
2021-07-13,VNQ,47.7892,49.5699,7936417
2021-07-14,GLD,149.2992,149.8907,1020923
2021-07-14,IWM,181.9975,177.3575,3645627
2021-07-14,QQQ,123.4059,124.0255,2670008
2021-07-14,SPY,61.5643,61.5732,3813130
2021-07-14,TLT,134.6217,136.652,5438381
2021-07-14,VNQ,49.4788,49.6689,3475267
2021-07-15,GLD,150.1219,150.809,3043142
2021-07-15,IWM,177.227,178.9269,1398635
2021-07-15,QQQ,123.3032,122.1925,7930243
2021-07-15,SPY,61.5695,61.6323,8381232
2021-07-15,TLT,136.5886,138.3901,2887023
2021-07-15,VNQ,49.7574,49.3359,5785893
2021-07-16,GLD,150.7588,148.7614,3287449
2021-07-16,IWM,179.2644,180.183,5845335
2021-07-16,QQQ,122.2865,123.9052,4337358
2021-07-16,SPY,61.7864,62.3342,6315628
2021-07-16,TLT,139.0877,139.9053,8205629
2021-07-16,VNQ,49.4623,49.8429,4068120
2021-07-19,GLD,148.9186,145.8349,3186317
2021-07-19,IWM,179.9775,177.2244,8057378
2021-07-19,QQQ,123.7653,124.7212,3265845
2021-07-19,SPY,62.3478,62.0439,1973494
2021-07-19,TLT,139.864,141.4045,6058798
2021-07-19,VNQ,49.8725,48.8601,2347976
2021-07-20,GLD,146.6937,144.6687,6231939
2021-07-20,IWM,176.6291,174.8267,8313987
2021-07-20,QQQ,124.8862,127.0951,6593755
2021-07-20,SPY,62.1929,61.5901,3402898
2021-07-20,TLT,141.0053,140.7646,2994677
2021-07-20,VNQ,48.7903,48.5566,5680364
2021-07-21,GLD,145.1254,144.4106,5446422
2021-07-21,IWM,174.6099,172.5895,3350888
2021-07-21,QQQ,127.0266,126.2579,2492767
2021-07-21,SPY,61.3591,61.4798,5071653
2021-07-21,TLT,140.5798,143.4777,3277676
2021-07-21,VNQ,48.5481,49.1048,6913130
2021-07-22,GLD,144.7896,143.5797,5943067
2021-07-22,IWM,172.4832,174.1488,8174360
2021-07-22,QQQ,125.6939,128.1119,2227137
2021-07-22,SPY,61.2212,62.2817,1967235
2021-07-22,TLT,143.2969,143.7058,7628791
2021-07-22,VNQ,49.1696,48.9007,7884205
2021-07-23,GLD,143.442,142.5157,7353347
2021-07-23,IWM,174.2868,170.515,7133686
2021-07-23,QQQ,127.9845,126.235,2465807
2021-07-23,SPY,62.4112,61.3772,2474473
2021-07-23,TLT,143.6587,145.3385,4928559
2021-07-23,VNQ,48.8488,48.906,8166673
2021-07-26,GLD,142.1182,143.6963,6144415
2021-07-26,IWM,171.398,170.0604,1562631
2021-07-26,QQQ,126.2536,127.4363,4084907
2021-07-26,SPY,61.1492,62.1797,5989283
2021-07-26,TLT,145.2923,146.3165,4857112
2021-07-26,VNQ,48.7954,49.7754,1445562
2021-07-27,GLD,144.1224,145.0446,3217569
2021-07-27,IWM,170.3511,168.0708,5005633
2021-07-27,QQQ,127.6127,127.0451,7995429
2021-07-27,SPY,62.1295,61.7694,1179541
2021-07-27,TLT,146.1633,144.0829,4877720
2021-07-27,VNQ,50.0719,49.9452,2920983
2021-07-28,GLD,144.9413,146.0958,3247298
2021-07-28,IWM,168.693,160.7613,4874105
2021-07-28,QQQ,127.1823,124.9533,3669091
2021-07-28,SPY,61.7531,61.0593,6691898
2021-07-28,TLT,143.6155,141.6469,2238824
2021-07-28,VNQ,49.7741,50.3327,7869911
2021-07-29,GLD,146.112,144.8374,3033834
2021-07-29,IWM,161.0262,161.2884,7766365
2021-07-29,QQQ,124.6565,126.5004,5519507
2021-07-29,SPY,60.9795,61.9027,7261245
2021-07-29,TLT,141.635,139.6723,3106858
2021-07-29,VNQ,50.3094,49.7636,2254141
2021-07-30,GLD,144.7092,144.9725,3414043
2021-07-30,IWM,160.9213,165.5569,4926588
2021-07-30,QQQ,126.1868,129.3612,8141316
2021-07-30,SPY,61.8276,61.8524,3982105
2021-07-30,TLT,139.6638,139.6245,6254472
2021-07-30,VNQ,50.0017,51.1337,7077847
2021-08-02,GLD,145.0076,144.7382,4537421
2021-08-02,IWM,166.2999,164.9308,7450826
2021-08-02,QQQ,129.3334,132.9583,6341705
2021-08-02,SPY,62.0835,61.0109,1867106
2021-08-02,TLT,139.141,141.0201,8283754
2021-08-02,VNQ,51.1307,50.9314,1012124
2021-08-03,GLD,145.5657,142.8294,5365081
2021-08-03,IWM,164.7886,166.6221,2829134
2021-08-03,QQQ,132.8853,133.9227,8444224
2021-08-03,SPY,60.5991,60.7906,4639304
2021-08-03,TLT,141.1912,140.7246,7965457
2021-08-03,VNQ,51.1332,51.2609,8074645
2021-08-04,GLD,142.7235,144.0559,6762226
2021-08-04,IWM,167.7523,166.5863,8225520
2021-08-04,QQQ,135.446,133.4878,8066963
2021-08-04,SPY,60.9347,61.4136,1927003
2021-08-04,TLT,140.6726,141.7871,7083509
2021-08-04,VNQ,51.3603,51.3516,6049737
2021-08-05,GLD,143.9603,144.2063,6654323
2021-08-05,IWM,166.4922,165.9669,5077673
2021-08-05,QQQ,133.8561,136.5585,4371749
2021-08-05,SPY,61.7922,62.2167,2221060
2021-08-05,TLT,142.321,140.2626,2208575
2021-08-05,VNQ,51.2364,51.3621,3773572
2021-08-06,GLD,144.2758,143.5775,4358408
2021-08-06,IWM,167.0621,161.8384,8488887
2021-08-06,QQQ,136.8284,134.6615,1450185
2021-08-06,SPY,62.2206,61.9467,7110810
2021-08-06,TLT,140.4119,139.5063,3773540
2021-08-06,VNQ,51.3175,50.6176,2831927
2021-08-09,GLD,143.6747,145.5445,3596180
2021-08-09,IWM,161.3063,161.2598,1788360
2021-08-09,QQQ,135.1796,134.9999,4547591
2021-08-09,SPY,61.9436,62.2309,8051035
2021-08-09,TLT,139.3116,138.4154,3788326
2021-08-09,VNQ,50.4558,50.4945,5141098
2021-08-10,GLD,145.1318,146.6299,998946
2021-08-10,IWM,161.6252,156.4298,1191226
2021-08-10,QQQ,135.2544,132.0572,8399515
2021-08-10,SPY,62.352,62.7228,2752437
2021-08-10,TLT,138.15,138.4651,6799564
2021-08-10,VNQ,50.5513,50.6079,6914882
2021-08-11,GLD,146.0152,147.8521,7125032
2021-08-11,IWM,156.3847,154.8531,7006634
2021-08-11,QQQ,132.8965,132.3921,6334677
2021-08-11,SPY,63.0306,62.3053,8392995
2021-08-11,TLT,139.0057,137.0772,2542705
2021-08-11,VNQ,50.7053,51.5407,2872320
2021-08-12,GLD,147.6479,149.57,6118737
2021-08-12,IWM,154.6197,154.997,5393356
2021-08-12,QQQ,132.2161,132.9572,1232029
2021-08-12,SPY,62.1075,62.5568,2411723
2021-08-12,TLT,137.4324,136.9635,5633460
2021-08-12,VNQ,51.4197,51.701,8287577
2021-08-13,GLD,149.4936,150.62,2483326
2021-08-13,IWM,154.8083,155.2102,7346965
2021-08-13,QQQ,133.0775,132.1902,6723495
2021-08-13,SPY,62.5715,62.5496,8130748
2021-08-13,TLT,137.1351,137.6924,4436259
2021-08-13,VNQ,51.7919,51.4777,6460742
2021-08-16,GLD,150.3381,148.8615,7649408
2021-08-16,IWM,155.0767,153.2237,5020749
2021-08-16,QQQ,131.6649,134.3516,4775636
2021-08-16,SPY,62.5185,62.2057,8068237
2021-08-16,TLT,137.9575,137.1428,7808206
2021-08-16,VNQ,51.3935,51.6641,7364384
2021-08-17,GLD,148.5069,148.3469,5892931
2021-08-17,IWM,153.375,152.7023,1467130
2021-08-17,QQQ,134.5201,134.1407,7963088
2021-08-17,SPY,62.2989,61.8928,982803
2021-08-17,TLT,136.7494,136.0754,7588647
2021-08-17,VNQ,51.1992,51.8331,1099809
2021-08-18,GLD,148.0143,149.7915,6158895
2021-08-18,IWM,152.5198,150.2442,5567321
2021-08-18,QQQ,133.9369,135.1589,2141071
2021-08-18,SPY,61.9191,61.9513,2376927
2021-08-18,TLT,136.4343,135.5419,6110368
2021-08-18,VNQ,51.4824,51.8294,6383173
2021-08-19,GLD,149.6478,148.7385,6130880
2021-08-19,IWM,149.8484,151.7652,6916973
2021-08-19,QQQ,134.0317,136.3159,6375264
2021-08-19,SPY,62.0608,61.9852,5288582
2021-08-19,TLT,135.515,134.0987,4995798
2021-08-19,VNQ,51.9146,52.0564,6295660
2021-08-20,GLD,148.6916,148.8217,1154229
2021-08-20,IWM,151.003,149.096,1561716
2021-08-20,QQQ,135.8913,136.1118,8490187
2021-08-20,SPY,61.9153,61.625,7220545
2021-08-20,TLT,134.1045,132.8885,4892328
2021-08-20,VNQ,52.2704,53.1822,3610743
2021-08-23,GLD,148.2436,149.4133,4148646
2021-08-23,IWM,148.2377,155.0695,4335972
2021-08-23,QQQ,136.7684,130.9775,6097890
2021-08-23,SPY,61.6331,61.3586,4621225
2021-08-23,TLT,133.2048,133.8426,1209181
2021-08-23,VNQ,53.4852,53.2489,4746774
2021-08-24,GLD,149.2135,151.494,2961626
2021-08-24,IWM,155.1471,156.8602,4019979
2021-08-24,QQQ,131.201,130.2037,4153072
2021-08-24,SPY,61.2486,62.1088,3231402
2021-08-24,TLT,134.0264,134.254,5204586
2021-08-24,VNQ,53.0469,52.4697,6265272
2021-08-25,GLD,151.6146,153.3966,1708571
2021-08-25,IWM,157.0181,156.6043,5977176
2021-08-25,QQQ,130.4972,130.566,1945231
2021-08-25,SPY,61.9984,62.2654,6111022
2021-08-25,TLT,133.8298,132.5671,8073185
2021-08-25,VNQ,52.5794,52.1835,2371684
2021-08-26,GLD,153.3442,154.7364,4879834
2021-08-26,IWM,156.7151,160.6973,2403059
2021-08-26,QQQ,130.3875,128.6113,6989017
2021-08-26,SPY,62.2418,62.8729,5199028
2021-08-26,TLT,132.7819,132.247,1618746
2021-08-26,VNQ,52.1591,52.0556,7390026
2021-08-27,GLD,154.2322,154.496,4162514
2021-08-27,IWM,160.0223,158.511,7927520
2021-08-27,QQQ,129.5161,128.7485,6327781
2021-08-27,SPY,62.849,63.702,5276714
2021-08-27,TLT,132.2216,132.7866,1575026
2021-08-27,VNQ,52.0312,51.6535,8041114
2021-08-30,GLD,154.3576,155.8695,4671518
2021-08-30,IWM,159.0266,161.3647,7002903
2021-08-30,QQQ,129.0533,125.904,1495488
2021-08-30,SPY,63.5023,64.1198,3263642
2021-08-30,TLT,133.1538,133.7391,4413300
2021-08-30,VNQ,51.3516,51.8163,1711982
2021-08-31,GLD,155.8537,156.6813,2625800
2021-08-31,IWM,161.3842,159.8596,3903951
2021-08-31,QQQ,125.3752,127.1355,7230043
2021-08-31,SPY,64.3898,65.7134,8332157
2021-08-31,TLT,133.8232,134.5079,4254953
2021-08-31,VNQ,51.9379,52.4928,8302801
2021-09-01,GLD,156.9572,156.4739,1502319
2021-09-01,IWM,161.0674,159.9616,6085971
2021-09-01,QQQ,126.8349,128.371,7250535
2021-09-01,SPY,65.6897,65.1503,3478024
2021-09-01,TLT,134.7205,135.688,7685828
2021-09-01,VNQ,52.475,51.2915,8111224
2021-09-02,GLD,155.8647,158.5265,1073057
2021-09-02,IWM,160.2728,158.6725,4923490
2021-09-02,QQQ,128.9439,129.19,7432904
2021-09-02,SPY,64.9094,65.7321,4666416
2021-09-02,TLT,135.44,135.6526,4518489
2021-09-02,VNQ,51.2816,50.6564,4974813
2021-09-03,GLD,158.7733,159.3013,3063554
2021-09-03,IWM,158.551,156.9003,4725614
2021-09-03,QQQ,128.8247,128.275,4339196
2021-09-03,SPY,65.9262,65.5238,7985359
2021-09-03,TLT,135.4472,135.645,8130053
2021-09-03,VNQ,50.7842,50.4182,2740535
2021-09-06,GLD,159.1174,158.1993,7033995
2021-09-06,IWM,157.1641,155.5633,1641546
2021-09-06,QQQ,128.8318,128.8691,6651448
2021-09-06,SPY,65.3927,66.8547,4132456
2021-09-06,TLT,135.3583,135.3628,5041683
2021-09-06,VNQ,50.4515,50.8797,5896750
2021-09-07,GLD,158.2651,160.1356,3978537
2021-09-07,IWM,154.8968,155.9741,5283413
2021-09-07,QQQ,129.6832,126.4562,6279085
2021-09-07,SPY,66.9457,68.0993,7798878
2021-09-07,TLT,135.5046,136.6941,4144933
2021-09-07,VNQ,50.6731,49.8132,1190918
2021-09-08,GLD,160.3835,159.7819,3689147
2021-09-08,IWM,155.3875,155.2668,4245376
2021-09-08,QQQ,125.7448,124.9864,4605079
2021-09-08,SPY,68.0962,66.7046,4255990
2021-09-08,TLT,136.4671,137.7452,2584131
2021-09-08,VNQ,50.0542,50.4911,1960331
2021-09-09,GLD,159.443,160.7127,4727400
2021-09-09,IWM,155.1482,159.4696,1496508
2021-09-09,QQQ,124.7742,125.8105,5064193
2021-09-09,SPY,66.7494,66.0317,2228740
2021-09-09,TLT,137.7001,139.9447,1545553
2021-09-09,VNQ,50.1979,51.5096,2018121
2021-09-10,GLD,160.3958,158.4456,1545857
2021-09-10,IWM,159.3085,159.6451,1969562
2021-09-10,QQQ,125.892,124.543,2673436
2021-09-10,SPY,66.062,66.5189,8277471
2021-09-10,TLT,140.6659,141.3507,4901487
2021-09-10,VNQ,51.4908,52.3377,4965046
2021-09-13,GLD,158.3919,158.4476,8374463
2021-09-13,IWM,159.3425,153.5259,2115074
2021-09-13,QQQ,124.5632,124.0861,7561216
2021-09-13,SPY,66.4166,67.1,6405671
2021-09-13,TLT,141.7061,140.3564,7886702
2021-09-13,VNQ,52.2582,52.5583,8033908
2021-09-14,GLD,158.7077,157.0677,4256863
2021-09-14,IWM,153.4234,151.8158,4465515
2021-09-14,QQQ,124.1338,124.057,6286976
2021-09-14,SPY,67.1073,67.6475,3681180
2021-09-14,TLT,141.1857,138.5536,4649174
2021-09-14,VNQ,52.8052,51.7781,7081387
2021-09-15,GLD,156.8544,155.6604,6351140
2021-09-15,IWM,152.3036,151.1103,3240863
2021-09-15,QQQ,124.5247,126.0803,4981757
2021-09-15,SPY,68.0167,67.6124,1960651
2021-09-15,TLT,138.432,136.8748,4116493
2021-09-15,VNQ,51.6376,51.5149,2811256
2021-09-16,GLD,155.1301,152.9044,1305656
2021-09-16,IWM,151.6187,151.6888,2273325
2021-09-16,QQQ,126.6444,124.8049,7818731
2021-09-16,SPY,67.2085,67.9591,2734026
2021-09-16,TLT,136.7145,135.8102,5646749
2021-09-16,VNQ,51.2477,51.1666,4619748
2021-09-17,GLD,152.6416,156.0621,4911814
2021-09-17,IWM,152.6078,152.9096,6698934
2021-09-17,QQQ,125.1049,123.7517,2190490
2021-09-17,SPY,67.9711,68.4525,3174992
2021-09-17,TLT,135.7852,136.5633,3425858
2021-09-17,VNQ,51.2197,51.2972,8343055
2021-09-20,GLD,156.1908,155.8702,8218017
2021-09-20,IWM,152.4972,149.9068,1622130
2021-09-20,QQQ,123.6462,122.4435,1113179
2021-09-20,SPY,68.5323,68.412,3955751
2021-09-20,TLT,136.8629,134.8947,5720387
2021-09-20,VNQ,51.0882,51.9382,1956815
2021-09-21,GLD,156.2842,156.2504,970752
2021-09-21,IWM,149.8338,150.2027,2181149
2021-09-21,QQQ,122.6335,119.4105,7208322
2021-09-21,SPY,68.2196,69.1857,1438249
2021-09-21,TLT,134.7593,132.51,4576304
2021-09-21,VNQ,51.53,52.374,5238224
2021-09-22,GLD,156.0503,157.9241,4247454
2021-09-22,IWM,150.1735,148.1852,7866798
2021-09-22,QQQ,119.6127,119.7468,8251724
2021-09-22,SPY,68.9323,67.5482,3963675
2021-09-22,TLT,133.2025,132.3057,1331586
2021-09-22,VNQ,52.1744,51.8695,7686800
2021-09-23,GLD,157.7893,157.7714,1145073
2021-09-23,IWM,148.5653,148.1923,5407943
2021-09-23,QQQ,119.7258,116.0416,6879810
2021-09-23,SPY,67.9397,68.0249,5823929
2021-09-23,TLT,132.1572,133.2608,7005297
2021-09-23,VNQ,51.8414,52.5635,5470777
2021-09-24,GLD,157.6904,158.5679,6868223
2021-09-24,IWM,149.1511,147.4,7151709
2021-09-24,QQQ,115.7869,114.6078,2221388
2021-09-24,SPY,67.9573,67.2923,1493029
2021-09-24,TLT,133.7718,134.1852,5898376
2021-09-24,VNQ,52.3883,53.406,2048873
2021-09-27,GLD,158.5028,156.5732,6784049
2021-09-27,IWM,147.1789,149.9052,8326019
2021-09-27,QQQ,114.2661,116.8653,1240963
2021-09-27,SPY,67.6679,68.0036,6421263
2021-09-27,TLT,133.997,136.1824,2874753
2021-09-27,VNQ,53.6802,52.8463,7021185
2021-09-28,GLD,156.2092,156.8926,3702492
2021-09-28,IWM,149.7818,151.9308,6560435
2021-09-28,QQQ,117.1891,116.8618,3506512
2021-09-28,SPY,68.1012,67.8541,7706421
2021-09-28,TLT,136.0382,136.1403,3918705
2021-09-28,VNQ,52.6554,52.2883,1181269
2021-09-29,GLD,156.7142,156.3086,5203254
2021-09-29,IWM,151.2586,155.1528,6883604
2021-09-29,QQQ,116.9266,112.9008,5030921
2021-09-29,SPY,67.8679,67.2281,6572031
2021-09-29,TLT,136.3508,135.4674,2619287
2021-09-29,VNQ,52.1422,52.0509,5429683
2021-09-30,GLD,156.3724,157.0782,4787478
2021-09-30,IWM,155.1403,153.1943,6181254
2021-09-30,QQQ,112.6567,111.1755,8272833
2021-09-30,SPY,67.3138,67.5148,3806162
2021-09-30,TLT,135.5584,135.0987,2968257
2021-09-30,VNQ,51.9358,52.3397,7310140
2021-10-01,GLD,157.1005,157.3756,6031883
2021-10-01,IWM,152.7877,151.8354,2016060
2021-10-01,QQQ,111.0627,113.9891,5693502
2021-10-01,SPY,67.6296,66.8759,6785277
2021-10-01,TLT,135.0946,133.5058,998831
2021-10-01,VNQ,52.3769,51.7627,3265991
2021-10-04,GLD,157.3678,155.3566,3501484
2021-10-04,IWM,150.9549,151.7012,5220444
2021-10-04,QQQ,114.655,113.4721,1862298
2021-10-04,SPY,67.0875,66.2422,6459091
2021-10-04,TLT,133.4606,132.7064,6164267
2021-10-04,VNQ,51.8731,52.6019,4954516
2021-10-05,GLD,154.9732,152.6894,1876443
2021-10-05,IWM,151.9235,150.242,4802187
2021-10-05,QQQ,113.0993,116.6685,7136859
2021-10-05,SPY,66.3195,65.1562,3900330
2021-10-05,TLT,132.8748,134.2102,3514946
2021-10-05,VNQ,52.5134,52.7913,4771354
2021-10-06,GLD,152.4763,151.2593,5866227
2021-10-06,IWM,149.9309,148.6439,7625138
2021-10-06,QQQ,116.6506,115.656,8276595
2021-10-06,SPY,65.1814,65.1542,5499077
2021-10-06,TLT,134.1272,136.7112,8336454
2021-10-06,VNQ,52.7855,53.4059,7119535
2021-10-07,GLD,150.99,152.3441,8317668
2021-10-07,IWM,149.0711,149.5255,4260768
2021-10-07,QQQ,116.1397,111.4222,7541995
2021-10-07,SPY,65.1849,65.5186,2246683
2021-10-07,TLT,137.3529,138.2418,4584892
2021-10-07,VNQ,53.0986,53.1081,4373218
2021-10-08,GLD,152.7056,152.9848,4344776
2021-10-08,IWM,149.3488,154.1616,6934728
2021-10-08,QQQ,111.4634,111.8337,3252771
2021-10-08,SPY,65.7561,66.2574,6977070
2021-10-08,TLT,138.5604,138.5894,6013196
2021-10-08,VNQ,53.2425,52.6136,1514520
2021-10-11,GLD,153.4932,153.5963,4807060
2021-10-11,IWM,153.737,154.6702,5424728
2021-10-11,QQQ,111.1013,111.3972,2569660
2021-10-11,SPY,66.4025,66.1741,932729
2021-10-11,TLT,138.8224,138.2758,1175750
2021-10-11,VNQ,52.6488,52.9659,8381070
2021-10-12,GLD,153.7042,150.7203,4930444
2021-10-12,IWM,154.2431,158.0058,2429471
2021-10-12,QQQ,111.6364,111.8318,5074067
2021-10-12,SPY,65.9968,66.9382,6460243
2021-10-12,TLT,138.0529,138.5575,6837484
2021-10-12,VNQ,52.98,54.4224,6829537
2021-10-13,GLD,151.2712,146.9645,5263725
2021-10-13,IWM,157.6605,154.5348,5018432
2021-10-13,QQQ,111.4858,110.0233,6865713
2021-10-13,SPY,66.8244,66.9687,4245788
2021-10-13,TLT,139.4977,136.2445,2011776
2021-10-13,VNQ,54.5516,55.0552,3139606
2021-10-14,GLD,146.8482,146.1264,7450175
2021-10-14,IWM,154.1125,158.8976,3245194
2021-10-14,QQQ,110.1174,108.2079,2883410
2021-10-14,SPY,67.028,66.9194,978836
2021-10-14,TLT,136.4068,136.9201,1939958
2021-10-14,VNQ,55.0966,56.0963,5030743
2021-10-15,GLD,146.0124,145.6929,6081707
2021-10-15,IWM,157.7563,163.8248,7743084
2021-10-15,QQQ,108.1499,107.1984,6870873
2021-10-15,SPY,66.8079,67.3495,7993005
2021-10-15,TLT,136.7833,137.8504,4095443
2021-10-15,VNQ,55.9412,55.9075,3386103
2021-10-18,GLD,145.2348,144.8893,2588613
2021-10-18,IWM,163.6352,164.0251,6759727
2021-10-18,QQQ,107.9109,105.4396,7002894
2021-10-18,SPY,67.2816,68.1353,7953346
2021-10-18,TLT,137.6326,137.6647,1769308
2021-10-18,VNQ,55.7971,55.6182,1120645
2021-10-19,GLD,144.9536,145.4002,5708953
2021-10-19,IWM,164.3313,162.6096,4265537
2021-10-19,QQQ,105.5243,106.7698,3154103
2021-10-19,SPY,67.9611,67.9048,4310520
2021-10-19,TLT,136.9575,137.6655,1525525
2021-10-19,VNQ,55.6825,55.7261,3901653
2021-10-20,GLD,145.2308,145.1895,2896835
2021-10-20,IWM,164.1172,163.8512,4636209
2021-10-20,QQQ,106.4607,108.5469,4658534
2021-10-20,SPY,67.8572,67.7459,1844564
2021-10-20,TLT,137.519,135.5918,4057051
2021-10-20,VNQ,55.9022,56.2678,5673627
2021-10-21,GLD,145.2072,143.5953,6880060
2021-10-21,IWM,164.7237,159.7164,3668442
2021-10-21,QQQ,108.6152,108.1463,1403181
2021-10-21,SPY,67.8228,67.6476,5580272
2021-10-21,TLT,135.0277,136.5135,1162786
2021-10-21,VNQ,56.0355,56.411,1450983
2021-10-22,GLD,143.7462,142.4296,7587597
2021-10-22,IWM,160.3689,160.1983,5583778
2021-10-22,QQQ,108.1474,109.6569,6842439
2021-10-22,SPY,67.8281,67.726,5075322
2021-10-22,TLT,136.1038,137.4432,2043080
2021-10-22,VNQ,56.4158,55.6943,4401138
2021-10-25,GLD,142.3354,142.6454,2495692
2021-10-25,IWM,160.2727,155.9521,7617344
2021-10-25,QQQ,109.5767,108.4619,4137396
2021-10-25,SPY,67.7276,67.0944,7867226
2021-10-25,TLT,137.871,134.0961,6923854
2021-10-25,VNQ,55.4624,54.7241,2637453
2021-10-26,GLD,142.2566,142.7662,3912699
2021-10-26,IWM,155.3423,159.3865,4104296
2021-10-26,QQQ,109.1776,107.9065,1291602
2021-10-26,SPY,67.4681,67.8557,4333591
2021-10-26,TLT,134.0121,133.3816,3134923
2021-10-26,VNQ,54.9562,55.0031,8328811
2021-10-27,GLD,142.7383,142.6888,1371210
2021-10-27,IWM,159.664,159.0906,3596671
2021-10-27,QQQ,108.2152,105.1668,6440604
2021-10-27,SPY,67.8418,67.584,7455195
2021-10-27,TLT,133.1546,133.7642,5285197
2021-10-27,VNQ,55.1627,54.9845,2352197
2021-10-28,GLD,142.6518,145.8019,5504402
2021-10-28,IWM,158.6216,157.1676,1955040
2021-10-28,QQQ,105.2424,107.1415,5097585
2021-10-28,SPY,68.1643,67.9383,1463387
2021-10-28,TLT,134.2775,135.7278,1088455
2021-10-28,VNQ,54.7817,56.9681,7230562
2021-10-29,GLD,145.7987,145.4633,4112071
2021-10-29,IWM,156.5776,152.2474,5198438
2021-10-29,QQQ,106.4911,106.2335,6489487
2021-10-29,SPY,68.1208,67.3592,6522392
2021-10-29,TLT,135.5443,134.6691,3312315
2021-10-29,VNQ,57.2009,56.6441,7621181
2021-11-01,GLD,145.6811,145.6512,7493350
2021-11-01,IWM,152.5204,155.2936,1533189
2021-11-01,QQQ,105.9237,108.2395,2066962
2021-11-01,SPY,67.4488,67.6375,2636015
2021-11-01,TLT,135.2883,134.5973,7931153
2021-11-01,VNQ,56.4465,56.0627,7938994
2021-11-02,GLD,145.5656,144.3092,6827175
2021-11-02,IWM,155.2293,155.339,2242196
2021-11-02,QQQ,109.149,110.2767,1598018
2021-11-02,SPY,67.5472,67.9409,5401770
2021-11-02,TLT,134.5261,136.333,2682997
2021-11-02,VNQ,55.9784,56.6349,7074091
2021-11-03,GLD,144.2067,143.8425,7230493
2021-11-03,IWM,154.4298,153.9512,5010655
2021-11-03,QQQ,110.7555,111.1317,1516877
2021-11-03,SPY,67.429,67.6546,7967102
2021-11-03,TLT,136.4622,136.8819,8033520
2021-11-03,VNQ,56.7298,56.4804,7114281
2021-11-04,GLD,144.4164,144.5787,6634200
2021-11-04,IWM,153.3447,156.4843,2793798
2021-11-04,QQQ,111.5154,111.5114,7952133
2021-11-04,SPY,67.6266,69.1545,2661817
2021-11-04,TLT,136.782,136.5941,5959103
2021-11-04,VNQ,56.7593,56.5691,3363441
2021-11-05,GLD,144.9315,145.3774,3632252
2021-11-05,IWM,155.4825,153.3079,6150102
2021-11-05,QQQ,111.768,109.7784,3998793
2021-11-05,SPY,69.1875,69.4497,8379782
2021-11-05,TLT,136.4391,136.0368,3061156
2021-11-05,VNQ,56.3532,57.3302,4062716
2021-11-08,GLD,145.3353,145.183,3856494
2021-11-08,IWM,153.4118,155.6189,2852466
2021-11-08,QQQ,109.1925,111.2251,1916389
2021-11-08,SPY,69.8081,70.8043,6590070
2021-11-08,TLT,136.1134,136.0556,4110134
2021-11-08,VNQ,57.5318,56.6637,2597408
2021-11-09,GLD,144.8548,145.7474,3684575
2021-11-09,IWM,154.9456,158.4975,3886950
2021-11-09,QQQ,111.2899,112.2798,8232330
2021-11-09,SPY,70.5433,71.5561,2073099
2021-11-09,TLT,136.4829,135.0827,3196588
2021-11-09,VNQ,56.6605,56.3732,5118264
2021-11-10,GLD,145.5849,145.8447,6575769
2021-11-10,IWM,158.0044,157.7833,4821819
2021-11-10,QQQ,112.7329,114.1964,1221831
2021-11-10,SPY,71.9221,71.0711,4073967
2021-11-10,TLT,135.1275,136.2854,3753621
2021-11-10,VNQ,56.286,55.945,1609173
2021-11-11,GLD,145.965,143.2957,7776159
2021-11-11,IWM,156.3533,160.4735,7782467
2021-11-11,QQQ,114.4126,114.8312,6687717
2021-11-11,SPY,71.0233,70.8015,1796696
2021-11-11,TLT,136.0028,135.2315,8144697
2021-11-11,VNQ,55.8653,55.4845,7886334
2021-11-12,GLD,143.5695,138.9488,6793135
2021-11-12,IWM,160.9533,164.4006,7868685
2021-11-12,QQQ,114.6414,112.7563,6664263
2021-11-12,SPY,70.9389,71.1539,6267709
2021-11-12,TLT,134.7297,135.9046,6648221
2021-11-12,VNQ,55.4686,55.0331,7101984
2021-11-15,GLD,139.7255,142.0362,3235452
2021-11-15,IWM,163.355,162.5925,1187682
2021-11-15,QQQ,113.0015,110.8734,2012215
2021-11-15,SPY,70.6717,71.2217,4991755
2021-11-15,TLT,136.2846,137.0328,1131652
2021-11-15,VNQ,54.9723,54.8404,1052918
2021-11-16,GLD,141.9466,143.1757,6943094
2021-11-16,IWM,162.259,160.9229,7755262
2021-11-16,QQQ,111.2757,112.4987,1707973
2021-11-16,SPY,71.2482,71.2807,2597797
2021-11-16,TLT,136.8341,138.5163,3796735
2021-11-16,VNQ,54.7596,55.7894,7399213
2021-11-17,GLD,143.2195,143.1191,5986924
2021-11-17,IWM,161.3514,162.8433,5680191
2021-11-17,QQQ,112.0426,115.3752,1388940
2021-11-17,SPY,71.2151,71.0838,5900581
2021-11-17,TLT,138.2078,138.6908,6020762
2021-11-17,VNQ,55.8035,55.6759,1799892
2021-11-18,GLD,142.9932,140.808,8204669
2021-11-18,IWM,163.3799,164.6485,8047345
2021-11-18,QQQ,114.8898,114.9763,7938354
2021-11-18,SPY,71.2138,69.7414,8049273
2021-11-18,TLT,138.8529,138.7579,4017703
2021-11-18,VNQ,55.5816,54.9872,3796914
2021-11-19,GLD,140.8285,139.1412,6437011
2021-11-19,IWM,165.3976,162.8079,6559955
2021-11-19,QQQ,114.6516,114.9025,1839268
2021-11-19,SPY,69.7585,69.5944,1153093
2021-11-19,TLT,138.9259,139.2306,7499948
2021-11-19,VNQ,55.2191,54.8937,5274354
2021-11-22,GLD,139.0112,140.956,4412244
2021-11-22,IWM,163.4922,155.5925,4742922
2021-11-22,QQQ,114.155,115.513,1680623
2021-11-22,SPY,69.3819,67.9814,2146769
2021-11-22,TLT,139.4344,139.415,1760375
2021-11-22,VNQ,55.1497,54.4307,2453982
2021-11-23,GLD,140.599,137.3112,4035363
2021-11-23,IWM,155.5438,152.1525,3434042
2021-11-23,QQQ,114.9556,115.9281,4077811
2021-11-23,SPY,68.154,68.2736,8405485
2021-11-23,TLT,139.2465,140.8629,5870294
2021-11-23,VNQ,54.5212,54.4917,5445230
2021-11-24,GLD,137.6355,136.9115,6448577
2021-11-24,IWM,151.3207,154.905,5557190
2021-11-24,QQQ,115.4073,116.5018,4971556
2021-11-24,SPY,68.4007,67.7657,6909785
2021-11-24,TLT,140.2935,140.8294,2817065
2021-11-24,VNQ,54.5199,54.454,5935743
2021-11-25,GLD,136.9486,138.0607,5732257
2021-11-25,IWM,155.3666,153.8018,5043864
2021-11-25,QQQ,115.8328,116.0923,3524354
2021-11-25,SPY,67.8741,67.2694,4657041
2021-11-25,TLT,141.0222,143.3537,6515658
2021-11-25,VNQ,54.6492,53.9281,2214094
2021-11-26,GLD,138.4727,138.2689,7857568
2021-11-26,IWM,155.1028,151.7293,4146554
2021-11-26,QQQ,115.7842,116.4727,5879009
2021-11-26,SPY,67.4513,67.1325,7666687
2021-11-26,TLT,143.3608,147.0563,1254306
2021-11-26,VNQ,53.7919,53.7264,2182490
2021-11-29,GLD,138.1031,139.2802,5486612
2021-11-29,IWM,150.923,152.5668,5151503
2021-11-29,QQQ,115.7931,115.5087,4147782
2021-11-29,SPY,67.3307,67.3499,7261633
2021-11-29,TLT,147.0589,146.3284,2435146
2021-11-29,VNQ,53.8,54.1195,1178332
2021-11-30,GLD,139.3631,139.1293,3110655
2021-11-30,IWM,152.2372,148.7287,6009688
2021-11-30,QQQ,114.9892,115.3469,3322820
2021-11-30,SPY,67.346,66.3459,2055448
2021-11-30,TLT,146.0566,146.9665,7626914
2021-11-30,VNQ,54.1744,55.0249,7015983
2021-12-01,GLD,139.3411,142.3343,1233079
2021-12-01,IWM,149.0405,153.6275,2796274
2021-12-01,QQQ,115.6225,116.5538,5307778
2021-12-01,SPY,66.1052,65.1358,7078684
2021-12-01,TLT,147.1588,145.5813,1163014
2021-12-01,VNQ,55.2984,54.9685,3407800
2021-12-02,GLD,141.7093,140.981,8383451
2021-12-02,IWM,153.6666,149.3762,5569953
2021-12-02,QQQ,116.4894,116.6723,6201130
2021-12-02,SPY,64.8947,64.4169,7474323
2021-12-02,TLT,145.6184,146.6638,4342859
2021-12-02,VNQ,54.7313,55.9201,998723
2021-12-03,GLD,140.5454,139.2005,6250886
2021-12-03,IWM,150.1895,148.9628,7501800
2021-12-03,QQQ,116.5928,115.5864,2433064
2021-12-03,SPY,64.6501,63.044,6441459
2021-12-03,TLT,146.7732,147.3148,1839152
2021-12-03,VNQ,55.9915,56.6671,7899418
2021-12-06,GLD,139.444,139.585,3468727
2021-12-06,IWM,148.8108,149.7983,3958391
2021-12-06,QQQ,115.4113,116.1159,7083332
2021-12-06,SPY,63.164,62.4147,5797176
2021-12-06,TLT,147.7313,147.143,1433940
2021-12-06,VNQ,56.8745,55.7438,1160698
2021-12-07,GLD,139.6172,141.5068,3039614
2021-12-07,IWM,149.4483,151.1553,7544465
2021-12-07,QQQ,115.988,114.2092,4417903
2021-12-07,SPY,62.4318,63.5078,2082946
2021-12-07,TLT,147.0834,145.8947,5251115
2021-12-07,VNQ,55.7253,55.3949,2086344
2021-12-08,GLD,140.901,141.4558,5954316
2021-12-08,IWM,151.1805,148.7487,3223447
2021-12-08,QQQ,114.2223,113.093,5372961
2021-12-08,SPY,63.4339,62.8137,5487011
2021-12-08,TLT,145.8007,146.0332,4089274
2021-12-08,VNQ,55.4558,53.2028,6875835
2021-12-09,GLD,141.2123,142.8891,8320753
2021-12-09,IWM,148.0088,148.0214,5487347
2021-12-09,QQQ,113.6707,111.3228,2674961
2021-12-09,SPY,62.8191,63.2742,5920309
2021-12-09,TLT,145.9432,148.7593,2531771
2021-12-09,VNQ,53.2009,52.4874,4729022
2021-12-10,GLD,142.5394,142.1986,1949355
2021-12-10,IWM,147.5077,150.2722,2191556
2021-12-10,QQQ,111.0605,111.8073,3469920
2021-12-10,SPY,63.2784,62.3722,2830598
2021-12-10,TLT,148.2441,150.9949,4153566
2021-12-10,VNQ,52.2309,52.3191,7247503
2021-12-13,GLD,142.0393,140.6392,4279611
2021-12-13,IWM,150.8738,150.575,8397599
2021-12-13,QQQ,111.5185,112.905,5737631
2021-12-13,SPY,62.316,62.5931,4701074
2021-12-13,TLT,150.8751,151.6143,2720087
2021-12-13,VNQ,52.1469,51.7388,6351400
2021-12-14,GLD,141.1489,142.5369,2346035
2021-12-14,IWM,150.2391,152.0834,6278128
2021-12-14,QQQ,112.7502,112.2837,6231520
2021-12-14,SPY,62.476,62.3999,3395663
2021-12-14,TLT,151.9473,150.8903,4600439
2021-12-14,VNQ,51.776,51.7577,2905816
2021-12-15,GLD,142.3479,144.691,6190730
2021-12-15,IWM,153.2036,152.4481,6541733
2021-12-15,QQQ,112.5777,110.7784,1534460
2021-12-15,SPY,62.7625,62.3809,5266870
2021-12-15,TLT,151.1519,150.9555,5907023
2021-12-15,VNQ,52.019,51.505,3192951
2021-12-16,GLD,145.3797,146.8286,1594149
2021-12-16,IWM,152.9256,152.9061,4609210
2021-12-16,QQQ,110.7161,111.5718,5016310
2021-12-16,SPY,62.4191,62.7832,2686749
2021-12-16,TLT,150.7674,149.9839,1836154
2021-12-16,VNQ,51.229,51.7077,7852125
2021-12-17,GLD,146.7451,146.2482,3153763
2021-12-17,IWM,152.1262,151.0298,2311941
2021-12-17,QQQ,112.1067,111.9971,7724454
2021-12-17,SPY,62.6815,63.9969,1369232
2021-12-17,TLT,149.5776,148.2898,8069876
2021-12-17,VNQ,51.6408,51.3715,7840350
2021-12-20,GLD,146.0011,144.6869,5749944
2021-12-20,IWM,151.5959,148.4838,2446515
2021-12-20,QQQ,112.2575,109.3665,4580980
2021-12-20,SPY,63.7742,64.1524,4254562
2021-12-20,TLT,148.4311,147.1323,1998012
2021-12-20,VNQ,51.5843,51.6306,913166
2021-12-21,GLD,145.2206,143.1234,2597038
2021-12-21,IWM,148.5964,147.9156,8492917
2021-12-21,QQQ,109.3583,110.9801,5717021
2021-12-21,SPY,64.0278,64.2599,6181397
2021-12-21,TLT,147.1386,148.0121,4360933
2021-12-21,VNQ,51.648,51.6972,1599137
2021-12-22,GLD,143.4443,142.8465,1099081
2021-12-22,IWM,147.5163,145.5504,1244747
2021-12-22,QQQ,111.3458,112.5381,3561232
2021-12-22,SPY,64.3838,63.6155,5823890
2021-12-22,TLT,148.0559,148.4959,7861114
2021-12-22,VNQ,51.715,51.8443,6711918
2021-12-23,GLD,143.3116,143.6618,7986286
2021-12-23,IWM,146.9763,148.6286,6446113
2021-12-23,QQQ,112.9978,112.0911,3519510
2021-12-23,SPY,63.7448,64.0363,4941653
2021-12-23,TLT,148.9729,148.8103,2472065
2021-12-23,VNQ,51.8442,52.4436,6792630
2021-12-24,GLD,144.3205,144.3821,4572162
2021-12-24,IWM,149.1036,150.2125,8084742
2021-12-24,QQQ,111.6467,111.959,1527116
2021-12-24,SPY,63.9989,63.8901,6438267
2021-12-24,TLT,148.73,147.4397,3935884
2021-12-24,VNQ,52.305,51.9424,7792102
2021-12-27,GLD,144.7469,142.4657,5859349
2021-12-27,IWM,149.5174,152.9585,3455571
2021-12-27,QQQ,112.4307,111.7678,3779588
2021-12-27,SPY,63.8989,64.4845,2144520
2021-12-27,TLT,147.7936,145.6827,7223782
2021-12-27,VNQ,51.6457,53.1271,1375754
2021-12-28,GLD,142.8792,142.7563,6553304
2021-12-28,IWM,153.1094,149.7103,6889635
2021-12-28,QQQ,111.9723,110.9398,2513962
2021-12-28,SPY,64.4318,64.477,6263578
2021-12-28,TLT,145.7719,147.0665,4078637
2021-12-28,VNQ,53.2185,53.1534,1960853
2021-12-29,GLD,142.1916,142.8082,4091962
2021-12-29,IWM,149.7669,146.9245,2785443
2021-12-29,QQQ,110.3815,111.6418,6546109
2021-12-29,SPY,64.2861,65.7136,3052803
2021-12-29,TLT,147.3328,146.6692,8082305
2021-12-29,VNQ,53.3214,53.4136,7210593
2021-12-30,GLD,142.5411,142.9581,2962306
2021-12-30,IWM,147.4715,148.3452,1476592
2021-12-30,QQQ,111.2617,110.3927,1530384
2021-12-30,SPY,65.943,64.3558,3535810
2021-12-30,TLT,146.4327,148.2912,3515725
2021-12-30,VNQ,53.7626,53.3313,7932485
2021-12-31,GLD,143.1139,142.9546,6317478
2021-12-31,IWM,148.0585,148.7176,3085975
2021-12-31,QQQ,109.9152,109.8471,5373444
2021-12-31,SPY,64.4201,64.1747,1031005
2021-12-31,TLT,148.2588,147.3856,3429024
2021-12-31,VNQ,53.506,53.1037,7539969
2022-01-03,GLD,143.0317,142.7793,2367126
2022-01-03,IWM,147.9881,148.9722,4296499
2022-01-03,QQQ,110.184,109.8308,7421531
2022-01-03,SPY,64.6016,64.7031,3454673
2022-01-03,TLT,147.4758,148.8805,8374759
2022-01-03,VNQ,52.6494,52.1835,1520017
2022-01-04,GLD,143.0291,143.6801,6415733
2022-01-04,IWM,149.2553,150.8411,6515175
2022-01-04,QQQ,110.1951,106.8108,1015509
2022-01-04,SPY,64.5722,64.3808,4382962
2022-01-04,TLT,148.8211,149.4129,4952764
2022-01-04,VNQ,52.1997,51.8461,7731103
2022-01-05,GLD,143.5305,143.951,8216725
2022-01-05,IWM,151.5175,148.4117,1271192
2022-01-05,QQQ,107.4714,105.7267,6758017
2022-01-05,SPY,64.3571,63.7581,6702412
2022-01-05,TLT,149.4261,149.0531,4231260
2022-01-05,VNQ,51.7137,50.8923,4018960
2022-01-06,GLD,144.3359,144.3571,6151954
2022-01-06,IWM,147.6957,145.4643,4853137
2022-01-06,QQQ,105.6526,103.4856,5537437
2022-01-06,SPY,63.9089,63.4983,2203536
2022-01-06,TLT,148.9508,148.6997,6693049
2022-01-06,VNQ,50.9324,50.045,4740963
2022-01-07,GLD,145.0505,143.5167,2443141
2022-01-07,IWM,145.605,143.4304,2913095
2022-01-07,QQQ,104.6764,102.5004,3076132
2022-01-07,SPY,63.4567,62.4898,8301374
2022-01-07,TLT,149.2814,151.4663,5798572
2022-01-07,VNQ,50.1531,50.9559,4509838
2022-01-10,GLD,143.7252,144.154,5361406
2022-01-10,IWM,143.708,147.5942,6025653
2022-01-10,QQQ,102.7855,101.4356,2655149
2022-01-10,SPY,62.2581,62.4925,2288210
2022-01-10,TLT,150.7101,152.9392,1944144
2022-01-10,VNQ,50.7476,50.9099,4703210
2022-01-11,GLD,144.449,144.0888,5350476
2022-01-11,IWM,148.0136,147.2237,8039318
2022-01-11,QQQ,101.3633,100.8484,3230099
2022-01-11,SPY,62.334,64.0685,2584308
2022-01-11,TLT,153.201,152.8031,7189521
2022-01-11,VNQ,51.0227,50.681,4490935
2022-01-12,GLD,144.2732,141.3356,2166320
2022-01-12,IWM,146.4953,145.3049,5551648
2022-01-12,QQQ,100.763,100.7613,2843669
2022-01-12,SPY,64.0858,64.7794,8431911
2022-01-12,TLT,152.8277,153.252,3876053
2022-01-12,VNQ,50.7084,49.9953,2785778
2022-01-13,GLD,141.6565,142.0819,4423522
2022-01-13,IWM,144.7453,148.1217,3556364
2022-01-13,QQQ,100.7227,98.9082,1894478
2022-01-13,SPY,64.839,63.9363,4037308
2022-01-13,TLT,152.8595,151.3766,6140691
2022-01-13,VNQ,50.1311,49.9223,2042950
2022-01-14,GLD,142.1677,141.8265,8039831
2022-01-14,IWM,148.387,149.781,8348217
2022-01-14,QQQ,98.563,99.0269,3456200
2022-01-14,SPY,63.9201,63.2637,3979667
2022-01-14,TLT,151.1577,153.9247,5324482
2022-01-14,VNQ,50.0085,49.8652,7473980
2022-01-17,GLD,141.6747,143.1734,7788715
2022-01-17,IWM,149.7341,151.4118,8071651
2022-01-17,QQQ,99.3222,96.1793,2759143
2022-01-17,SPY,63.4338,62.9132,2998748
2022-01-17,TLT,153.4086,156.068,2016474
2022-01-17,VNQ,49.9651,50.1872,1305950
2022-01-18,GLD,143.255,143.0547,4632018
2022-01-18,IWM,151.7933,152.5081,6284131
2022-01-18,QQQ,96.0154,97.2177,1663353
2022-01-18,SPY,63.0806,63.516,5125314
2022-01-18,TLT,156.2666,155.7328,6253827
2022-01-18,VNQ,50.0054,50.0299,3642664
2022-01-19,GLD,143.1067,143.0259,5694765
2022-01-19,IWM,152.4855,151.7543,4465702
2022-01-19,QQQ,97.2905,96.7689,6216652
2022-01-19,SPY,63.5709,62.8831,8307170
2022-01-19,TLT,155.9783,156.5932,5571802
2022-01-19,VNQ,50.0193,50.0673,918622
2022-01-20,GLD,142.5325,143.4134,989502
2022-01-20,IWM,152.2899,155.4119,4142892
2022-01-20,QQQ,97.2762,97.5902,2292503
2022-01-20,SPY,62.8876,62.3442,7974580
2022-01-20,TLT,156.7309,153.0247,4085795
2022-01-20,VNQ,50.1957,50.7627,7104709
2022-01-21,GLD,143.508,143.4988,4565910
2022-01-21,IWM,154.7618,157.0222,3440314
2022-01-21,QQQ,97.8157,94.4784,4743210
2022-01-21,SPY,62.302,62.8613,1024964
2022-01-21,TLT,153.5745,154.5751,2698345
2022-01-21,VNQ,50.7065,51.0262,6346195
2022-01-24,GLD,143.524,142.9955,3581209
2022-01-24,IWM,156.3788,154.0632,7457109
2022-01-24,QQQ,94.6789,96.1236,8214275
2022-01-24,SPY,62.9541,63.3692,4791680
2022-01-24,TLT,153.9952,155.4467,8472804
2022-01-24,VNQ,51.2245,51.6365,5182195
2022-01-25,GLD,143.0812,140.6929,2830123
2022-01-25,IWM,153.2792,151.2825,5086391
2022-01-25,QQQ,95.9472,95.3577,3247527
2022-01-25,SPY,63.5254,63.0397,7682079
2022-01-25,TLT,154.9995,156.0323,8402746
2022-01-25,VNQ,51.4277,50.5276,6416892
2022-01-26,GLD,140.5288,143.2662,8126760
2022-01-26,IWM,151.142,149.5987,5049535
2022-01-26,QQQ,95.8533,95.4971,4114733
2022-01-26,SPY,63.0499,62.2144,1094712
2022-01-26,TLT,155.8718,157.404,6958078
2022-01-26,VNQ,50.526,50.28,2718259
2022-01-27,GLD,143.4438,141.2457,7265803
2022-01-27,IWM,150.2076,151.1965,4068902
2022-01-27,QQQ,95.37,95.3129,1017594
2022-01-27,SPY,62.2894,61.1166,6732743
2022-01-27,TLT,157.645,158.0447,5745625
2022-01-27,VNQ,50.3837,50.9633,4355371
2022-01-28,GLD,141.4678,140.8915,917066
2022-01-28,IWM,151.4409,149.5856,7239071
2022-01-28,QQQ,95.328,94.8741,7886941
2022-01-28,SPY,61.0636,60.5878,4085644
2022-01-28,TLT,158.1996,156.9019,8174156
2022-01-28,VNQ,51.176,51.0005,7625397
2022-01-31,GLD,140.6747,141.8656,3283123
2022-01-31,IWM,149.9113,148.7443,3501816
2022-01-31,QQQ,95.5819,93.8725,4544941
2022-01-31,SPY,60.3592,59.0866,3422110
2022-01-31,TLT,156.5267,156.1457,6099816
2022-01-31,VNQ,50.9457,51.8567,5196763
2022-02-01,GLD,141.9884,142.4785,2779757
2022-02-01,IWM,148.3408,147.493,8174715
2022-02-01,QQQ,93.1977,90.7509,2647584
2022-02-01,SPY,58.9284,59.4914,2430764
2022-02-01,TLT,156.1453,156.0967,7736220
2022-02-01,VNQ,52.3589,51.6104,3744443
2022-02-02,GLD,142.7541,143.3477,7063979
2022-02-02,IWM,148.1204,147.3895,2106955
2022-02-02,QQQ,91.022,92.1521,3830440
2022-02-02,SPY,59.6135,59.0205,6071454
2022-02-02,TLT,156.3521,157.5496,3253950
2022-02-02,VNQ,51.6834,52.3031,3051000
2022-02-03,GLD,143.6124,144.4979,2305582
2022-02-03,IWM,147.9687,149.7857,2177763
2022-02-03,QQQ,92.1221,94.4649,6546738
2022-02-03,SPY,59.0912,59.2545,1385472
2022-02-03,TLT,157.0279,157.7791,7009048
2022-02-03,VNQ,52.1611,51.0435,2796126
2022-02-04,GLD,144.2024,146.3393,6209133
2022-02-04,IWM,149.9421,148.5941,5921158
2022-02-04,QQQ,93.9083,93.2893,7741985
2022-02-04,SPY,59.5073,60.3798,3709339
2022-02-04,TLT,157.961,157.0341,6784657
2022-02-04,VNQ,50.8147,50.503,6667148
2022-02-07,GLD,146.0045,146.8577,1133964
2022-02-07,IWM,149.1616,148.3783,2565901
2022-02-07,QQQ,93.2459,94.8948,6555341
2022-02-07,SPY,60.3888,61.07,2500507
2022-02-07,TLT,157.341,157.7239,1712534
2022-02-07,VNQ,50.3426,50.5528,7044343
2022-02-08,GLD,146.88,151.0571,5106444
2022-02-08,IWM,147.5966,151.8658,8278607
2022-02-08,QQQ,95.1927,95.9532,7418590
2022-02-08,SPY,61.2116,60.2499,5739970
2022-02-08,TLT,158.0862,156.1949,2425465
2022-02-08,VNQ,50.4898,49.7541,6639603
2022-02-09,GLD,150.7013,149.7269,1249838
2022-02-09,IWM,150.6728,148.2898,2134949
2022-02-09,QQQ,95.8336,96.1737,1583286
2022-02-09,SPY,60.4637,60.741,3053165
2022-02-09,TLT,156.5459,159.2873,5223188
2022-02-09,VNQ,49.7923,48.4396,7613456
2022-02-10,GLD,150.616,150.1589,8471384
2022-02-10,IWM,147.4738,148.7499,8059151
2022-02-10,QQQ,96.559,95.6942,5159069
2022-02-10,SPY,60.903,61.4258,4132675
2022-02-10,TLT,159.1605,159.9025,1987748
2022-02-10,VNQ,48.3875,48.8778,8145404
2022-02-11,GLD,149.8855,149.7576,1537250
2022-02-11,IWM,147.7405,148.9485,8287523
2022-02-11,QQQ,95.5629,96.2814,3519543
2022-02-11,SPY,61.3258,60.8645,4073318
2022-02-11,TLT,159.1365,158.6962,1344260
2022-02-11,VNQ,49.1676,49.9097,4863160
2022-02-14,GLD,149.4888,149.0978,5800063
2022-02-14,IWM,148.6091,148.5767,1436430
2022-02-14,QQQ,96.4986,95.0763,3682329
2022-02-14,SPY,60.8344,60.1749,7854171
2022-02-14,TLT,158.191,159.1148,5774339
2022-02-14,VNQ,50.1593,50.0346,3533193
2022-02-15,GLD,149.331,149.6134,7699397
2022-02-15,IWM,149.3472,150.56,3709545
2022-02-15,QQQ,94.8407,94.3356,4150364
2022-02-15,SPY,60.1959,60.0332,4147427
2022-02-15,TLT,158.7751,160.8285,5732565
2022-02-15,VNQ,50.2109,49.1421,6414073
2022-02-16,GLD,149.456,151.8014,5446960
2022-02-16,IWM,149.945,155.1827,7794107
2022-02-16,QQQ,93.4749,93.3215,1187893
2022-02-16,SPY,59.8749,58.9427,4377849
2022-02-16,TLT,160.717,161.7897,1037833
2022-02-16,VNQ,49.46,49.0491,4377657
2022-02-17,GLD,150.9778,150.8978,6579468
2022-02-17,IWM,155.4334,154.992,5260410
2022-02-17,QQQ,93.2316,92.0268,6232930
2022-02-17,SPY,59.0176,59.8078,7541006
2022-02-17,TLT,162.0294,164.9308,5392988
2022-02-17,VNQ,48.9716,48.1614,3868071
2022-02-18,GLD,150.8502,149.9988,6268535
2022-02-18,IWM,153.9438,154.6889,5658432
2022-02-18,QQQ,91.1907,91.0204,5678234
2022-02-18,SPY,59.9719,58.2182,7073561
2022-02-18,TLT,164.918,163.056,2190113
2022-02-18,VNQ,48.0932,46.846,3729381
2022-02-21,GLD,149.6558,151.1416,2277347
2022-02-21,IWM,153.2404,155.926,2242508
2022-02-21,QQQ,91.0789,91.6102,2451410
2022-02-21,SPY,58.1433,57.4645,5858974
2022-02-21,TLT,163.1399,165.5665,1470085
2022-02-21,VNQ,46.8803,47.1051,4855011
2022-02-22,GLD,150.9577,152.0339,2171377
2022-02-22,IWM,156.2138,153.0988,2312641
2022-02-22,QQQ,91.8696,92.3041,1802138
2022-02-22,SPY,57.7688,57.2315,5279599
2022-02-22,TLT,166.052,165.719,3960189
2022-02-22,VNQ,47.1217,47.3525,3903802
2022-02-23,GLD,151.4609,154.9883,6634109
2022-02-23,IWM,152.9755,152.1167,4597362
2022-02-23,QQQ,93.0193,90.9481,1746528
2022-02-23,SPY,57.187,57.0256,8206984
2022-02-23,TLT,165.1198,167.2162,2853226
2022-02-23,VNQ,47.388,47.3334,1120040
2022-02-24,GLD,154.6589,156.6182,4237621
2022-02-24,IWM,151.4785,152.6047,3843893
2022-02-24,QQQ,91.1193,90.6177,3853762
2022-02-24,SPY,56.9946,57.0602,3730581
2022-02-24,TLT,167.2858,169.98,1003753
2022-02-24,VNQ,47.6223,46.4855,6364169
2022-02-25,GLD,156.5538,157.0762,989941
2022-02-25,IWM,153.3708,152.8928,8347203
2022-02-25,QQQ,90.3748,90.1241,5794015
2022-02-25,SPY,57.0238,57.1593,6572988
2022-02-25,TLT,170.2048,168.3803,4122018
2022-02-25,VNQ,46.7347,44.9402,1831922
2022-02-28,GLD,157.0417,156.7059,901855
2022-02-28,IWM,152.3666,151.0859,3476693
2022-02-28,QQQ,90.6772,87.5631,3584875
2022-02-28,SPY,57.051,56.9621,8247194
2022-02-28,TLT,168.8422,166.4775,3386731
2022-02-28,VNQ,44.9755,45.1886,8075033
2022-03-01,GLD,156.2911,157.1434,7441333
2022-03-01,IWM,151.107,153.3078,6902984
2022-03-01,QQQ,87.5011,88.8407,8038071
2022-03-01,SPY,57.0258,57.5925,6042014
2022-03-01,TLT,167.2716,166.1009,4366523
2022-03-01,VNQ,45.0732,45.0614,6700765
2022-03-02,GLD,156.8711,157.002,1935046
2022-03-02,IWM,153.3135,150.6159,7658198
2022-03-02,QQQ,89.2942,87.1657,1717985
2022-03-02,SPY,57.5956,56.2225,2384928
2022-03-02,TLT,166.4656,163.8648,1100184
2022-03-02,VNQ,44.8446,45.5607,2503730
2022-03-03,GLD,156.6789,155.1072,6370128
2022-03-03,IWM,150.9623,148.9135,5771298
2022-03-03,QQQ,87.1315,88.464,4130482
2022-03-03,SPY,56.4731,56.1569,7904305
2022-03-03,TLT,163.4647,161.1528,6102551
2022-03-03,VNQ,45.7103,44.5581,2321285
2022-03-04,GLD,155.1454,155.2369,1164632
2022-03-04,IWM,148.8767,146.5728,3142444
2022-03-04,QQQ,87.9533,85.1989,1938105
2022-03-04,SPY,56.2483,55.6641,7802095
2022-03-04,TLT,161.3465,161.464,5729702
2022-03-04,VNQ,44.9067,43.1504,1876893
2022-03-07,GLD,155.1692,155.098,3169524
2022-03-07,IWM,146.9117,147.2078,2000199
2022-03-07,QQQ,84.9404,84.0062,7415845
2022-03-07,SPY,55.7442,55.6784,5875547
2022-03-07,TLT,161.1449,163.3349,8150652
2022-03-07,VNQ,43.246,43.5686,2255909
2022-03-08,GLD,154.6319,154.8754,5260211
2022-03-08,IWM,147.4766,148.7549,1606077
2022-03-08,QQQ,83.7476,84.7905,2628088
2022-03-08,SPY,55.6454,55.7455,8357854
2022-03-08,TLT,163.4728,162.84,8131536
2022-03-08,VNQ,43.536,44.3316,6903190
2022-03-09,GLD,155.0921,154.3661,8449904
2022-03-09,IWM,148.8982,148.3473,7478300
2022-03-09,QQQ,84.8927,85.1674,1553508
2022-03-09,SPY,55.5348,55.1399,2836247
2022-03-09,TLT,162.6023,163.7657,5235956
2022-03-09,VNQ,44.2707,44.8296,6498732
2022-03-10,GLD,154.0984,156.971,3375880
2022-03-10,IWM,148.4813,150.6624,5765728
2022-03-10,QQQ,85.3456,85.6355,2290469
2022-03-10,SPY,55.1267,54.6994,7353025
2022-03-10,TLT,163.5617,169.4022,5909648
2022-03-10,VNQ,44.7284,45.0934,6165584
2022-03-11,GLD,157.0959,158.1282,6702554
2022-03-11,IWM,151.4644,149.5819,6460158
2022-03-11,QQQ,85.3941,85.3992,6554037
2022-03-11,SPY,54.575,55.1019,2770205
2022-03-11,TLT,169.4909,170.1158,8299876
2022-03-11,VNQ,45.1831,45.0845,3033541
2022-03-14,GLD,157.7722,159.6566,2215641
2022-03-14,IWM,150.4351,149.6007,1162651
2022-03-14,QQQ,85.2413,87.9172,7921957
2022-03-14,SPY,55.2425,55.2444,5539063
2022-03-14,TLT,169.8684,169.8652,8293250
2022-03-14,VNQ,45.0529,45.3512,2886170
2022-03-15,GLD,159.7481,158.8645,2502456
2022-03-15,IWM,148.5267,149.8916,2103206
2022-03-15,QQQ,87.434,87.8275,5655095
2022-03-15,SPY,55.2399,54.7803,3111753
2022-03-15,TLT,169.8814,169.8324,1331857
2022-03-15,VNQ,45.5462,44.9027,4453392
2022-03-16,GLD,158.8004,157.458,3936903
2022-03-16,IWM,149.4464,149.6367,1810587
2022-03-16,QQQ,87.8294,88.1038,5687875
2022-03-16,SPY,55.0251,55.9257,5630525
2022-03-16,TLT,169.7972,170.6966,2641325
2022-03-16,VNQ,44.5961,46.0367,5224003
2022-03-17,GLD,157.458,157.1588,6018498
2022-03-17,IWM,149.6248,149.8398,4250755
2022-03-17,QQQ,87.993,86.9729,2525740
2022-03-17,SPY,56.0359,57.26,6936920
2022-03-17,TLT,170.8841,170.4814,1713760
2022-03-17,VNQ,45.9843,46.872,3132838
2022-03-18,GLD,157.3229,157.6434,8120408
2022-03-18,IWM,149.5811,147.4729,3293047
2022-03-18,QQQ,86.3568,85.7646,4386239
2022-03-18,SPY,57.3883,56.3055,7956079
2022-03-18,TLT,170.2451,171.7493,4465188
2022-03-18,VNQ,46.9676,45.7235,2594674
2022-03-21,GLD,157.7838,157.2515,6736172
2022-03-21,IWM,147.1779,142.9138,3348613
2022-03-21,QQQ,85.948,87.4049,8136021
2022-03-21,SPY,56.3403,56.423,1263362
2022-03-21,TLT,171.2969,172.304,2356387
2022-03-21,VNQ,45.6711,46.3342,1008789
2022-03-22,GLD,157.2911,157.0938,1325814
2022-03-22,IWM,143.5339,141.6157,3511786
2022-03-22,QQQ,87.699,89.0868,2024709
2022-03-22,SPY,56.4545,57.8932,4191668
2022-03-22,TLT,171.6159,173.9389,6388435
2022-03-22,VNQ,46.2834,44.8846,5080205
2022-03-23,GLD,157.1324,158.6505,4504728
2022-03-23,IWM,142.5741,140.6738,6332078
2022-03-23,QQQ,89.0116,86.5255,6983239
2022-03-23,SPY,57.9945,58.3144,7675099
2022-03-23,TLT,174.1044,174.3974,7009967
2022-03-23,VNQ,44.9204,44.9464,2550091
2022-03-24,GLD,158.1595,159.2235,1748660
2022-03-24,IWM,141.2487,140.0194,6829453
2022-03-24,QQQ,86.9158,85.6518,2434046
2022-03-24,SPY,58.4587,58.3858,7165190
2022-03-24,TLT,174.6284,174.5018,3132060
2022-03-24,VNQ,44.9607,44.6378,4732748
2022-03-25,GLD,159.1759,157.8728,2659567
2022-03-25,IWM,139.9024,137.756,3123626
2022-03-25,QQQ,86.3051,87.1466,5516830
2022-03-25,SPY,58.2749,58.1894,4028498
2022-03-25,TLT,174.0824,173.2966,1989555
2022-03-25,VNQ,44.4588,45.3801,1586905
2022-03-28,GLD,157.047,157.3584,7562769
2022-03-28,IWM,137.309,135.1192,6681645
2022-03-28,QQQ,87.8995,87.1219,4840564
2022-03-28,SPY,58.2661,57.7871,6787150
2022-03-28,TLT,172.5691,171.4097,5065451
2022-03-28,VNQ,45.3781,45.3347,3126096
2022-03-29,GLD,156.5168,156.5059,1198304
2022-03-29,IWM,134.0502,138.9313,7544263
2022-03-29,QQQ,87.3119,88.2799,7420655
2022-03-29,SPY,58.1941,57.5901,3026844
2022-03-29,TLT,171.6567,171.2029,4112566
2022-03-29,VNQ,45.2491,45.0945,1014573
2022-03-30,GLD,156.3707,156.8965,2554758
2022-03-30,IWM,137.5812,140.2715,2137046
2022-03-30,QQQ,88.3422,85.7621,2624434
2022-03-30,SPY,57.5762,57.1863,7426006
2022-03-30,TLT,171.2028,170.8403,7397118
2022-03-30,VNQ,45.1406,45.6881,5154396
2022-03-31,GLD,156.7933,155.2971,8419150
2022-03-31,IWM,140.7903,140.778,1749235
2022-03-31,QQQ,86.0321,85.874,2508918
2022-03-31,SPY,57.1471,57.5787,5140744
2022-03-31,TLT,171.1262,171.4946,4402487
2022-03-31,VNQ,45.4706,45.1245,1655214
2022-04-01,GLD,155.8179,155.1568,5962874
2022-04-01,IWM,140.5366,140.9444,3589953
2022-04-01,QQQ,86.3852,85.7689,7838410
2022-04-01,SPY,57.4721,57.2686,4249354
2022-04-01,TLT,171.4975,171.6073,1843596
2022-04-01,VNQ,45.1199,44.5567,4736751
2022-04-04,GLD,155.3765,156.2984,4530452
2022-04-04,IWM,140.1049,139.484,3766500
2022-04-04,QQQ,85.9288,85.7318,1175091
2022-04-04,SPY,57.047,56.934,5141492
2022-04-04,TLT,172.0756,171.2424,5605479
2022-04-04,VNQ,44.3449,45.2358,7990043
2022-04-05,GLD,156.6817,156.4639,1568119
2022-04-05,IWM,138.7669,139.0363,992053
2022-04-05,QQQ,85.9911,84.7703,3291152
2022-04-05,SPY,57.1155,56.1421,5859291
2022-04-05,TLT,171.3792,174.9439,5885290
2022-04-05,VNQ,45.0224,45.4038,8176980
2022-04-06,GLD,156.3305,155.2409,4641235
2022-04-06,IWM,138.5089,141.1747,7955414
2022-04-06,QQQ,84.4584,84.6029,8444303
2022-04-06,SPY,56.1512,56.0487,2993708
2022-04-06,TLT,174.9071,175.6744,3682104
2022-04-06,VNQ,45.3701,45.3784,6178225
2022-04-07,GLD,155.3813,154.4611,1182459
2022-04-07,IWM,142.0011,143.0625,3860262
2022-04-07,QQQ,84.8656,86.7977,3434683
2022-04-07,SPY,56.0937,55.4518,1601226
2022-04-07,TLT,176.0477,177.8148,6938231
2022-04-07,VNQ,45.335,44.9221,2428686
2022-04-08,GLD,154.8614,154.765,3085612
2022-04-08,IWM,142.9249,141.7242,5925904
2022-04-08,QQQ,87.0242,85.2724,4873639
2022-04-08,SPY,55.7263,55.282,2347548
2022-04-08,TLT,177.3676,176.4421,7274350
2022-04-08,VNQ,45.1825,44.7389,3737989
2022-04-11,GLD,154.937,155.5961,5591258
2022-04-11,IWM,141.6964,140.562,3018804
2022-04-11,QQQ,85.2673,85.0695,4574520
2022-04-11,SPY,55.6546,55.8391,1447861
2022-04-11,TLT,176.416,178.2665,7280122
2022-04-11,VNQ,44.7475,44.4174,7765164
2022-04-12,GLD,155.7065,156.956,5937047
2022-04-12,IWM,140.9824,139.332,2714535
2022-04-12,QQQ,85.0162,84.5601,3477628
2022-04-12,SPY,55.7064,55.995,6620302
2022-04-12,TLT,178.305,180.3736,3286942
2022-04-12,VNQ,44.606,44.4953,6545902
2022-04-13,GLD,156.9765,156.8651,6539439
2022-04-13,IWM,138.5953,137.753,5165030
2022-04-13,QQQ,84.4777,84.1049,8272303
2022-04-13,SPY,56.1534,56.235,1716768
2022-04-13,TLT,180.2424,181.3386,8130873
2022-04-13,VNQ,44.755,44.4929,1794289
2022-04-14,GLD,156.5125,155.0478,5163929
2022-04-14,IWM,138.0663,139.4206,4102246
2022-04-14,QQQ,84.2427,86.3358,6294744
2022-04-14,SPY,56.329,56.3863,2493047
2022-04-14,TLT,181.4602,180.1598,3345226
2022-04-14,VNQ,44.3477,44.3177,1041577
2022-04-15,GLD,154.7095,157.2746,2434205
2022-04-15,IWM,140.1328,140.5589,2224788
2022-04-15,QQQ,86.3026,88.3269,8205955
2022-04-15,SPY,56.4467,56.3585,6488792
2022-04-15,TLT,179.9922,182.4237,2124589
2022-04-15,VNQ,44.4157,44.1887,7500061
2022-04-18,GLD,156.7352,157.8435,5540421
2022-04-18,IWM,140.4663,141.0349,6450652
2022-04-18,QQQ,88.4607,87.7201,1171368
2022-04-18,SPY,56.431,56.2184,5112567
2022-04-18,TLT,181.7484,181.5024,7441607
2022-04-18,VNQ,44.2095,44.9313,4291213
2022-04-19,GLD,157.9791,158.5766,4420637
2022-04-19,IWM,140.7995,139.6507,6761929
2022-04-19,QQQ,87.9861,88.3202,5691706
2022-04-19,SPY,56.2152,55.9704,3598894
2022-04-19,TLT,182.2731,179.2559,4168392
2022-04-19,VNQ,44.7434,45.2056,1097229
2022-04-20,GLD,158.4623,159.1619,8488634
2022-04-20,IWM,140.3186,142.0402,4512692
2022-04-20,QQQ,88.2385,87.1158,3732163
2022-04-20,SPY,56.2094,56.3639,3459971
2022-04-20,TLT,179.2403,176.9343,8078782
2022-04-20,VNQ,45.211,45.3376,6443652
2022-04-21,GLD,158.8981,157.7351,2113198
2022-04-21,IWM,142.0059,141.9217,2227740
2022-04-21,QQQ,87.2873,87.4347,4592470
2022-04-21,SPY,56.4571,55.6507,7803574
2022-04-21,TLT,176.8194,177.2726,7632502
2022-04-21,VNQ,45.2501,45.1797,4817346
2022-04-22,GLD,157.853,157.3856,5244146
2022-04-22,IWM,142.129,136.7152,1828767
2022-04-22,QQQ,87.2485,86.8318,8345356
2022-04-22,SPY,55.7025,56.3922,3953047
2022-04-22,TLT,176.7122,176.7362,7241384
2022-04-22,VNQ,44.9254,45.2525,6181749
2022-04-25,GLD,157.1629,157.8949,7195895
2022-04-25,IWM,136.5068,139.0728,3795079
2022-04-25,QQQ,86.6653,88.7007,1705782
2022-04-25,SPY,56.5812,56.3496,1502059
2022-04-25,TLT,176.7424,178.2378,6345566
2022-04-25,VNQ,45.3219,45.1387,6075575
2022-04-26,GLD,158.2682,159.5708,4975851
2022-04-26,IWM,138.6284,139.3664,7312319
2022-04-26,QQQ,88.5972,89.2092,2554149
2022-04-26,SPY,56.4854,55.837,6893801
2022-04-26,TLT,178.1524,179.54,8240032
2022-04-26,VNQ,45.1876,45.1664,2627371
2022-04-27,GLD,160.2711,159.7896,1924684
2022-04-27,IWM,139.4411,138.0106,8267097
2022-04-27,QQQ,88.9749,87.6798,4146580
2022-04-27,SPY,55.9062,55.4831,2210269
2022-04-27,TLT,178.9734,181.9773,6899050
2022-04-27,VNQ,45.1685,45.3168,4706458
2022-04-28,GLD,159.947,155.2721,4303838
2022-04-28,IWM,139.1308,140.4752,3788177
2022-04-28,QQQ,87.5772,85.2077,5153544
2022-04-28,SPY,55.532,55.0207,7939582
2022-04-28,TLT,182.4379,182.7668,4957162
2022-04-28,VNQ,45.2872,44.8442,4418310
2022-04-29,GLD,155.0122,155.0428,5176930
2022-04-29,IWM,140.2076,135.6255,1428661
2022-04-29,QQQ,85.3278,83.6633,8032054
2022-04-29,SPY,55.2803,55.0535,7255807
2022-04-29,TLT,183.139,183.1944,2111627
2022-04-29,VNQ,44.8552,44.3561,1620745
2022-05-02,GLD,154.493,155.6853,5597616
2022-05-02,IWM,134.831,134.1759,6794742
2022-05-02,QQQ,83.6849,86.301,7635689
2022-05-02,SPY,55.1291,54.5709,5006196
2022-05-02,TLT,182.454,183.4523,7355906
2022-05-02,VNQ,44.4198,42.9114,3974780
2022-05-03,GLD,156.4082,157.7272,8085809
2022-05-03,IWM,133.8703,135.3336,5879585
2022-05-03,QQQ,86.0229,84.9237,5200556
2022-05-03,SPY,54.5582,55.1807,4080240
2022-05-03,TLT,183.7618,182.4176,6581651
2022-05-03,VNQ,42.6419,42.1836,7992318
2022-05-04,GLD,157.8838,158.9187,4426346
2022-05-04,IWM,135.2479,133.7677,5178008
2022-05-04,QQQ,85.0539,83.0029,6768184
2022-05-04,SPY,55.0547,54.6597,7205234
2022-05-04,TLT,182.1142,181.3195,1354575
2022-05-04,VNQ,42.2945,42.1182,2060536
2022-05-05,GLD,158.4743,162.8335,2506007
2022-05-05,IWM,134.0531,137.5909,2747249
2022-05-05,QQQ,83.0565,82.0485,2660860
2022-05-05,SPY,54.6098,53.286,2574719
2022-05-05,TLT,181.6289,180.389,6742331
2022-05-05,VNQ,41.9814,43.1044,4709380
2022-05-06,GLD,163.2327,165.1728,5497819
2022-05-06,IWM,137.2735,141.4136,5330142
2022-05-06,QQQ,82.3309,81.3359,3321884
2022-05-06,SPY,53.1369,52.8116,2077995
2022-05-06,TLT,180.5962,180.9997,5975269
2022-05-06,VNQ,43.2582,44.1472,2898249
2022-05-09,GLD,164.5224,167.4245,6440477
2022-05-09,IWM,141.3261,141.8241,1107939
2022-05-09,QQQ,81.2585,82.0066,6669416
2022-05-09,SPY,52.8272,51.6302,6835440
2022-05-09,TLT,181.4084,179.8784,7661981
2022-05-09,VNQ,44.1256,43.9039,4102039
2022-05-10,GLD,167.2432,169.059,4558121
2022-05-10,IWM,142.479,142.1158,4328884
2022-05-10,QQQ,82.0774,80.9631,3335008
2022-05-10,SPY,51.6661,51.5506,3194578
2022-05-10,TLT,180.1036,179.9715,6541561
2022-05-10,VNQ,43.8736,42.1516,6197965
2022-05-11,GLD,168.9561,166.9997,4651941
2022-05-11,IWM,142.6308,145.5353,5795161
2022-05-11,QQQ,80.769,82.9515,2741509
2022-05-11,SPY,51.2688,52.0806,2681704
2022-05-11,TLT,180.5609,181.9383,1759954
2022-05-11,VNQ,42.1341,42.1891,7878785
2022-05-12,GLD,166.8505,168.4777,3754651
2022-05-12,IWM,144.1502,146.6985,5335921
2022-05-12,QQQ,82.7271,82.8649,4261434
2022-05-12,SPY,52.0835,52.3848,6594262
2022-05-12,TLT,181.8137,178.3496,7873103
2022-05-12,VNQ,42.427,42.2816,7233066
2022-05-13,GLD,168.0213,169.5717,7442109
2022-05-13,IWM,146.5425,144.3421,6081010
2022-05-13,QQQ,83.0746,83.1534,3678818
2022-05-13,SPY,52.4763,51.5823,8298251
2022-05-13,TLT,178.2257,177.1897,4166267
2022-05-13,VNQ,42.47,42.952,6270364
2022-05-16,GLD,170.5139,168.8673,2551207
2022-05-16,IWM,143.4352,143.6614,5869610
2022-05-16,QQQ,83.329,84.8846,4797608
2022-05-16,SPY,51.6056,51.106,7175769
2022-05-16,TLT,177.0735,175.8516,5584780
2022-05-16,VNQ,42.9131,42.4179,7512192
2022-05-17,GLD,168.702,169.9434,7467926
2022-05-17,IWM,142.8105,141.7036,6219838
2022-05-17,QQQ,84.9455,85.022,1634604
2022-05-17,SPY,50.9759,52.0308,2989457
2022-05-17,TLT,175.6925,176.0446,1367760
2022-05-17,VNQ,42.4085,42.1575,1857021
2022-05-18,GLD,170.0872,170.7541,2523011
2022-05-18,IWM,142.2805,142.8143,3826174
2022-05-18,QQQ,84.6729,85.3468,4211325
2022-05-18,SPY,52.2082,52.1506,7169915
2022-05-18,TLT,176.8947,173.9348,8497484
2022-05-18,VNQ,42.2278,41.9138,5992049
2022-05-19,GLD,170.7598,170.1431,4694955
2022-05-19,IWM,141.6931,143.0361,2811057
2022-05-19,QQQ,85.9683,86.0927,3239127
2022-05-19,SPY,52.0538,52.0949,7424913
2022-05-19,TLT,174.0124,173.1025,6983562
2022-05-19,VNQ,41.8947,41.8208,6932246
2022-05-20,GLD,169.5002,170.0824,8122128
2022-05-20,IWM,142.6276,145.828,6919396
2022-05-20,QQQ,86.0603,85.0457,4286163
2022-05-20,SPY,51.9242,52.6288,6452038
2022-05-20,TLT,173.6019,176.8534,3744206
2022-05-20,VNQ,41.8236,41.0701,2430438
2022-05-23,GLD,169.8564,169.7972,4475061
2022-05-23,IWM,146.8076,146.2363,5940741
2022-05-23,QQQ,85.0025,84.2581,5677760
2022-05-23,SPY,52.4772,53.9695,4544941
2022-05-23,TLT,176.9668,174.9137,3929026
2022-05-23,VNQ,40.9955,41.1675,1349748
2022-05-24,GLD,169.8725,170.3053,7842629
2022-05-24,IWM,145.1669,144.4877,2850771
2022-05-24,QQQ,84.6468,85.0439,2932222
2022-05-24,SPY,53.9678,54.6633,6178121
2022-05-24,TLT,174.8967,174.9657,6823423
2022-05-24,VNQ,41.3831,40.7096,8188223
2022-05-25,GLD,170.6687,169.7608,6745328
2022-05-25,IWM,144.4039,142.0348,7281221
2022-05-25,QQQ,84.4711,83.942,5831243
2022-05-25,SPY,54.8077,54.6842,8008347
2022-05-25,TLT,175.3426,175.4759,8472491
2022-05-25,VNQ,40.544,40.6731,2921215
2022-05-26,GLD,169.6163,170.7755,1370686
2022-05-26,IWM,141.1082,145.0381,3962595
2022-05-26,QQQ,84.206,83.119,7433785
2022-05-26,SPY,54.8554,54.8313,1152217
2022-05-26,TLT,175.245,175.1977,1770482
2022-05-26,VNQ,40.4729,40.5279,2535438
2022-05-27,GLD,170.9146,167.8449,6319960
2022-05-27,IWM,144.4263,147.6043,6310021
2022-05-27,QQQ,83.0543,84.2209,5255164
2022-05-27,SPY,54.8625,55.1336,3151584
2022-05-27,TLT,175.4765,173.5191,5353798
2022-05-27,VNQ,40.38,39.2911,5100220
2022-05-30,GLD,167.705,167.5341,1528693
2022-05-30,IWM,147.6724,145.6907,7171869
2022-05-30,QQQ,84.0499,84.8972,3600385
2022-05-30,SPY,54.958,54.7122,6536983
2022-05-30,TLT,174.0275,175.239,1901935
2022-05-30,VNQ,39.2164,39.3004,3250128
2022-05-31,GLD,167.7578,165.0219,3408588
2022-05-31,IWM,145.1121,142.4741,7449023
2022-05-31,QQQ,85.2456,85.2468,2871861
2022-05-31,SPY,54.6164,54.0353,7930874
2022-05-31,TLT,175.3001,172.4607,4732213
2022-05-31,VNQ,39.2807,38.5982,4099799
2022-06-01,GLD,164.0627,164.4038,1435208
2022-06-01,IWM,142.6692,139.1349,7653849
2022-06-01,QQQ,84.802,83.6846,7210518
2022-06-01,SPY,53.9059,54.0057,3446221
2022-06-01,TLT,172.5433,171.153,7714336
2022-06-01,VNQ,38.5342,37.9867,6541569
2022-06-02,GLD,164.6286,165.3428,8075084
2022-06-02,IWM,137.9397,141.0159,5613820
2022-06-02,QQQ,83.3579,86.1507,4724203
2022-06-02,SPY,53.9801,53.4013,3200774
2022-06-02,TLT,171.0259,170.9672,6155195
2022-06-02,VNQ,38.1464,37.4165,2513522
2022-06-03,GLD,165.0959,165.5106,1866759
2022-06-03,IWM,140.2647,140.1246,6483277
2022-06-03,QQQ,86.5829,85.856,4586773
2022-06-03,SPY,53.1485,53.3069,7611806
2022-06-03,TLT,171.2497,170.1661,7249477
2022-06-03,VNQ,37.2515,36.6641,3819619
2022-06-06,GLD,165.28,165.4717,4727560
2022-06-06,IWM,140.3103,143.714,2023947
2022-06-06,QQQ,85.0308,85.3449,1651235
2022-06-06,SPY,53.323,53.3025,4306101
2022-06-06,TLT,170.5406,172.0897,7766747
2022-06-06,VNQ,36.5719,36.445,5933860
2022-06-07,GLD,164.3676,165.7135,8276985
2022-06-07,IWM,143.9112,142.728,7034113
2022-06-07,QQQ,85.2133,85.0136,2052708
2022-06-07,SPY,53.3949,54.595,1160220
2022-06-07,TLT,172.5165,171.7455,8378682
2022-06-07,VNQ,36.5799,35.1202,4731547
2022-06-08,GLD,165.2954,168.3257,2774468
2022-06-08,IWM,143.5133,141.996,6041328
2022-06-08,QQQ,84.7401,83.8321,1965067
2022-06-08,SPY,54.5734,54.0396,5707637
2022-06-08,TLT,171.6177,174.8018,7337693
2022-06-08,VNQ,35.0891,34.707,1287076
2022-06-09,GLD,168.5619,166.7104,6211416
2022-06-09,IWM,141.8925,141.3625,1494978
2022-06-09,QQQ,83.7655,83.3854,6542143
2022-06-09,SPY,54.1064,53.9092,972520
2022-06-09,TLT,174.8335,174.9071,2654293
2022-06-09,VNQ,34.7348,34.649,8152220
2022-06-10,GLD,167.6098,168.2508,3905612
2022-06-10,IWM,140.4768,142.5126,7264194
2022-06-10,QQQ,83.2512,85.8678,6634461
2022-06-10,SPY,53.7741,53.7547,5114200
2022-06-10,TLT,174.6066,177.4292,8032264
2022-06-10,VNQ,34.7901,34.6998,8493697
2022-06-13,GLD,167.9684,165.9975,3922780
2022-06-13,IWM,142.1836,146.0406,6158866
2022-06-13,QQQ,85.696,83.8117,1987144
2022-06-13,SPY,53.5459,53.947,4206022
2022-06-13,TLT,177.6016,178.2039,8297441
2022-06-13,VNQ,34.6387,35.0654,2908476
2022-06-14,GLD,165.7356,165.3998,3949611
2022-06-14,IWM,145.5432,143.948,4052713
2022-06-14,QQQ,84.0191,86.616,5475003
2022-06-14,SPY,53.8552,54.4945,5998355
2022-06-14,TLT,178.498,177.9117,1484468
2022-06-14,VNQ,35.1022,35.4599,1436287
2022-06-15,GLD,165.5852,165.7897,3032052
2022-06-15,IWM,143.7268,145.4954,3768748
2022-06-15,QQQ,86.6281,85.2574,3035889
2022-06-15,SPY,54.6637,54.1488,3059710
2022-06-15,TLT,177.982,177.5524,7448371
2022-06-15,VNQ,35.3919,35.8223,4275467
2022-06-16,GLD,165.8966,164.5939,4695889
2022-06-16,IWM,146.2576,148.3749,3321913
2022-06-16,QQQ,85.2146,83.9192,1975428
2022-06-16,SPY,54.2984,53.6149,6189505
2022-06-16,TLT,177.5352,179.2623,2099230
2022-06-16,VNQ,35.6564,35.646,3328781
2022-06-17,GLD,164.3628,165.0467,1839898
2022-06-17,IWM,148.6447,147.953,2858002
2022-06-17,QQQ,83.4461,85.5712,5911831
2022-06-17,SPY,53.5495,52.6225,1751583
2022-06-17,TLT,179.4342,178.4854,2886638
2022-06-17,VNQ,35.5701,35.1971,3824626
2022-06-20,GLD,164.9773,166.3214,3522204
2022-06-20,IWM,147.7018,147.0336,5604812
2022-06-20,QQQ,85.7494,87.9902,1476967
2022-06-20,SPY,52.7925,52.0452,2935343
2022-06-20,TLT,178.6093,178.51,4755746
2022-06-20,VNQ,35.1859,34.3455,5813737
2022-06-21,GLD,166.1678,164.5887,7515187
2022-06-21,IWM,146.9153,149.3025,5406225
2022-06-21,QQQ,88.3023,87.3354,4613141
2022-06-21,SPY,52.0,52.2868,8067834
2022-06-21,TLT,178.7042,177.3346,3440344
2022-06-21,VNQ,34.4679,34.0039,7177578
2022-06-22,GLD,164.8239,164.6013,4384199
2022-06-22,IWM,149.5369,147.9243,8138523
2022-06-22,QQQ,87.1416,88.3219,2580258
2022-06-22,SPY,52.4989,52.2541,966531
2022-06-22,TLT,177.073,174.2271,6790178
2022-06-22,VNQ,34.0912,33.9471,3604444
2022-06-23,GLD,164.9042,164.149,6229808
2022-06-23,IWM,148.339,147.2518,5940282
2022-06-23,QQQ,88.5151,87.1492,6757342
2022-06-23,SPY,52.3217,51.6314,8407446
2022-06-23,TLT,173.9192,175.1391,4136485
2022-06-23,VNQ,34.0216,33.6954,6965924
2022-06-24,GLD,164.8245,161.2968,8298194
2022-06-24,IWM,147.0395,145.1738,6791055
2022-06-24,QQQ,87.0821,86.5386,3853970
2022-06-24,SPY,51.569,51.3684,6398507
2022-06-24,TLT,174.9597,176.2045,3196984
2022-06-24,VNQ,33.7616,33.2112,7824488
2022-06-27,GLD,161.6412,161.1418,3550122
2022-06-27,IWM,145.0434,144.0198,5352907
2022-06-27,QQQ,86.4792,85.4089,3225069
2022-06-27,SPY,51.4779,51.3284,4604257
2022-06-27,TLT,175.8656,174.3993,3027098
2022-06-27,VNQ,33.1904,33.5049,6313028
2022-06-28,GLD,161.3913,160.0605,8446016
2022-06-28,IWM,144.762,144.5225,2899642
2022-06-28,QQQ,85.9121,85.4325,7167436
2022-06-28,SPY,51.2221,51.5485,5462035
2022-06-28,TLT,174.5202,175.2033,5266393
2022-06-28,VNQ,33.5095,34.2187,3238100
2022-06-29,GLD,160.1167,162.2291,4328564
2022-06-29,IWM,145.2738,145.2338,1148705
2022-06-29,QQQ,85.7406,84.4376,5992069
2022-06-29,SPY,51.4195,51.1648,3760027
2022-06-29,TLT,175.9725,174.8953,4209309
2022-06-29,VNQ,34.1927,34.0202,5443482
2022-06-30,GLD,162.5838,161.022,2846780
2022-06-30,IWM,144.7455,144.7005,2391774
2022-06-30,QQQ,84.6669,84.4482,7498395
2022-06-30,SPY,50.9665,50.9708,5181757
2022-06-30,TLT,174.9341,172.036,3137500
2022-06-30,VNQ,34.0425,34.5184,1769919
2022-07-01,GLD,160.648,163.7602,5414967
2022-07-01,IWM,144.6761,144.8183,4032108
2022-07-01,QQQ,84.3204,83.8382,1934131
2022-07-01,SPY,51.0061,49.9319,2583414
2022-07-01,TLT,171.4284,170.6759,6595784
2022-07-01,VNQ,34.7387,34.693,7075500
2022-07-04,GLD,164.5893,163.0677,3246731
2022-07-04,IWM,144.6338,142.038,1578440
2022-07-04,QQQ,83.7312,83.665,2867109
2022-07-04,SPY,49.9248,49.2649,4667405
2022-07-04,TLT,170.381,171.7562,4117372
2022-07-04,VNQ,34.7233,34.1972,7246720
2022-07-05,GLD,163.1736,166.2149,5390216
2022-07-05,IWM,142.2721,146.291,1574224
2022-07-05,QQQ,83.2375,83.5735,7688824
2022-07-05,SPY,49.2548,50.0698,4014536
2022-07-05,TLT,171.3865,173.4148,4723711
2022-07-05,VNQ,34.2091,34.1789,2732396
2022-07-06,GLD,166.7653,167.1982,3772145
2022-07-06,IWM,145.579,143.9262,5703823
2022-07-06,QQQ,83.4174,82.5336,1137599
2022-07-06,SPY,50.0149,48.8554,7956001
2022-07-06,TLT,173.6015,174.0974,5166498
2022-07-06,VNQ,34.2711,33.8432,3774462
2022-07-07,GLD,166.8845,168.0513,3024373
2022-07-07,IWM,143.813,144.9103,7322227
2022-07-07,QQQ,82.547,81.8611,3866596
2022-07-07,SPY,49.0439,48.6245,8051520
2022-07-07,TLT,174.1809,178.5452,3665880
2022-07-07,VNQ,33.8686,34.2997,3896158
2022-07-08,GLD,168.4572,169.4711,2656877
2022-07-08,IWM,144.6996,143.1507,1856045
2022-07-08,QQQ,81.5887,80.245,6367089
2022-07-08,SPY,48.5694,48.6842,3157277
2022-07-08,TLT,179.2319,179.1925,4801422
2022-07-08,VNQ,34.1886,34.7653,3268149
2022-07-11,GLD,169.6296,171.0589,4923217
2022-07-11,IWM,143.5707,143.0391,6727351
2022-07-11,QQQ,80.6831,80.6657,6407415
2022-07-11,SPY,48.59,48.435,5645754
2022-07-11,TLT,179.2317,178.0973,5567112
2022-07-11,VNQ,34.7524,34.9148,4473877
2022-07-12,GLD,170.9831,173.4807,2587254
2022-07-12,IWM,142.8531,138.7835,8045791
2022-07-12,QQQ,80.8823,81.3761,1880609
2022-07-12,SPY,48.5969,47.9638,7831328
2022-07-12,TLT,178.0395,175.8788,7747634
2022-07-12,VNQ,35.027,34.7166,8477630
2022-07-13,GLD,173.2076,176.4851,3677973
2022-07-13,IWM,139.1232,137.266,1350235
2022-07-13,QQQ,81.5429,80.7164,3197507
2022-07-13,SPY,48.1466,47.8786,3616009
2022-07-13,TLT,176.3586,178.326,4776292
2022-07-13,VNQ,34.7637,34.8782,2038176
2022-07-14,GLD,176.1196,176.0481,4587731
2022-07-14,IWM,137.2406,134.6968,2116608
2022-07-14,QQQ,80.5757,80.1546,2938826
2022-07-14,SPY,47.922,47.8222,2176276
2022-07-14,TLT,177.956,177.6851,6798216
2022-07-14,VNQ,34.8722,34.9778,5328775
2022-07-15,GLD,176.793,174.1193,2977556
2022-07-15,IWM,135.0703,135.1875,4175642
2022-07-15,QQQ,80.7325,79.2726,8027711
2022-07-15,SPY,47.6,47.7264,8305793
2022-07-15,TLT,177.6749,177.203,4859618
2022-07-15,VNQ,34.9102,35.4715,2374833
2022-07-18,GLD,174.6188,169.9135,4067547
2022-07-18,IWM,135.2106,135.2275,3246889
2022-07-18,QQQ,79.2303,78.509,4577516
2022-07-18,SPY,47.6499,46.7237,6178242
2022-07-18,TLT,177.6437,176.0281,4357527
2022-07-18,VNQ,35.3961,35.9395,3453572
2022-07-19,GLD,169.9591,169.4274,2246633
2022-07-19,IWM,135.1625,133.2745,3738778
2022-07-19,QQQ,78.353,78.4657,5058971
2022-07-19,SPY,46.8004,46.5974,3175911
2022-07-19,TLT,176.1217,174.8713,4399012
2022-07-19,VNQ,35.9065,36.2429,5285583
2022-07-20,GLD,169.5049,170.7843,1490162
2022-07-20,IWM,133.6165,131.2255,2868892
2022-07-20,QQQ,78.6816,76.261,1118424
2022-07-20,SPY,46.5996,46.1206,8055495
2022-07-20,TLT,175.0313,174.4257,2347085
2022-07-20,VNQ,36.254,35.6249,2850493
2022-07-21,GLD,170.4925,171.5318,1745159
2022-07-21,IWM,131.7925,131.8451,7780273
2022-07-21,QQQ,76.44,74.3802,1761027
2022-07-21,SPY,46.3129,45.7991,7585124
2022-07-21,TLT,174.0751,175.2684,2469688
2022-07-21,VNQ,35.5269,35.8657,5336850
2022-07-22,GLD,170.7926,171.8544,4858170
2022-07-22,IWM,131.6869,130.7402,6545276
2022-07-22,QQQ,74.5049,74.2422,3402522
2022-07-22,SPY,45.6318,45.8587,2072014
2022-07-22,TLT,174.6801,176.2527,2206497
2022-07-22,VNQ,35.9093,36.2933,3762959
2022-07-25,GLD,171.1319,171.4221,4494636
2022-07-25,IWM,129.7522,131.683,1887300
2022-07-25,QQQ,74.2834,75.0286,6716001
2022-07-25,SPY,45.9421,46.1222,3857755
2022-07-25,TLT,176.1353,176.9414,1137149
2022-07-25,VNQ,36.4003,36.0654,2388639
2022-07-26,GLD,171.1769,170.523,4500384
2022-07-26,IWM,131.7649,132.0551,1954313
2022-07-26,QQQ,75.0882,74.0214,8408757
2022-07-26,SPY,46.0449,46.5146,6753055
2022-07-26,TLT,177.3245,178.586,4482120
2022-07-26,VNQ,35.6704,35.5838,3745697
2022-07-27,GLD,170.4608,170.2005,3609796
2022-07-27,IWM,132.1731,130.9832,7157396
2022-07-27,QQQ,73.8709,74.7023,1398820
2022-07-27,SPY,46.6796,46.2156,2748400
2022-07-27,TLT,178.3699,177.9701,3155199
2022-07-27,VNQ,35.7249,35.8648,3229407
2022-07-28,GLD,169.7318,170.9617,8134319
2022-07-28,IWM,130.7244,130.284,5037224
2022-07-28,QQQ,74.6748,75.5577,5742751
2022-07-28,SPY,46.2063,46.6222,2975198
2022-07-28,TLT,177.5491,176.5231,3640600
2022-07-28,VNQ,35.9168,35.2586,1881756
2022-07-29,GLD,171.2825,168.2668,5326847
2022-07-29,IWM,129.6471,126.6592,1597950
2022-07-29,QQQ,75.9335,75.4574,1941061
2022-07-29,SPY,46.751,47.1583,4850956
2022-07-29,TLT,175.9248,176.6053,4172646
2022-07-29,VNQ,35.2854,34.9575,4686242
2022-08-01,GLD,168.4711,169.5626,7374025
2022-08-01,IWM,126.1254,126.4453,3916362
2022-08-01,QQQ,75.4662,77.8203,8148003
2022-08-01,SPY,47.0766,47.6816,1348645
2022-08-01,TLT,177.3314,173.5768,5415720
2022-08-01,VNQ,35.0395,34.7553,1640294
2022-08-02,GLD,169.6267,167.3729,1631752
2022-08-02,IWM,126.4381,125.8431,6213400
2022-08-02,QQQ,77.8949,77.4497,5985944
2022-08-02,SPY,47.502,48.3415,4407182
2022-08-02,TLT,172.9817,175.0706,1157869
2022-08-02,VNQ,34.633,34.2579,7683898
2022-08-03,GLD,166.681,167.2535,5779438
2022-08-03,IWM,126.1417,125.6232,6881180
2022-08-03,QQQ,77.8209,77.3769,7894758
2022-08-03,SPY,48.198,48.2111,4177202
2022-08-03,TLT,174.8316,176.0486,8414237
2022-08-03,VNQ,34.3253,33.3639,1555424
2022-08-04,GLD,167.1687,166.3834,2248859
2022-08-04,IWM,126.0945,128.1387,1796792
2022-08-04,QQQ,77.3519,75.8295,6839562
2022-08-04,SPY,48.1329,48.0665,1837981
2022-08-04,TLT,175.6001,177.0668,2975587
2022-08-04,VNQ,33.2382,34.044,3405202
2022-08-05,GLD,166.3715,165.9327,4879526
2022-08-05,IWM,128.0764,128.2232,1666329
2022-08-05,QQQ,76.034,74.4352,5197335
2022-08-05,SPY,47.9348,48.4377,6212201
2022-08-05,TLT,177.3264,175.5565,4911219
2022-08-05,VNQ,34.0331,33.8267,1589171
2022-08-08,GLD,165.4403,164.4258,1108614
2022-08-08,IWM,128.6776,128.0783,964080
2022-08-08,QQQ,74.2329,74.3293,2443648
2022-08-08,SPY,48.5936,47.6794,5182182
2022-08-08,TLT,174.9048,174.9747,6516510
2022-08-08,VNQ,33.7659,33.1678,7711146
2022-08-09,GLD,163.5813,162.7663,1757389
2022-08-09,IWM,128.4783,127.8972,7676488
2022-08-09,QQQ,74.6749,74.7571,5684399
2022-08-09,SPY,47.8506,47.7318,3054194
2022-08-09,TLT,174.4349,175.1974,4796346
2022-08-09,VNQ,33.2406,33.8537,2137665
2022-08-10,GLD,163.5024,162.5336,7714755
2022-08-10,IWM,128.1993,126.9422,2981849
2022-08-10,QQQ,75.0754,74.2897,3212986
2022-08-10,SPY,47.7667,47.407,4528607
2022-08-10,TLT,175.2721,173.8178,5173035
2022-08-10,VNQ,33.8976,33.8662,3007475
2022-08-11,GLD,162.7714,160.9957,5797332
2022-08-11,IWM,127.2264,129.4049,7576779
2022-08-11,QQQ,74.561,73.9959,3127172
2022-08-11,SPY,47.2759,47.166,8121985
2022-08-11,TLT,173.2035,172.3289,2225368
2022-08-11,VNQ,33.8946,34.4133,3520718
2022-08-12,GLD,160.8495,164.9017,6380862
2022-08-12,IWM,129.3658,129.1736,7943025
2022-08-12,QQQ,74.29,73.8774,8054015
2022-08-12,SPY,47.151,46.2413,3287225
2022-08-12,TLT,172.5215,172.192,4459181
2022-08-12,VNQ,34.4705,35.0454,6446832
2022-08-15,GLD,165.5236,164.3736,7991326
2022-08-15,IWM,129.4716,131.4003,3771425
2022-08-15,QQQ,73.8281,74.4845,3375912
2022-08-15,SPY,46.1564,45.7497,917241
2022-08-15,TLT,172.6353,172.6044,5592744
2022-08-15,VNQ,35.1915,34.5931,3959093
2022-08-16,GLD,164.8045,163.4748,5759211
2022-08-16,IWM,131.5943,132.5841,7391902
2022-08-16,QQQ,74.7332,72.3494,5442595
2022-08-16,SPY,45.9282,45.687,2114950
2022-08-16,TLT,172.6452,171.7725,3848976
2022-08-16,VNQ,34.6509,34.8617,8035278
2022-08-17,GLD,163.6473,162.7439,8241964
2022-08-17,IWM,132.6904,131.0101,4301867
2022-08-17,QQQ,72.0243,72.9748,4096277
2022-08-17,SPY,45.7257,46.0706,2935134
2022-08-17,TLT,170.8205,173.5348,7412506
2022-08-17,VNQ,34.8685,35.1524,8043104
2022-08-18,GLD,162.8304,161.2184,5238731
2022-08-18,IWM,132.1171,131.261,5560199
2022-08-18,QQQ,72.592,71.8005,5488189
2022-08-18,SPY,46.131,46.5079,1741060
2022-08-18,TLT,173.2874,177.1716,4313253
2022-08-18,VNQ,35.2808,34.7151,6683107
2022-08-19,GLD,161.5148,157.6304,7962350
2022-08-19,IWM,131.1971,133.2394,5847651
2022-08-19,QQQ,71.6499,72.0805,7058184
2022-08-19,SPY,46.4581,46.4141,3496227
2022-08-19,TLT,177.0726,178.2759,1859832
2022-08-19,VNQ,34.7097,34.2475,6203394
2022-08-22,GLD,158.175,157.3599,5625909
2022-08-22,IWM,133.9156,132.3849,1752923
2022-08-22,QQQ,71.7493,72.6821,6438167
2022-08-22,SPY,46.1649,46.2665,4197357
2022-08-22,TLT,178.799,178.18,4643632
2022-08-22,VNQ,34.2048,34.6814,7217104
2022-08-23,GLD,157.3856,157.9322,6510767
2022-08-23,IWM,131.4726,132.3922,3704880
2022-08-23,QQQ,72.6813,70.8952,6414562
2022-08-23,SPY,46.1711,45.8036,3718718
2022-08-23,TLT,178.7758,177.8656,7447873
2022-08-23,VNQ,34.7768,34.7208,2516785
2022-08-24,GLD,157.8461,155.812,4566524
2022-08-24,IWM,133.0476,131.8207,1615767
2022-08-24,QQQ,71.3042,71.8353,2575438
2022-08-24,SPY,45.6669,45.948,5926940
2022-08-24,TLT,178.2612,180.6222,5918627
2022-08-24,VNQ,34.7919,34.2024,7380445
2022-08-25,GLD,156.0259,155.9279,3517817
2022-08-25,IWM,132.2078,131.2963,3067080
2022-08-25,QQQ,71.616,71.63,5727359
2022-08-25,SPY,45.9935,45.773,3177579
2022-08-25,TLT,180.6455,181.312,1743872
2022-08-25,VNQ,34.341,33.8102,8054221
2022-08-26,GLD,154.8943,154.2618,5553738
2022-08-26,IWM,131.1264,132.6325,6569896
2022-08-26,QQQ,71.5222,70.7741,1872615
2022-08-26,SPY,45.7848,46.0173,2274163
2022-08-26,TLT,181.2204,182.4968,2025979
2022-08-26,VNQ,33.7228,33.7569,2319332
2022-08-29,GLD,154.2936,154.3156,2278400
2022-08-29,IWM,132.5568,130.9274,7627898
2022-08-29,QQQ,70.4876,72.4269,5230941
2022-08-29,SPY,45.9187,46.834,1062400
2022-08-29,TLT,182.4594,183.0643,4133601
2022-08-29,VNQ,33.6873,33.4051,2830883
2022-08-30,GLD,154.1672,154.9461,4413445
2022-08-30,IWM,131.5752,130.1705,3282164
2022-08-30,QQQ,72.6305,70.7648,5475429
2022-08-30,SPY,46.7853,46.7631,6634926
2022-08-30,TLT,182.8149,182.3463,2583266
2022-08-30,VNQ,33.3739,34.1768,7379106
2022-08-31,GLD,154.9395,155.7645,2591190
2022-08-31,IWM,130.4622,130.3232,4547229
2022-08-31,QQQ,70.9809,68.8828,8427788
2022-08-31,SPY,46.9596,45.9654,2495655
2022-08-31,TLT,182.1724,185.0192,3565759
2022-08-31,VNQ,34.2868,35.0984,3690739
2022-09-01,GLD,155.6965,156.5123,1769028
2022-09-01,IWM,130.3044,125.3264,3220371
2022-09-01,QQQ,69.0255,68.7959,5644204
2022-09-01,SPY,45.8475,45.4902,2988695
2022-09-01,TLT,184.7825,184.8294,1920612
2022-09-01,VNQ,35.2599,35.4408,3809565
2022-09-02,GLD,156.6368,155.5793,3896778
2022-09-02,IWM,125.2337,124.6078,7962282
2022-09-02,QQQ,68.7768,68.9621,907885
2022-09-02,SPY,45.3786,44.7328,2888468
2022-09-02,TLT,184.8219,185.2857,3775585
2022-09-02,VNQ,35.5413,35.1937,1954678
2022-09-05,GLD,155.6174,156.9839,6298659
2022-09-05,IWM,124.634,124.6297,8165625
2022-09-05,QQQ,69.0669,68.4451,4443152
2022-09-05,SPY,44.7055,44.1111,8254167
2022-09-05,TLT,185.809,181.9952,6392828
2022-09-05,VNQ,35.1882,34.6643,1965732
2022-09-06,GLD,157.0087,156.4252,1783069
2022-09-06,IWM,124.8765,125.1716,3042392
2022-09-06,QQQ,68.8143,68.754,2192412
2022-09-06,SPY,44.0286,44.6794,6010921
2022-09-06,TLT,181.4609,185.7295,1066548
2022-09-06,VNQ,34.6045,34.3919,3306896
2022-09-07,GLD,156.376,157.0478,6970933
2022-09-07,IWM,125.9663,123.8455,2382359
2022-09-07,QQQ,69.1474,66.0623,8425703
2022-09-07,SPY,44.6281,44.7352,5507790
2022-09-07,TLT,186.492,187.1826,3427723
2022-09-07,VNQ,34.316,35.4253,3349702
2022-09-08,GLD,157.2162,158.2017,3221615
2022-09-08,IWM,123.4815,122.0074,2651535
2022-09-08,QQQ,66.3955,66.7877,7054125
2022-09-08,SPY,44.7989,43.9608,3767579
2022-09-08,TLT,187.4416,187.228,1641415
2022-09-08,VNQ,35.1066,36.0525,4502660
2022-09-09,GLD,158.012,157.8518,5044034
2022-09-09,IWM,122.0358,123.3909,2144375
2022-09-09,QQQ,66.8524,66.6896,4612857
2022-09-09,SPY,44.1652,44.2173,7287386
2022-09-09,TLT,187.6029,186.1195,1960487
2022-09-09,VNQ,36.0889,35.6705,4113434
2022-09-12,GLD,158.2183,156.05,8289545
2022-09-12,IWM,123.7705,122.005,6901408
2022-09-12,QQQ,66.6604,65.339,5970291
2022-09-12,SPY,44.0071,44.765,6390099
2022-09-12,TLT,186.1095,185.3094,3631386
2022-09-12,VNQ,35.4708,35.5045,2994520
2022-09-13,GLD,155.4308,157.06,7418166
2022-09-13,IWM,122.3169,122.6222,4096283
2022-09-13,QQQ,65.0202,63.9031,3279425
2022-09-13,SPY,44.7628,44.5399,8091774
2022-09-13,TLT,185.2905,182.7217,929402
2022-09-13,VNQ,35.3735,35.9913,6121127
2022-09-14,GLD,157.1354,155.512,6571062
2022-09-14,IWM,122.3366,122.6012,5282154
2022-09-14,QQQ,63.962,64.0993,4843361
2022-09-14,SPY,44.5448,44.1661,4262904
2022-09-14,TLT,183.2189,183.6773,4556381
2022-09-14,VNQ,35.932,35.8378,999053
2022-09-15,GLD,155.678,154.3082,6396858
2022-09-15,IWM,122.8233,121.1164,2423598
2022-09-15,QQQ,63.9475,64.2349,5804459
2022-09-15,SPY,44.1561,43.9544,2639892
2022-09-15,TLT,183.5234,182.4539,6931901
2022-09-15,VNQ,35.9651,35.6705,8018556
2022-09-16,GLD,153.8455,152.8075,6245696
2022-09-16,IWM,120.1321,120.1237,7949170
2022-09-16,QQQ,64.0164,63.3546,7902075
2022-09-16,SPY,43.9324,44.036,3489436
2022-09-16,TLT,182.0903,183.3392,4003382
2022-09-16,VNQ,35.6377,35.9239,3014829
2022-09-19,GLD,152.6522,154.1281,5098045
2022-09-19,IWM,120.363,118.6006,8250042
2022-09-19,QQQ,63.5184,63.2214,7121866
2022-09-19,SPY,43.9959,44.2858,6968743
2022-09-19,TLT,183.3206,184.2712,1012398
2022-09-19,VNQ,35.975,36.3374,4380472
2022-09-20,GLD,154.6107,153.9892,2101490
2022-09-20,IWM,118.5622,120.1445,7639971
2022-09-20,QQQ,63.272,63.0217,2731688
2022-09-20,SPY,44.405,44.7964,2108221
2022-09-20,TLT,184.0463,187.6341,8441730
2022-09-20,VNQ,36.5403,36.3864,7145827
2022-09-21,GLD,153.9412,150.8479,7747303
2022-09-21,IWM,119.7094,120.3085,7789050
2022-09-21,QQQ,63.0412,63.828,6660153
2022-09-21,SPY,44.7406,45.3274,5482930
2022-09-21,TLT,188.197,188.1955,947963
2022-09-21,VNQ,36.3922,37.4612,4180618
2022-09-22,GLD,150.5337,151.9955,4750714
2022-09-22,IWM,120.1774,117.1916,5146955
2022-09-22,QQQ,64.0403,62.7129,2971863
2022-09-22,SPY,45.312,45.8513,2635399
2022-09-22,TLT,188.2673,188.8964,6813995
2022-09-22,VNQ,37.3619,37.5447,2977051
2022-09-23,GLD,150.9289,155.0971,5675080
2022-09-23,IWM,116.6703,120.2061,7283163
2022-09-23,QQQ,62.6357,63.464,3336700
2022-09-23,SPY,45.8513,46.469,7391231
2022-09-23,TLT,189.1309,189.9505,4953305
2022-09-23,VNQ,37.6684,37.4323,3561615
2022-09-26,GLD,155.2218,157.857,4635084
2022-09-26,IWM,120.4265,122.4885,4530511
2022-09-26,QQQ,63.0312,63.3525,5737861
2022-09-26,SPY,46.4824,46.7429,7751370
2022-09-26,TLT,189.9892,189.1209,3388096
2022-09-26,VNQ,37.5303,36.598,2167136
2022-09-27,GLD,157.895,157.1105,5985244
2022-09-27,IWM,122.4686,124.5949,1521962
2022-09-27,QQQ,63.4812,63.195,3335815
2022-09-27,SPY,46.7215,45.9273,6148953
2022-09-27,TLT,189.1366,188.9259,8054681
2022-09-27,VNQ,36.5415,36.1144,2166502
2022-09-28,GLD,157.337,157.3233,7935494
2022-09-28,IWM,124.5177,122.802,8116556
2022-09-28,QQQ,63.3979,63.5061,1544009
2022-09-28,SPY,46.0503,45.8074,4359124
2022-09-28,TLT,189.4262,189.6929,4214768
2022-09-28,VNQ,36.3479,36.0743,1536906
2022-09-29,GLD,158.0867,158.1795,7535486
2022-09-29,IWM,123.3383,121.7603,1344730
2022-09-29,QQQ,63.0901,62.8474,1283125
2022-09-29,SPY,45.8063,45.906,5798861
2022-09-29,TLT,189.8463,191.8798,1247992
2022-09-29,VNQ,36.033,35.9843,7521160
2022-09-30,GLD,158.1779,159.6188,5991776
2022-09-30,IWM,121.2785,120.5814,7101104
2022-09-30,QQQ,63.0842,61.3141,2105384
2022-09-30,SPY,45.9273,45.6625,3282770
2022-09-30,TLT,192.5323,193.3895,4351993
2022-09-30,VNQ,36.0173,35.3647,5325686
2022-10-03,GLD,159.6692,159.7691,8199828
2022-10-03,IWM,120.3832,123.0027,8030644
2022-10-03,QQQ,61.0032,59.6307,5817181
2022-10-03,SPY,45.6562,46.0542,5778440
2022-10-03,TLT,192.6413,193.1743,1870011
2022-10-03,VNQ,35.4048,36.6307,4234426
2022-10-04,GLD,159.5103,158.2216,3192847
2022-10-04,IWM,123.2729,123.0002,1166355
2022-10-04,QQQ,59.5142,60.3735,2216386
2022-10-04,SPY,45.9307,45.8209,2559404
2022-10-04,TLT,193.3932,195.5263,1009065
2022-10-04,VNQ,36.509,36.8859,5182369
2022-10-05,GLD,158.1985,159.4505,5347078
2022-10-05,IWM,123.4322,123.3623,2507649
2022-10-05,QQQ,60.5236,58.628,6224975
2022-10-05,SPY,45.7192,45.3135,3875294
2022-10-05,TLT,195.939,195.1318,5104710
2022-10-05,VNQ,36.8066,37.0346,6751969
2022-10-06,GLD,159.4395,160.4766,2869989
2022-10-06,IWM,124.0302,122.7893,5064455
2022-10-06,QQQ,58.6666,59.3808,8411111
2022-10-06,SPY,45.1863,45.9635,7562251
2022-10-06,TLT,195.1383,192.7748,1478915
2022-10-06,VNQ,37.0256,36.9565,4430658
2022-10-07,GLD,160.7631,158.5664,8065070
2022-10-07,IWM,122.0953,120.2084,7290220
2022-10-07,QQQ,59.7567,58.572,3221958
2022-10-07,SPY,45.9873,46.2358,1694377
2022-10-07,TLT,192.0481,195.7382,1546810
2022-10-07,VNQ,37.0606,36.865,5316771
2022-10-10,GLD,158.774,158.1111,1713730
2022-10-10,IWM,120.3922,121.6231,6888567
2022-10-10,QQQ,58.7748,59.3809,5646936
2022-10-10,SPY,46.1476,46.2876,6251870
2022-10-10,TLT,195.7583,196.0529,4721463
2022-10-10,VNQ,36.9566,35.917,2571935
2022-10-11,GLD,157.826,158.6071,1812699
2022-10-11,IWM,121.6982,125.477,4863792
2022-10-11,QQQ,59.2727,58.3846,6640503
2022-10-11,SPY,46.1562,46.6917,3304967
2022-10-11,TLT,195.9624,195.5442,5742156
2022-10-11,VNQ,35.964,35.9311,4442350
2022-10-12,GLD,158.429,158.6959,4691183
2022-10-12,IWM,125.8293,124.8376,3000392
2022-10-12,QQQ,58.278,58.4863,5492019
2022-10-12,SPY,46.7215,47.1678,6178031
2022-10-12,TLT,196.135,193.7569,5588276
2022-10-12,VNQ,35.7383,35.4447,4481461
2022-10-13,GLD,159.2136,159.5772,1039377
2022-10-13,IWM,124.7446,123.0935,5223281
2022-10-13,QQQ,58.6294,58.483,6906867
2022-10-13,SPY,47.2342,47.2819,6146167
2022-10-13,TLT,194.2928,193.3033,6909067
2022-10-13,VNQ,35.4631,34.8325,6994518
2022-10-14,GLD,159.2158,160.8744,5669431
2022-10-14,IWM,122.497,121.765,2538634
2022-10-14,QQQ,58.1508,59.0118,6095654
2022-10-14,SPY,47.0596,45.9968,7015024
2022-10-14,TLT,193.7919,196.5197,7848298
2022-10-14,VNQ,34.8403,35.5472,1320329
2022-10-17,GLD,161.1587,161.7931,5010820
2022-10-17,IWM,121.8157,120.517,5227729
2022-10-17,QQQ,59.287,58.4959,4146015
2022-10-17,SPY,46.2053,45.6086,5745430
2022-10-17,TLT,196.669,196.7338,6658667
2022-10-17,VNQ,35.6937,35.5472,5162697
2022-10-18,GLD,162.415,161.71,3932838
2022-10-18,IWM,119.8829,117.8403,7228423
2022-10-18,QQQ,58.5045,58.7343,3521751
2022-10-18,SPY,45.6125,45.3297,2733918
2022-10-18,TLT,196.9331,200.9751,7742117
2022-10-18,VNQ,35.5595,35.6857,5615164
2022-10-19,GLD,161.9599,159.7525,6830790
2022-10-19,IWM,117.0391,116.8229,1573619
2022-10-19,QQQ,58.8793,59.992,6207619
2022-10-19,SPY,45.317,44.7986,5759015
2022-10-19,TLT,201.1411,201.363,5143446
2022-10-19,VNQ,35.8867,35.6149,6761085
2022-10-20,GLD,159.848,160.7754,8033912
2022-10-20,IWM,116.7092,116.1158,1962564
2022-10-20,QQQ,59.9657,58.6106,4473561
2022-10-20,SPY,44.9268,44.8381,6455810
2022-10-20,TLT,201.9056,203.7419,1211073
2022-10-20,VNQ,35.7183,35.383,3012803
2022-10-21,GLD,161.2945,163.0097,6273878
2022-10-21,IWM,116.4852,113.473,2079316
2022-10-21,QQQ,58.4693,59.3792,3003775
2022-10-21,SPY,44.8465,45.3575,4383611
2022-10-21,TLT,203.8349,204.1592,8317672
2022-10-21,VNQ,35.4212,34.8255,6060565
2022-10-24,GLD,163.1459,166.174,6616959
2022-10-24,IWM,114.4007,114.032,2572827
2022-10-24,QQQ,59.6281,58.2843,2268692
2022-10-24,SPY,45.2842,45.066,1442853
2022-10-24,TLT,204.5289,203.6909,5466633
2022-10-24,VNQ,34.7778,35.1459,4733314
2022-10-25,GLD,166.1704,166.2136,7858497
2022-10-25,IWM,113.7844,113.1568,1783125
2022-10-25,QQQ,58.3007,59.001,6759507
2022-10-25,SPY,45.3316,44.4658,7412353
2022-10-25,TLT,204.1703,203.2798,5717418
2022-10-25,VNQ,35.1796,34.6817,4663775
2022-10-26,GLD,166.1339,166.2488,5077722
2022-10-26,IWM,113.07,111.148,3129441
2022-10-26,QQQ,59.3371,58.5169,5438539
2022-10-26,SPY,44.3381,45.385,5953253
2022-10-26,TLT,203.3374,203.1596,4959413
2022-10-26,VNQ,34.6167,34.1377,4480464
2022-10-27,GLD,166.7003,168.6287,5372018
2022-10-27,IWM,111.2031,111.0672,1176341
2022-10-27,QQQ,58.8281,59.6672,990290
2022-10-27,SPY,45.3731,45.1092,2959673
2022-10-27,TLT,203.3341,201.3531,7168997
2022-10-27,VNQ,34.2189,33.6001,8408061
2022-10-28,GLD,168.9058,171.0297,3909252
2022-10-28,IWM,111.3045,113.5176,1825583
2022-10-28,QQQ,60.2401,59.2965,8325977
2022-10-28,SPY,45.2116,44.4613,3348883
2022-10-28,TLT,201.1563,199.5082,7634728
2022-10-28,VNQ,33.4243,33.7386,8021449
2022-10-31,GLD,171.6548,171.6733,8250867
2022-10-31,IWM,114.1656,115.6972,7172144
2022-10-31,QQQ,59.2475,58.7093,3397671
2022-10-31,SPY,44.3342,44.5183,7623914
2022-10-31,TLT,199.1224,200.5056,3610992
2022-10-31,VNQ,33.6957,33.9262,8217965
2022-11-01,GLD,171.5372,172.8426,5892285
2022-11-01,IWM,116.0679,117.6781,2230920
2022-11-01,QQQ,58.8729,59.6227,3762783
2022-11-01,SPY,44.5061,44.7365,5929978
2022-11-01,TLT,200.3251,202.9017,901291
2022-11-01,VNQ,33.9139,34.253,1007324
2022-11-02,GLD,172.7148,171.6119,1820887
2022-11-02,IWM,117.7488,119.6894,2091784
2022-11-02,QQQ,59.8734,59.3829,5267794
2022-11-02,SPY,44.7829,44.4147,6637567
2022-11-02,TLT,202.6696,203.3592,1486528
2022-11-02,VNQ,34.0539,34.2262,6517307
2022-11-03,GLD,171.4352,172.5693,6152973
2022-11-03,IWM,119.8613,121.4847,2736439
2022-11-03,QQQ,59.6389,59.1835,2826961
2022-11-03,SPY,44.7012,44.8069,2622310
2022-11-03,TLT,202.7595,203.6248,4736935
2022-11-03,VNQ,34.2508,34.188,6789782
2022-11-04,GLD,172.6835,171.2343,6643952
2022-11-04,IWM,121.506,122.8745,7258694
2022-11-04,QQQ,59.2744,60.0327,8131295
2022-11-04,SPY,44.6999,44.5881,2204219
2022-11-04,TLT,203.7738,202.1627,3158902
2022-11-04,VNQ,34.2629,34.7876,6551341
2022-11-07,GLD,170.9544,171.0057,6490177
2022-11-07,IWM,122.6557,124.5475,1131922
2022-11-07,QQQ,59.6846,61.3372,2926563
2022-11-07,SPY,44.5825,44.1638,3586627
2022-11-07,TLT,202.6197,204.3817,1878625
2022-11-07,VNQ,34.8448,34.1812,5402929
2022-11-08,GLD,171.3801,170.8124,4071303
2022-11-08,IWM,124.5351,128.3552,3853225
2022-11-08,QQQ,61.5728,62.1391,6196086
2022-11-08,SPY,44.2418,44.2625,6641823
2022-11-08,TLT,204.8706,206.4772,1820458
2022-11-08,VNQ,34.1931,34.4975,2534836
2022-11-09,GLD,170.9491,170.0622,3286071
2022-11-09,IWM,127.6081,127.7625,5030718
2022-11-09,QQQ,62.1526,60.3748,6849783
2022-11-09,SPY,44.2721,44.6435,5993793
2022-11-09,TLT,207.2422,204.5477,4188499
2022-11-09,VNQ,34.4205,34.5981,4729154
2022-11-10,GLD,169.6683,166.7064,2384059
2022-11-10,IWM,128.9853,129.4161,1431911
2022-11-10,QQQ,60.0192,60.6918,7719811
2022-11-10,SPY,44.5,44.3554,2701914
2022-11-10,TLT,204.5281,204.8607,6385263
2022-11-10,VNQ,34.5142,34.4054,5980772
2022-11-11,GLD,165.5429,165.4134,3963207
2022-11-11,IWM,129.8274,127.0094,2028074
2022-11-11,QQQ,60.8577,60.9747,8112337
2022-11-11,SPY,44.4039,44.5266,8040199
2022-11-11,TLT,205.9523,204.4413,6185009
2022-11-11,VNQ,34.4135,34.052,7058798
2022-11-14,GLD,164.7012,165.938,3243496
2022-11-14,IWM,127.355,128.358,7622999
2022-11-14,QQQ,60.7854,61.7985,8133264
2022-11-14,SPY,44.5395,44.4958,1874485
2022-11-14,TLT,204.3697,201.9343,7292269
2022-11-14,VNQ,34.1418,33.4106,6391291
2022-11-15,GLD,166.5026,165.845,2688985
2022-11-15,IWM,128.8883,131.1021,7385842
2022-11-15,QQQ,61.4655,62.82,4937958
2022-11-15,SPY,44.549,45.8763,3489357
2022-11-15,TLT,202.1118,205.0217,7305557
2022-11-15,VNQ,33.4206,32.8021,6595230
2022-11-16,GLD,165.8208,165.2312,2647074
2022-11-16,IWM,130.9466,130.5889,4609093
2022-11-16,QQQ,62.8326,63.8334,6326671
2022-11-16,SPY,46.0155,45.5434,5920730
2022-11-16,TLT,205.7075,207.3737,6004720
2022-11-16,VNQ,32.6295,32.3371,7759420
2022-11-17,GLD,165.2884,165.9034,1947666
2022-11-17,IWM,130.6569,134.0097,7110733
2022-11-17,QQQ,63.9567,64.3474,5551907
2022-11-17,SPY,45.6671,46.2374,2185407
2022-11-17,TLT,206.7281,208.152,4244138
2022-11-17,VNQ,32.2991,32.2088,3124109
2022-11-18,GLD,165.7365,166.9876,1991925
2022-11-18,IWM,134.3305,132.3314,6710424
2022-11-18,QQQ,64.2991,66.4036,4384070
2022-11-18,SPY,46.2879,46.2253,4600934
2022-11-18,TLT,208.4206,210.9718,6100114
2022-11-18,VNQ,32.1755,33.0712,2760846
2022-11-21,GLD,167.1427,168.3309,3249843
2022-11-21,IWM,133.1771,135.4836,7588978
2022-11-21,QQQ,66.3913,66.3133,8299503
2022-11-21,SPY,46.2637,46.1762,1846972
2022-11-21,TLT,211.2262,210.2167,3588689
2022-11-21,VNQ,33.1021,32.8113,6728796
2022-11-22,GLD,167.5682,167.0511,7820301
2022-11-22,IWM,136.0385,135.1448,7481871
2022-11-22,QQQ,66.2856,65.7126,8192618
2022-11-22,SPY,46.0406,46.5481,6750200
2022-11-22,TLT,211.2917,210.93,7185164
2022-11-22,VNQ,32.7312,32.7521,6059572
2022-11-23,GLD,166.2629,167.083,2875382
2022-11-23,IWM,134.5832,136.0327,1975998
2022-11-23,QQQ,65.6933,64.5421,7062698
2022-11-23,SPY,46.5314,47.0096,6002272
2022-11-23,TLT,210.7401,213.6671,2785905
2022-11-23,VNQ,32.7497,32.5823,2300156
2022-11-24,GLD,166.4377,166.5533,7455938
2022-11-24,IWM,135.8961,135.4317,5372042
2022-11-24,QQQ,64.6276,64.245,8335043
2022-11-24,SPY,47.0373,47.6655,1077598
2022-11-24,TLT,213.8376,213.3094,8272545
2022-11-24,VNQ,32.5917,32.0108,1724905
2022-11-25,GLD,166.5788,165.1728,3055968
2022-11-25,IWM,135.3398,136.828,3113362
2022-11-25,QQQ,64.3473,65.0887,1000557
2022-11-25,SPY,47.6144,47.8472,7696896
2022-11-25,TLT,212.2579,214.0825,8231343
2022-11-25,VNQ,31.9842,31.6442,6897204
2022-11-28,GLD,165.4469,162.8488,4274111
2022-11-28,IWM,136.7631,136.6525,5302775
2022-11-28,QQQ,65.3946,65.2037,905129
2022-11-28,SPY,47.8597,47.554,7565760
2022-11-28,TLT,214.1643,212.4496,2203333
2022-11-28,VNQ,31.7778,32.2619,3036192
2022-11-29,GLD,163.0305,162.6923,4542467
2022-11-29,IWM,137.3087,139.0391,5015013
2022-11-29,QQQ,64.6931,66.6967,3976949
2022-11-29,SPY,47.449,47.2942,1028942
2022-11-29,TLT,211.8002,213.8709,7789673
2022-11-29,VNQ,32.3044,32.2824,3192217
2022-11-30,GLD,162.6427,161.3499,6214176
2022-11-30,IWM,139.0059,139.2268,1017471
2022-11-30,QQQ,66.7084,66.7872,5975990
2022-11-30,SPY,47.4889,47.5663,5308809
2022-11-30,TLT,213.3506,216.2726,7837561
2022-11-30,VNQ,32.3615,31.6889,5611159
2022-12-01,GLD,160.8613,164.6601,3816480
2022-12-01,IWM,138.8184,139.8887,5377957
2022-12-01,QQQ,66.5956,66.3471,5826346
2022-12-01,SPY,47.8411,47.8762,3521314
2022-12-01,TLT,216.6406,214.5939,7609043
2022-12-01,VNQ,31.6337,30.8823,8044853
2022-12-02,GLD,164.969,164.4996,8204354
2022-12-02,IWM,139.8794,139.5266,5642367
2022-12-02,QQQ,66.3053,67.9968,993339
2022-12-02,SPY,47.8263,48.6117,4248766
2022-12-02,TLT,214.3514,213.277,2131125
2022-12-02,VNQ,30.9132,31.4258,3587275
2022-12-05,GLD,164.3888,164.1434,6466638
2022-12-05,IWM,139.8952,140.5384,7485253
2022-12-05,QQQ,68.0564,67.9005,2747272
2022-12-05,SPY,48.6638,48.8431,2183957
2022-12-05,TLT,212.7131,213.3155,5040006
2022-12-05,VNQ,31.2328,31.3107,8256872
2022-12-06,GLD,164.1342,163.5197,7964747
2022-12-06,IWM,140.4089,139.7378,3005633
2022-12-06,QQQ,68.0902,69.2003,8197012
2022-12-06,SPY,48.8125,49.414,2620332
2022-12-06,TLT,213.7156,216.1436,1095024
2022-12-06,VNQ,31.4747,30.7894,4802207
2022-12-07,GLD,163.4898,166.4348,2857967
2022-12-07,IWM,139.8312,139.3985,2598794
2022-12-07,QQQ,69.5673,67.0059,4686758
2022-12-07,SPY,49.5814,50.2365,8155175
2022-12-07,TLT,216.269,215.3294,2712175
2022-12-07,VNQ,30.7614,31.0971,1924303
2022-12-08,GLD,166.2492,164.9511,4643280
2022-12-08,IWM,139.3587,136.7804,3844770
2022-12-08,QQQ,66.9441,65.8045,1228015
2022-12-08,SPY,50.295,50.3384,2978725
2022-12-08,TLT,215.1863,213.8978,1495084
2022-12-08,VNQ,31.1702,31.0115,8144430
2022-12-09,GLD,164.6679,164.6909,6335451
2022-12-09,IWM,137.5304,135.9958,2625801
2022-12-09,QQQ,65.5671,65.3951,4378042
2022-12-09,SPY,50.3488,49.5567,1905397
2022-12-09,TLT,213.2147,213.841,5339944
2022-12-09,VNQ,30.8966,30.7687,4063921
2022-12-12,GLD,164.4596,163.4877,3951053
2022-12-12,IWM,136.217,135.3507,3977472
2022-12-12,QQQ,65.3086,64.4838,7562170
2022-12-12,SPY,49.527,48.9473,6924185
2022-12-12,TLT,213.5358,216.1517,2313254
2022-12-12,VNQ,30.9346,30.7562,2800317
2022-12-13,GLD,162.988,163.285,7663152
2022-12-13,IWM,135.9926,135.1869,6444460
2022-12-13,QQQ,64.663,64.8326,2010006
2022-12-13,SPY,48.9639,48.2117,1421402
2022-12-13,TLT,215.5596,213.3791,6746455
2022-12-13,VNQ,30.6401,31.3071,2767700
2022-12-14,GLD,163.3792,163.219,6234799
2022-12-14,IWM,134.8582,135.4093,2889478
2022-12-14,QQQ,65.0486,65.0185,4774155
2022-12-14,SPY,48.0827,49.0528,8353781
2022-12-14,TLT,213.274,213.1876,4921984
2022-12-14,VNQ,31.236,30.9451,5144502
2022-12-15,GLD,163.1505,164.9114,4698412
2022-12-15,IWM,134.9531,132.5416,7962771
2022-12-15,QQQ,65.2831,65.3471,3174037
2022-12-15,SPY,49.1416,48.6217,6737022
2022-12-15,TLT,213.0441,215.7991,1873913
2022-12-15,VNQ,30.9249,31.2615,4652168
2022-12-16,GLD,165.3067,162.7077,4177839
2022-12-16,IWM,132.5903,134.2,3832540
2022-12-16,QQQ,65.3648,64.5851,8316720
2022-12-16,SPY,48.5288,49.2795,944561
2022-12-16,TLT,215.7585,215.8592,6250933
2022-12-16,VNQ,31.2407,31.3208,5466068
2022-12-19,GLD,162.0112,162.6636,7028068
2022-12-19,IWM,134.0017,138.7276,1709499
2022-12-19,QQQ,64.7226,63.85,1425272
2022-12-19,SPY,49.3501,49.6016,8492152
2022-12-19,TLT,215.5603,215.4336,2437669
2022-12-19,VNQ,31.2238,31.1171,3594536
2022-12-20,GLD,163.1129,165.1545,8317063
2022-12-20,IWM,138.6709,138.9178,2420019
2022-12-20,QQQ,64.0903,63.3225,6575097
2022-12-20,SPY,49.6188,50.5333,4842873
2022-12-20,TLT,215.3123,217.1805,1370560
2022-12-20,VNQ,31.0901,31.7436,4341351
2022-12-21,GLD,165.1248,164.3478,1489313
2022-12-21,IWM,138.6845,135.1653,8352740
2022-12-21,QQQ,63.6016,64.8605,4486753
2022-12-21,SPY,50.6816,51.0912,6780906
2022-12-21,TLT,217.6213,214.9747,5090980
2022-12-21,VNQ,31.8763,31.6161,4126098
2022-12-22,GLD,164.2829,164.0589,2342204
2022-12-22,IWM,135.2768,136.8446,3676156
2022-12-22,QQQ,64.7426,64.6674,3981181
2022-12-22,SPY,51.0889,51.0472,5448144
2022-12-22,TLT,214.7513,219.0206,7628114
2022-12-22,VNQ,31.6437,31.6926,5657312
2022-12-23,GLD,163.7452,162.6758,2888617
2022-12-23,IWM,136.8578,136.9788,8404939
2022-12-23,QQQ,64.4774,65.6507,2605074
2022-12-23,SPY,51.1872,50.9498,1771006
2022-12-23,TLT,219.4536,220.0501,6103018
2022-12-23,VNQ,31.8226,31.511,3298558
2022-12-26,GLD,162.3603,158.6866,2350423
2022-12-26,IWM,136.3384,136.6962,7148721
2022-12-26,QQQ,65.2696,64.9152,1644274
2022-12-26,SPY,50.8242,51.008,5611991
2022-12-26,TLT,220.4365,219.3977,3257226
2022-12-26,VNQ,31.6297,31.0037,7940975
2022-12-27,GLD,158.1258,158.5154,1559390
2022-12-27,IWM,136.8182,137.1329,7355000
2022-12-27,QQQ,64.6224,63.6012,8011742
2022-12-27,SPY,51.0913,51.1155,3999801
2022-12-27,TLT,219.7733,219.6441,7350512
2022-12-27,VNQ,31.0151,31.1401,5760103
2022-12-28,GLD,158.8507,160.2713,3961425
2022-12-28,IWM,136.6128,137.2951,6098690
2022-12-28,QQQ,63.602,63.7787,6505697
2022-12-28,SPY,51.0848,50.8372,6588476
2022-12-28,TLT,218.8006,219.594,2767199
2022-12-28,VNQ,31.1835,30.7324,1749037
2022-12-29,GLD,160.1886,159.5491,4649739
2022-12-29,IWM,137.5384,137.0113,3984694
2022-12-29,QQQ,63.7118,64.7625,3793544
2022-12-29,SPY,50.8636,50.8307,4852198
2022-12-29,TLT,219.982,219.0997,7001542
2022-12-29,VNQ,30.7601,31.4321,6205342
2022-12-30,GLD,159.818,156.7739,4842012
2022-12-30,IWM,137.7858,138.2642,7719572
2022-12-30,QQQ,64.8169,63.189,2765318
2022-12-30,SPY,50.8405,51.7257,5123227
2022-12-30,TLT,219.1653,216.8009,5666881
2022-12-30,VNQ,31.3546,32.0632,1470649
2023-01-02,GLD,157.079,157.1531,3781616
2023-01-02,IWM,138.856,138.9247,8153383
2023-01-02,QQQ,63.3357,62.7088,3023506
2023-01-02,SPY,51.8555,50.8024,7730395
2023-01-02,TLT,217.0148,216.3821,4918581
2023-01-02,VNQ,32.0832,31.8438,6152985
2023-01-03,GLD,156.9661,157.2164,4461277
2023-01-03,IWM,138.6904,138.564,7630657
2023-01-03,QQQ,62.4366,63.3892,7275196
2023-01-03,SPY,50.5285,50.9949,3607960
2023-01-03,TLT,216.2573,213.0586,3867264
2023-01-03,VNQ,31.91,31.6421,4311388
2023-01-04,GLD,157.1264,158.6546,4568542
2023-01-04,IWM,137.6088,140.2648,3541323
2023-01-04,QQQ,63.4805,63.2137,4912147
2023-01-04,SPY,51.0391,50.5532,6625367
2023-01-04,TLT,212.9294,215.6016,5823165
2023-01-04,VNQ,31.6136,31.344,2430977
2023-01-05,GLD,158.5238,159.9696,6272591
2023-01-05,IWM,141.3571,143.1377,3869810
2023-01-05,QQQ,63.3277,63.0011,2346531
2023-01-05,SPY,50.3513,50.7057,2180691
2023-01-05,TLT,215.0743,213.3914,6444598
2023-01-05,VNQ,31.3688,32.0659,5368697
2023-01-06,GLD,160.3567,159.5056,2654061
2023-01-06,IWM,143.408,146.1359,1163983
2023-01-06,QQQ,63.2013,63.8087,8412493
2023-01-06,SPY,50.8698,51.2153,1356175
2023-01-06,TLT,212.8174,211.9317,5756168
2023-01-06,VNQ,31.9534,31.6205,3909442
2023-01-09,GLD,159.5537,160.0527,6033948
2023-01-09,IWM,145.7228,144.3694,2915603
2023-01-09,QQQ,63.2473,64.034,7721922
2023-01-09,SPY,50.9455,51.2351,5886754
2023-01-09,TLT,212.0631,210.3627,1915989
2023-01-09,VNQ,31.7351,31.2093,7597595
2023-01-10,GLD,160.1151,157.2982,1164389
2023-01-10,IWM,143.4404,144.8118,5881351
2023-01-10,QQQ,64.2598,64.2766,1939724
2023-01-10,SPY,51.0976,51.7128,4343100
2023-01-10,TLT,209.9395,211.6184,3113176
2023-01-10,VNQ,31.1709,30.8652,1322973
2023-01-11,GLD,157.565,158.9053,5277861
2023-01-11,IWM,144.7568,146.4408,6607827
2023-01-11,QQQ,64.2078,63.857,3812074
2023-01-11,SPY,51.4816,50.8906,5126907
2023-01-11,TLT,211.3793,211.1539,943122
2023-01-11,VNQ,30.7447,30.5505,6467637
2023-01-12,GLD,158.8756,159.127,6672374
2023-01-12,IWM,146.8517,147.1168,7993462
2023-01-12,QQQ,63.3018,64.1875,7969816
2023-01-12,SPY,51.1145,51.5489,6817691
2023-01-12,TLT,211.571,213.7516,3734429
2023-01-12,VNQ,30.6407,31.1538,6354212
2023-01-13,GLD,159.8961,160.7086,4295920
2023-01-13,IWM,147.2693,147.1978,3038292
2023-01-13,QQQ,63.9286,63.7623,6676383
2023-01-13,SPY,51.3713,51.2679,5929806
2023-01-13,TLT,214.3555,212.7899,7685540
2023-01-13,VNQ,31.2424,31.0372,5264138
2023-01-16,GLD,160.3556,162.2709,8028381
2023-01-16,IWM,147.5464,150.0297,5828754
2023-01-16,QQQ,64.0156,65.2082,7357665
2023-01-16,SPY,51.2836,51.662,5028019
2023-01-16,TLT,212.719,212.9711,6272671
2023-01-16,VNQ,31.0571,31.1419,5111529
2023-01-17,GLD,162.7513,161.771,953764
2023-01-17,IWM,150.8949,151.1287,2696975
2023-01-17,QQQ,65.2693,62.2973,6654927
2023-01-17,SPY,51.5879,51.8143,7701101
2023-01-17,TLT,212.0375,212.7462,1051462
2023-01-17,VNQ,31.1993,31.1007,7837118
2023-01-18,GLD,162.3078,161.4826,2352117
2023-01-18,IWM,150.5192,152.5076,7893756
2023-01-18,QQQ,62.3454,62.4655,4938036
2023-01-18,SPY,51.5652,50.449,5967422
2023-01-18,TLT,212.894,212.0062,3967102
2023-01-18,VNQ,31.1626,31.0663,5733082
2023-01-19,GLD,161.0467,160.0932,6869105
2023-01-19,IWM,152.1823,149.5902,6637043
2023-01-19,QQQ,62.6713,63.221,6253339
2023-01-19,SPY,50.4035,50.0915,8353237
2023-01-19,TLT,212.4381,214.0033,1368206
2023-01-19,VNQ,31.0706,31.8878,6539182
2023-01-20,GLD,160.4192,156.9384,6512265
2023-01-20,IWM,149.583,146.8917,3366251
2023-01-20,QQQ,63.5446,62.3823,4894075
2023-01-20,SPY,50.1805,50.2592,8252295
2023-01-20,TLT,214.0388,216.2338,5778836
2023-01-20,VNQ,31.917,32.6535,2375507
2023-01-23,GLD,157.042,156.6833,4251364
2023-01-23,IWM,147.1399,146.1816,3318940
2023-01-23,QQQ,62.351,63.0084,4041345
2023-01-23,SPY,50.2345,51.1527,7831911
2023-01-23,TLT,216.0653,218.6475,1136275
2023-01-23,VNQ,32.6617,32.905,3802639
2023-01-24,GLD,157.0055,156.851,3569394
2023-01-24,IWM,146.1169,146.91,3478570
2023-01-24,QQQ,62.5896,62.3945,8376876
2023-01-24,SPY,51.2818,51.3605,8337706
2023-01-24,TLT,218.1203,215.8854,1224330
2023-01-24,VNQ,33.078,32.6677,4481920
2023-01-25,GLD,156.4061,155.1902,2645726
2023-01-25,IWM,147.0495,149.2332,7091351
2023-01-25,QQQ,62.3751,63.1179,2681732
2023-01-25,SPY,51.3107,51.5526,2109991
2023-01-25,TLT,215.9766,216.4415,1561566
2023-01-25,VNQ,32.6554,33.6726,5263105
2023-01-26,GLD,155.2793,156.1771,6535601
2023-01-26,IWM,149.4274,147.9091,6806421
2023-01-26,QQQ,63.4062,64.7791,3183237
2023-01-26,SPY,51.5536,50.828,7260373
2023-01-26,TLT,217.7629,214.1961,7251758
2023-01-26,VNQ,33.4869,33.7529,6213345
2023-01-27,GLD,155.8158,156.2616,6059535
2023-01-27,IWM,148.302,151.6904,7876894
2023-01-27,QQQ,64.5707,64.6109,1974353
2023-01-27,SPY,50.7757,51.6631,8095420
2023-01-27,TLT,214.5108,211.9193,6145192
2023-01-27,VNQ,33.7332,33.3967,1955942
2023-01-30,GLD,156.1392,156.8714,5471817
2023-01-30,IWM,151.0904,152.4481,7132809
2023-01-30,QQQ,64.5448,66.8851,6680019
2023-01-30,SPY,51.7106,52.7236,5246632
2023-01-30,TLT,211.7862,208.463,2905688
2023-01-30,VNQ,33.595,33.0843,7764184
2023-01-31,GLD,157.3984,155.6733,4949250
2023-01-31,IWM,151.9102,151.7792,2971560
2023-01-31,QQQ,66.6236,66.9249,6448976
2023-01-31,SPY,52.9923,52.7907,2417039
2023-01-31,TLT,208.0666,206.6232,1302738
2023-01-31,VNQ,33.0037,33.1371,3046942
2023-02-01,GLD,155.6237,153.0386,6642637
2023-02-01,IWM,151.3515,153.9076,6543266
2023-02-01,QQQ,66.9835,64.58,2515097
2023-02-01,SPY,52.8419,52.7173,3237611
2023-02-01,TLT,206.8442,207.6073,4893832
2023-02-01,VNQ,33.0084,33.4671,960912
2023-02-02,GLD,152.2266,154.1063,5617779
2023-02-02,IWM,153.4478,157.5089,8075529
2023-02-02,QQQ,64.1464,64.2406,5030314
2023-02-02,SPY,52.7448,51.861,7038652
2023-02-02,TLT,207.0054,210.0653,7375947
2023-02-02,VNQ,33.4453,32.338,7363819
2023-02-03,GLD,153.5978,154.9364,8425536
2023-02-03,IWM,158.6452,158.0489,4552046
2023-02-03,QQQ,64.4202,64.421,7343803
2023-02-03,SPY,51.7752,52.4041,2113636
2023-02-03,TLT,209.8506,213.1965,5882435
2023-02-03,VNQ,32.538,32.5249,1977525
2023-02-06,GLD,154.5197,154.7134,1136660
2023-02-06,IWM,157.852,158.5371,3901415
2023-02-06,QQQ,64.5783,64.6935,3476456
2023-02-06,SPY,52.2982,53.9943,4113102
2023-02-06,TLT,213.1028,211.384,6127872
2023-02-06,VNQ,32.4155,32.5283,5290403
2023-02-07,GLD,155.085,154.0365,3043538
2023-02-07,IWM,158.8468,159.5638,2806803
2023-02-07,QQQ,65.103,64.7278,5732662
2023-02-07,SPY,54.2064,54.4625,2172877
2023-02-07,TLT,211.2822,210.1119,2505445
2023-02-07,VNQ,32.538,32.7778,5535882
2023-02-08,GLD,153.7828,153.5712,2888738
2023-02-08,IWM,159.3578,161.7519,7574496
2023-02-08,QQQ,64.8133,65.1523,5134069
2023-02-08,SPY,54.3006,55.2571,8469107
2023-02-08,TLT,210.3266,210.4347,7038191
2023-02-08,VNQ,32.5453,32.4483,1555427
2023-02-09,GLD,153.0074,153.3098,7584105
2023-02-09,IWM,161.6357,161.6209,7494587
2023-02-09,QQQ,65.0362,65.0115,3407004
2023-02-09,SPY,55.1222,55.6316,5767781
2023-02-09,TLT,210.4369,210.5951,7681442
2023-02-09,VNQ,32.4422,32.8857,7962564
2023-02-10,GLD,153.7148,152.5116,3580464
2023-02-10,IWM,161.865,161.9215,7899247
2023-02-10,QQQ,64.9859,66.3805,7231872
2023-02-10,SPY,55.6171,55.1001,1063643
2023-02-10,TLT,210.0643,210.8862,4716025
2023-02-10,VNQ,32.783,32.7187,4768463
2023-02-13,GLD,152.6019,149.579,2461906
2023-02-13,IWM,162.7225,162.6964,2867098
2023-02-13,QQQ,66.4966,66.7526,6435508
2023-02-13,SPY,55.0372,55.9473,6774124
2023-02-13,TLT,209.9391,207.5351,8096526
2023-02-13,VNQ,32.8706,33.2193,3799730
2023-02-14,GLD,149.7,150.6289,5744653
2023-02-14,IWM,163.0103,162.7365,3918444
2023-02-14,QQQ,66.7827,66.6579,5491677
2023-02-14,SPY,56.2411,55.2646,2350035
2023-02-14,TLT,207.6089,207.0735,6477940
2023-02-14,VNQ,33.0542,34.2463,8498971
2023-02-15,GLD,150.3449,148.4542,6942519
2023-02-15,IWM,162.2969,163.96,1837849
2023-02-15,QQQ,67.1881,68.5779,1387986
2023-02-15,SPY,54.9156,55.192,7426078
2023-02-15,TLT,205.8788,208.0257,6610460
2023-02-15,VNQ,34.202,34.391,1872207
2023-02-16,GLD,148.9557,147.9259,6216407
2023-02-16,IWM,162.9201,162.6789,4181605
2023-02-16,QQQ,69.095,67.3086,4803482
2023-02-16,SPY,55.2454,55.409,5245991
2023-02-16,TLT,207.3997,208.3958,4106953
2023-02-16,VNQ,34.2903,34.5822,5715711
2023-02-17,GLD,147.883,147.4356,2099705
2023-02-17,IWM,162.7295,158.4946,2287765
2023-02-17,QQQ,67.1896,65.4585,5698379
2023-02-17,SPY,55.5149,55.9878,7846728
2023-02-17,TLT,209.3541,208.0595,5690689
2023-02-17,VNQ,34.7126,34.7524,2495213
2023-02-20,GLD,146.7498,147.7375,5583360
2023-02-20,IWM,158.0308,157.6358,3412987
2023-02-20,QQQ,65.4863,64.8207,975687
2023-02-20,SPY,55.8201,56.2904,1929882
2023-02-20,TLT,207.7328,206.615,6397022
2023-02-20,VNQ,34.9228,34.0508,2810301
2023-02-21,GLD,147.3409,145.4407,2424392
2023-02-21,IWM,157.2953,157.1061,8114265
2023-02-21,QQQ,64.4664,62.4018,8270835
2023-02-21,SPY,56.1933,56.5768,3087745
2023-02-21,TLT,207.2793,206.3275,3278546
2023-02-21,VNQ,34.0009,34.2844,5098422
2023-02-22,GLD,145.1515,147.047,3429869
2023-02-22,IWM,156.966,161.7568,5245944
2023-02-22,QQQ,62.4453,62.9138,5673854
2023-02-22,SPY,56.6424,56.1696,2283354
2023-02-22,TLT,206.0471,209.1415,3551906
2023-02-22,VNQ,34.306,33.6713,7982639
2023-02-23,GLD,146.991,147.8988,4168158
2023-02-23,IWM,161.4025,164.5688,8276692
2023-02-23,QQQ,63.1491,62.6599,3339606
2023-02-23,SPY,56.4152,55.4508,3441999
2023-02-23,TLT,209.3131,209.9503,6923271
2023-02-23,VNQ,33.6684,32.6401,4364644
2023-02-24,GLD,148.1661,148.9167,5252373
2023-02-24,IWM,164.3429,165.8076,3189829
2023-02-24,QQQ,62.5355,64.7233,6080531
2023-02-24,SPY,55.3143,55.5388,7501477
2023-02-24,TLT,210.278,211.7882,4765178
2023-02-24,VNQ,32.699,32.6469,5444327
2023-02-27,GLD,148.6612,150.6486,2475316
2023-02-27,IWM,165.4301,164.949,7955834
2023-02-27,QQQ,64.2045,63.8495,5550359
2023-02-27,SPY,55.3044,55.169,2391337
2023-02-27,TLT,212.3328,214.7882,7888351
2023-02-27,VNQ,32.5522,32.953,6299748
2023-02-28,GLD,150.4349,149.4556,2632104
2023-02-28,IWM,164.7951,162.4698,8413740
2023-02-28,QQQ,64.0689,62.7422,3294368
2023-02-28,SPY,55.3128,54.4519,7482141
2023-02-28,TLT,214.665,212.6104,4776871
2023-02-28,VNQ,32.7329,32.6293,8413614
2023-03-01,GLD,150.2358,145.0342,7035056
2023-03-01,IWM,162.6212,161.2051,2184458
2023-03-01,QQQ,62.4835,63.4237,4408307
2023-03-01,SPY,54.6745,53.7682,5033815
2023-03-01,TLT,212.0831,213.7427,4079162
2023-03-01,VNQ,32.5996,31.9773,6495845
2023-03-02,GLD,145.0625,145.4331,2777043
2023-03-02,IWM,160.0972,162.6288,4185152
2023-03-02,QQQ,63.7196,64.0694,7313951
2023-03-02,SPY,53.72,53.5359,960666
2023-03-02,TLT,213.7425,214.4838,1148723
2023-03-02,VNQ,31.9135,32.5539,7278970
2023-03-03,GLD,145.2516,147.1903,1185043
2023-03-03,IWM,161.5713,162.5576,4407609
2023-03-03,QQQ,63.5871,64.7529,3096744
2023-03-03,SPY,53.2195,52.5324,8094423
2023-03-03,TLT,213.7745,216.8725,3292730
2023-03-03,VNQ,32.4849,31.9241,4313627
2023-03-06,GLD,147.2017,148.7586,5079062
2023-03-06,IWM,163.3071,160.3964,1598951
2023-03-06,QQQ,64.9001,64.2197,8154405
2023-03-06,SPY,52.737,51.8272,3464942
2023-03-06,TLT,216.1684,216.2718,4617044
2023-03-06,VNQ,31.8576,32.38,1908551
2023-03-07,GLD,148.3192,147.9516,3529454
2023-03-07,IWM,161.0781,161.0721,4661134
2023-03-07,QQQ,64.6055,63.686,6177384
2023-03-07,SPY,51.7997,50.9742,6657709
2023-03-07,TLT,216.7535,215.7133,7846212
2023-03-07,VNQ,32.2447,32.2834,8391677
2023-03-08,GLD,148.1387,147.7684,6664330
2023-03-08,IWM,160.9744,159.7418,4309267
2023-03-08,QQQ,63.7738,64.2476,1388333
2023-03-08,SPY,51.1278,51.1203,3942884
2023-03-08,TLT,215.3111,214.3186,3689149
2023-03-08,VNQ,32.3266,31.8492,5375284
2023-03-09,GLD,148.1068,148.1134,5242619
2023-03-09,IWM,160.5627,160.9922,1514899
2023-03-09,QQQ,64.1725,64.1293,2113299
2023-03-09,SPY,51.1144,51.3909,4219731
2023-03-09,TLT,214.9009,214.5101,3765875
2023-03-09,VNQ,31.8685,31.9843,5362309
2023-03-10,GLD,147.9097,145.552,5020522
2023-03-10,IWM,161.6487,165.678,6155622
2023-03-10,QQQ,64.1559,64.7235,5307039
2023-03-10,SPY,51.3393,52.5552,1585221
2023-03-10,TLT,215.0673,213.822,5538069
2023-03-10,VNQ,31.966,31.0169,6911916
2023-03-13,GLD,145.8967,144.5851,6985154
2023-03-13,IWM,166.0377,168.0147,8432330
2023-03-13,QQQ,64.2976,65.8686,6371736
2023-03-13,SPY,52.4917,51.766,2108711
2023-03-13,TLT,213.4491,213.3701,6052276
2023-03-13,VNQ,30.9795,30.7417,3660515
2023-03-14,GLD,144.4859,143.6668,1431646
2023-03-14,IWM,168.7965,162.3282,3001494
2023-03-14,QQQ,65.6605,65.6213,2050967
2023-03-14,SPY,51.9707,51.4372,5559073
2023-03-14,TLT,213.1791,213.8322,6476691
2023-03-14,VNQ,30.6838,30.7444,4548306
2023-03-15,GLD,143.7646,145.7808,8314234
2023-03-15,IWM,161.599,165.1936,7012382
2023-03-15,QQQ,65.847,66.2268,4344988
2023-03-15,SPY,51.6351,51.9893,7305254
2023-03-15,TLT,213.736,212.9481,1025839
2023-03-15,VNQ,30.6361,30.7228,6248873
2023-03-16,GLD,145.5257,144.8354,7608295
2023-03-16,IWM,164.9723,164.1602,5980766
2023-03-16,QQQ,66.5046,64.3665,6234679
2023-03-16,SPY,51.6926,51.9156,4206620
2023-03-16,TLT,213.4481,211.0408,4077464
2023-03-16,VNQ,30.7998,31.2644,6226702
2023-03-17,GLD,144.5616,146.9502,4975854
2023-03-17,IWM,163.1394,165.033,7494355
2023-03-17,QQQ,64.1201,65.9762,3265766
2023-03-17,SPY,51.7856,51.7807,7711292
2023-03-17,TLT,211.073,210.107,5689888
2023-03-17,VNQ,31.3911,30.8615,4319621
2023-03-20,GLD,146.4307,146.9187,7213493
2023-03-20,IWM,164.8322,166.0616,2551821
2023-03-20,QQQ,65.7587,67.5611,7772671
2023-03-20,SPY,52.0276,52.7846,7749966
2023-03-20,TLT,210.6885,208.918,6919064
2023-03-20,VNQ,30.7668,31.0814,7062514
2023-03-21,GLD,146.995,144.5606,2363381
2023-03-21,IWM,165.9724,166.8593,4851442
2023-03-21,QQQ,67.805,67.7915,7645084
2023-03-21,SPY,52.7327,52.6408,6737320
2023-03-21,TLT,208.9465,209.5281,3821718
2023-03-21,VNQ,31.0189,31.0192,3776704
2023-03-22,GLD,144.4636,147.5726,2992558
2023-03-22,IWM,167.2808,162.8453,5565498
2023-03-22,QQQ,67.4026,67.6312,4185914
2023-03-22,SPY,52.4494,52.0397,6875590
2023-03-22,TLT,210.1004,211.6625,3016448
2023-03-22,VNQ,30.8663,31.3243,8448763
2023-03-23,GLD,147.4843,146.1756,2640044
2023-03-23,IWM,163.075,166.056,2593589
2023-03-23,QQQ,67.941,67.8543,5437295
2023-03-23,SPY,52.0403,51.3568,3120290
2023-03-23,TLT,211.629,210.843,1007754
2023-03-23,VNQ,31.3411,31.4886,4626174
2023-03-24,GLD,145.7863,146.985,4719194
2023-03-24,IWM,165.8628,164.0109,7275836
2023-03-24,QQQ,67.9033,68.1996,5953919
2023-03-24,SPY,51.3419,51.5878,2490027
2023-03-24,TLT,211.519,206.1588,4211313
2023-03-24,VNQ,31.6241,31.953,7331745
2023-03-27,GLD,146.58,149.3271,5542543
2023-03-27,IWM,164.5289,162.0998,5434914
2023-03-27,QQQ,68.3228,68.2242,7738180
2023-03-27,SPY,51.5743,51.8028,3865876
2023-03-27,TLT,206.6023,207.0411,4169269
2023-03-27,VNQ,31.9556,31.9148,3321735
2023-03-28,GLD,149.1042,148.528,6034751
2023-03-28,IWM,161.5613,162.8771,2800770
2023-03-28,QQQ,68.2304,67.6612,6051758
2023-03-28,SPY,51.7364,51.0929,7877360
2023-03-28,TLT,207.7253,206.7436,4668551
2023-03-28,VNQ,32.0033,32.5018,1491633
2023-03-29,GLD,148.6929,146.7654,2019377
2023-03-29,IWM,162.2601,164.7734,1664067
2023-03-29,QQQ,67.7752,68.0642,4032592
2023-03-29,SPY,51.0505,50.6015,5335101
2023-03-29,TLT,207.2636,204.8483,4029509
2023-03-29,VNQ,32.2605,32.5211,3440846
2023-03-30,GLD,146.8699,148.17,3858295
2023-03-30,IWM,164.9839,163.6436,1056139
2023-03-30,QQQ,67.7112,69.4355,3553143
2023-03-30,SPY,50.5398,50.9373,6144236
2023-03-30,TLT,204.1692,204.2104,3514354
2023-03-30,VNQ,32.2956,32.237,2100400
2023-03-31,GLD,147.9313,148.2152,7334889
2023-03-31,IWM,163.9801,160.1545,5585120
2023-03-31,QQQ,69.2596,67.5619,7177682
2023-03-31,SPY,50.9828,51.2986,7875878
2023-03-31,TLT,205.1315,207.3942,1624024
2023-03-31,VNQ,32.3753,32.2738,7937377
2023-04-03,GLD,148.3181,146.4603,4397951
2023-04-03,IWM,159.7732,161.3574,6734190
2023-04-03,QQQ,67.9396,67.154,1877311
2023-04-03,SPY,51.1871,50.9915,7141623
2023-04-03,TLT,207.534,204.4926,6182456
2023-04-03,VNQ,32.1671,32.3507,3232299
2023-04-04,GLD,147.0696,144.9259,7301258
2023-04-04,IWM,161.2723,160.9066,5156522
2023-04-04,QQQ,67.2898,66.4348,1013223
2023-04-04,SPY,50.952,51.3778,2745286
2023-04-04,TLT,203.9235,202.2167,5520126
2023-04-04,VNQ,32.2944,32.999,3599852
2023-04-05,GLD,144.9621,144.3476,2634974
2023-04-05,IWM,161.369,163.1205,5778879
2023-04-05,QQQ,66.0746,65.4035,6099986
2023-04-05,SPY,51.358,51.739,7249030
2023-04-05,TLT,202.0265,201.9158,4400594
2023-04-05,VNQ,32.9375,32.5394,2059213
2023-04-06,GLD,145.0386,145.6222,6405526
2023-04-06,IWM,163.4644,166.2811,7725226
2023-04-06,QQQ,65.6519,65.4784,1696402
2023-04-06,SPY,51.9202,50.8052,4089827
2023-04-06,TLT,201.5771,196.2553,5687421
2023-04-06,VNQ,32.7187,32.5701,942826
2023-04-07,GLD,145.7714,145.1814,1744448
2023-04-07,IWM,165.3111,163.5661,1146623
2023-04-07,QQQ,65.5408,63.4306,4575259
2023-04-07,SPY,50.856,50.6803,6653741
2023-04-07,TLT,196.5979,195.2713,5579797
2023-04-07,VNQ,32.4953,32.0775,7929401
2023-04-10,GLD,145.6387,146.0354,8281066
2023-04-10,IWM,163.2931,160.8221,1012167
2023-04-10,QQQ,63.8554,63.1131,6326604
2023-04-10,SPY,50.6654,50.9508,1357300
2023-04-10,TLT,195.1853,196.7659,7720783
2023-04-10,VNQ,31.9448,32.4787,6862117
2023-04-11,GLD,145.8531,148.2863,3653934
2023-04-11,IWM,160.0373,160.6653,5457063
2023-04-11,QQQ,63.1247,64.0098,3538100
2023-04-11,SPY,51.024,50.6836,2724430
2023-04-11,TLT,196.8337,197.5169,8127983
2023-04-11,VNQ,32.6663,32.8646,6394719
2023-04-12,GLD,148.698,150.0274,4321343
2023-04-12,IWM,160.3859,158.9003,1082057
2023-04-12,QQQ,64.0386,64.9654,6097121
2023-04-12,SPY,50.7387,49.5793,923633
2023-04-12,TLT,198.0024,197.9761,7677370
2023-04-12,VNQ,32.8638,33.1561,7677309
2023-04-13,GLD,149.6081,152.0301,911244
2023-04-13,IWM,158.7453,163.061,8007022
2023-04-13,QQQ,64.5769,65.7174,2030607
2023-04-13,SPY,49.7239,49.4725,8430601
2023-04-13,TLT,197.3764,197.1953,5978012
2023-04-13,VNQ,33.153,32.5915,6016694
2023-04-14,GLD,152.1174,153.7603,8193980
2023-04-14,IWM,163.1726,163.5687,7285912
2023-04-14,QQQ,66.0172,66.1399,1016152
2023-04-14,SPY,49.5397,49.9162,2749578
2023-04-14,TLT,196.6145,196.7218,6037883
2023-04-14,VNQ,32.4415,32.1729,5170112
2023-04-17,GLD,153.6387,151.3918,5898544
2023-04-17,IWM,164.8389,164.1093,1732631
2023-04-17,QQQ,66.0114,67.0587,5064589
2023-04-17,SPY,50.1566,50.8126,6515827
2023-04-17,TLT,196.8587,201.3409,6380159
2023-04-17,VNQ,32.2597,32.1574,6526669
2023-04-18,GLD,150.6794,153.1015,2418242
2023-04-18,IWM,163.0677,164.9582,2243811
2023-04-18,QQQ,66.8641,67.3111,1915774
2023-04-18,SPY,50.9959,49.6777,7048481
2023-04-18,TLT,200.7188,201.5603,3432331
2023-04-18,VNQ,32.2018,32.3322,6964561
2023-04-19,GLD,152.6086,153.5274,3365067
2023-04-19,IWM,163.7754,168.8204,3495580
2023-04-19,QQQ,67.2972,67.9115,5279454
2023-04-19,SPY,49.6723,51.1322,2875842
2023-04-19,TLT,201.9787,203.7721,4804870
2023-04-19,VNQ,32.3191,32.6494,2069435
2023-04-20,GLD,153.9382,153.2968,2850520
2023-04-20,IWM,167.9316,170.1619,5743475
2023-04-20,QQQ,67.5926,68.7735,3694529
2023-04-20,SPY,51.0755,50.5628,6032712
2023-04-20,TLT,203.2908,201.3319,6317282
2023-04-20,VNQ,32.583,32.4781,3245117
2023-04-21,GLD,153.4742,151.6839,2772449
2023-04-21,IWM,170.4157,172.5071,7819861
2023-04-21,QQQ,68.7692,70.4594,4739921
2023-04-21,SPY,50.6824,51.1281,4518390
2023-04-21,TLT,200.9379,201.5738,3011475
2023-04-21,VNQ,32.5541,32.562,3550601
2023-04-24,GLD,152.1484,149.3743,4938865
2023-04-24,IWM,172.4227,171.1193,8482446
2023-04-24,QQQ,70.558,71.6971,1780875
2023-04-24,SPY,51.1989,51.8534,4523327
2023-04-24,TLT,201.9544,202.0233,1499506
2023-04-24,VNQ,32.5716,32.4347,6503949
2023-04-25,GLD,149.443,147.7655,5263131
2023-04-25,IWM,171.1292,173.3099,3147107
2023-04-25,QQQ,71.6779,72.803,5077081
2023-04-25,SPY,51.8403,52.4477,2822708
2023-04-25,TLT,202.749,202.1014,7439678
2023-04-25,VNQ,32.3987,32.2568,5175671
2023-04-26,GLD,146.7553,147.6868,7648505
2023-04-26,IWM,174.0471,172.669,5592860
2023-04-26,QQQ,72.9747,71.3173,2173510
2023-04-26,SPY,52.2408,52.5775,4012925
2023-04-26,TLT,202.1133,198.0778,4202912
2023-04-26,VNQ,32.0914,32.1423,8427011
2023-04-27,GLD,147.7736,146.0077,1920331
2023-04-27,IWM,172.6002,171.6149,7722832
2023-04-27,QQQ,71.6461,71.7474,4042603
2023-04-27,SPY,52.3202,51.9726,2523839
2023-04-27,TLT,197.9102,197.1514,1245361
2023-04-27,VNQ,32.1653,31.7283,4572605
2023-04-28,GLD,145.8108,144.8375,971673
2023-04-28,IWM,170.6626,170.5062,1300062
2023-04-28,QQQ,71.8442,72.0663,4315272
2023-04-28,SPY,52.0211,52.3679,2913341
2023-04-28,TLT,196.5704,199.5072,8341882
2023-04-28,VNQ,31.9332,32.1361,7100488
2023-05-01,GLD,144.6646,143.9481,3947699
2023-05-01,IWM,170.0002,173.7779,8271468
2023-05-01,QQQ,71.7744,71.6198,5508782
2023-05-01,SPY,52.4761,52.0134,3638380
2023-05-01,TLT,199.3736,200.289,5653249
2023-05-01,VNQ,32.1298,32.7321,6050593
2023-05-02,GLD,143.7945,144.8094,7406156
2023-05-02,IWM,173.3592,173.2643,7675680
2023-05-02,QQQ,71.8188,70.6399,5755790
2023-05-02,SPY,52.1254,50.6709,6722150
2023-05-02,TLT,200.1076,198.7202,2845282
2023-05-02,VNQ,32.8029,33.0022,1675564
2023-05-03,GLD,144.5466,144.3579,7246992
2023-05-03,IWM,173.1677,174.571,4268083
2023-05-03,QQQ,71.0024,71.4683,4917072
2023-05-03,SPY,50.4966,52.2746,6272949
2023-05-03,TLT,198.2501,200.0663,6189547
2023-05-03,VNQ,33.0005,32.8405,6123602
2023-05-04,GLD,144.0301,144.1109,3734861
2023-05-04,IWM,174.0071,175.1248,5253186
2023-05-04,QQQ,71.7569,71.682,7338280
2023-05-04,SPY,52.42,52.7181,4606712
2023-05-04,TLT,199.866,196.5914,5306394
2023-05-04,VNQ,32.826,33.4814,4033840
2023-05-05,GLD,144.5333,145.8794,3852697
2023-05-05,IWM,174.214,176.7193,7611470
2023-05-05,QQQ,71.6075,71.477,4294943
2023-05-05,SPY,52.6428,53.8011,3470423
2023-05-05,TLT,196.9777,197.4137,1357333
2023-05-05,VNQ,33.5537,33.1037,4133920
2023-05-08,GLD,146.0323,145.3886,7459898
2023-05-08,IWM,175.7212,175.5233,7436498
2023-05-08,QQQ,71.6148,70.4194,6651604
2023-05-08,SPY,53.8571,53.3244,1432197
2023-05-08,TLT,197.4741,197.824,1998212
2023-05-08,VNQ,33.0452,33.6103,6968366
2023-05-09,GLD,145.1631,146.1652,1325026
2023-05-09,IWM,174.7685,172.4593,1920597
2023-05-09,QQQ,70.896,69.736,5576634
2023-05-09,SPY,53.384,54.2159,3122635
2023-05-09,TLT,196.7303,196.5628,8404772
2023-05-09,VNQ,33.5289,34.0489,2725264
2023-05-10,GLD,146.0182,144.6636,7415490
2023-05-10,IWM,172.6581,171.9166,3942237
2023-05-10,QQQ,69.7185,69.2928,5285580
2023-05-10,SPY,54.0995,55.1945,5666572
2023-05-10,TLT,197.2786,194.6107,2029881
2023-05-10,VNQ,33.9117,34.6025,5734816
2023-05-11,GLD,144.9955,145.0655,2153846
2023-05-11,IWM,171.2003,172.4315,911098
2023-05-11,QQQ,69.2267,69.7171,8489529
2023-05-11,SPY,55.1072,56.1695,7545909
2023-05-11,TLT,195.0948,191.5875,3617902
2023-05-11,VNQ,34.6628,33.8797,8484801
2023-05-12,GLD,145.1947,145.1806,7641703
2023-05-12,IWM,171.4913,170.5692,1322126
2023-05-12,QQQ,69.399,71.5672,6299656
2023-05-12,SPY,55.8586,56.2052,8447929
2023-05-12,TLT,191.0681,191.023,5073840
2023-05-12,VNQ,34.0503,34.056,5914142
2023-05-15,GLD,145.2461,145.3725,3702325
2023-05-15,IWM,171.544,170.7359,1455111
2023-05-15,QQQ,71.5246,71.8787,2401840
2023-05-15,SPY,56.0674,55.5339,7140513
2023-05-15,TLT,191.5506,193.7722,2178553
2023-05-15,VNQ,33.8953,33.8675,7995556
2023-05-16,GLD,144.9504,144.6846,5184888
2023-05-16,IWM,170.5651,172.6393,4297638
2023-05-16,QQQ,72.2282,69.8391,2116257
2023-05-16,SPY,55.2666,55.4764,1453363
2023-05-16,TLT,193.2751,195.0596,6377903
2023-05-16,VNQ,33.851,34.2324,8318860
2023-05-17,GLD,144.5345,143.2342,7001435
2023-05-17,IWM,172.2863,167.9355,5439668
2023-05-17,QQQ,69.6571,70.3786,2714944
2023-05-17,SPY,55.5414,54.2298,6039760
2023-05-17,TLT,195.3098,195.572,3252091
2023-05-17,VNQ,34.1597,34.3414,3464889
2023-05-18,GLD,142.8488,142.7813,1814549
2023-05-18,IWM,168.3975,171.8472,5091992
2023-05-18,QQQ,69.8262,70.9546,8347897
2023-05-18,SPY,54.2387,53.2962,8477865
2023-05-18,TLT,195.6524,196.9776,6188759
2023-05-18,VNQ,34.3204,33.466,6388321
2023-05-19,GLD,142.1343,142.1034,5650114
2023-05-19,IWM,173.1743,174.5986,6254724
2023-05-19,QQQ,70.674,69.9497,5251012
2023-05-19,SPY,53.4268,53.3947,1701199
2023-05-19,TLT,196.5777,195.7563,5805840
2023-05-19,VNQ,33.4694,33.7724,1015946
2023-05-22,GLD,142.4019,143.4495,3191321
2023-05-22,IWM,173.6456,175.6329,2962248
2023-05-22,QQQ,70.0669,68.6355,7578189
2023-05-22,SPY,53.4457,52.8764,1656213
2023-05-22,TLT,195.9227,196.4728,1350367
2023-05-22,VNQ,33.7703,34.584,5330579
2023-05-23,GLD,143.3362,144.6365,4249094
2023-05-23,IWM,176.4027,178.9316,5412301
2023-05-23,QQQ,68.2867,68.7099,4727529
2023-05-23,SPY,52.7866,52.8289,7895005
2023-05-23,TLT,196.5487,191.2919,5883336
2023-05-23,VNQ,34.6346,34.8271,8207199
2023-05-24,GLD,144.4935,142.9548,3592578
2023-05-24,IWM,178.9146,174.0746,1226639
2023-05-24,QQQ,68.5823,69.5506,4321574
2023-05-24,SPY,52.8779,52.8127,3238591
2023-05-24,TLT,191.3896,190.2712,7181217
2023-05-24,VNQ,34.8412,35.2002,5804449
2023-05-25,GLD,142.6285,143.7562,2657969
2023-05-25,IWM,173.5078,174.7954,4544142
2023-05-25,QQQ,69.9233,70.0422,2589792
2023-05-25,SPY,52.7576,53.9625,8277204
2023-05-25,TLT,189.7509,189.2687,8042145
2023-05-25,VNQ,35.2552,35.3149,2575604
2023-05-26,GLD,144.011,143.0579,5839994
2023-05-26,IWM,174.9171,176.0836,5989933
2023-05-26,QQQ,70.0479,71.7621,6938421
2023-05-26,SPY,54.0506,54.7649,8321203
2023-05-26,TLT,189.5994,188.9551,2765351
2023-05-26,VNQ,35.1882,35.5917,6515361
2023-05-29,GLD,143.7643,143.6312,4361986
2023-05-29,IWM,175.4152,177.6458,2052123
2023-05-29,QQQ,72.3076,71.6635,2420514
2023-05-29,SPY,54.8111,54.7858,4610233
2023-05-29,TLT,188.8698,188.4666,1617279
2023-05-29,VNQ,35.6965,35.4007,7694227
2023-05-30,GLD,143.8272,142.931,3479361
2023-05-30,IWM,176.6372,179.1166,4440748
2023-05-30,QQQ,71.7801,71.7169,6891015
2023-05-30,SPY,54.6409,55.5475,8288051
2023-05-30,TLT,189.0488,189.2415,5216771
2023-05-30,VNQ,35.3431,36.1967,2236171
2023-05-31,GLD,143.2426,140.9097,1393898
2023-05-31,IWM,179.0222,184.2519,4994451
2023-05-31,QQQ,71.9267,70.8167,6776259
2023-05-31,SPY,55.5478,55.1332,4861100
2023-05-31,TLT,189.6127,187.999,2532385
2023-05-31,VNQ,36.1749,37.3274,6872028
2023-06-01,GLD,140.4932,142.2216,4628914
2023-06-01,IWM,185.1616,186.4543,5590138
2023-06-01,QQQ,70.5031,71.8991,4082776
2023-06-01,SPY,55.1413,54.982,2303237
2023-06-01,TLT,188.3009,189.3276,7574248
2023-06-01,VNQ,37.3338,37.0497,7273006
2023-06-02,GLD,142.278,142.7828,5571977
2023-06-02,IWM,185.8952,185.1363,3727105
2023-06-02,QQQ,71.9291,72.1538,1297715
2023-06-02,SPY,54.9367,55.5685,5450348
2023-06-02,TLT,188.8998,188.7008,4299859
2023-06-02,VNQ,37.0053,37.3428,4862926
2023-06-05,GLD,142.8538,141.0913,3645181
2023-06-05,IWM,184.1156,181.6142,1223891
2023-06-05,QQQ,71.8179,72.7872,6183339
2023-06-05,SPY,55.7018,54.8819,6374417
2023-06-05,TLT,189.5428,189.9441,8352506
2023-06-05,VNQ,37.3239,37.2264,3133296
2023-06-06,GLD,141.5862,138.5457,5008642
2023-06-06,IWM,180.8279,179.409,7892322
2023-06-06,QQQ,72.3256,70.3575,5266965
2023-06-06,SPY,55.1342,54.7655,5327119
2023-06-06,TLT,190.117,189.9224,1177350
2023-06-06,VNQ,37.317,38.0697,4941510
2023-06-07,GLD,138.5461,137.802,5619622
2023-06-07,IWM,180.165,178.7415,2479096
2023-06-07,QQQ,70.8379,68.504,5192074
2023-06-07,SPY,54.7116,54.0429,5556133
2023-06-07,TLT,189.935,191.1312,1805616
2023-06-07,VNQ,38.1913,38.2628,1858592
2023-06-08,GLD,137.4924,136.2261,4965216
2023-06-08,IWM,178.7552,179.6011,6916299
2023-06-08,QQQ,68.3149,68.892,4199858
2023-06-08,SPY,53.9922,54.1578,3535369
2023-06-08,TLT,190.9156,191.6885,7933356
2023-06-08,VNQ,38.3172,38.7572,5905857
2023-06-09,GLD,136.2021,135.7132,2061492
2023-06-09,IWM,180.6829,179.8688,2216307
2023-06-09,QQQ,68.5719,69.5323,6569651
2023-06-09,SPY,53.8328,55.1606,3925051
2023-06-09,TLT,191.6995,190.4489,2385073
2023-06-09,VNQ,38.8173,38.7498,2345298
2023-06-12,GLD,135.5712,136.4655,1188781
2023-06-12,IWM,179.5428,180.8223,1793811
2023-06-12,QQQ,69.6954,69.0905,8460751
2023-06-12,SPY,55.1416,54.7655,1405011
2023-06-12,TLT,190.9299,190.5363,7776828
2023-06-12,VNQ,38.5822,39.3803,2539099
2023-06-13,GLD,136.9296,138.3271,3855923
2023-06-13,IWM,180.6751,179.6173,2015969
2023-06-13,QQQ,68.7735,68.7671,4520278
2023-06-13,SPY,54.7016,54.9457,6855916
2023-06-13,TLT,189.7095,188.1337,6456234
2023-06-13,VNQ,39.408,39.8639,2065913
2023-06-14,GLD,138.5416,137.8158,6333907
2023-06-14,IWM,178.6268,178.8637,7131587
2023-06-14,QQQ,68.763,69.5165,4440690
2023-06-14,SPY,54.6287,54.4674,7942568
2023-06-14,TLT,188.3509,187.9891,4077377
2023-06-14,VNQ,39.6289,40.1383,6041116
2023-06-15,GLD,137.9239,139.5749,7578681
2023-06-15,IWM,179.3992,180.1562,8130673
2023-06-15,QQQ,69.2855,68.6579,7635361
2023-06-15,SPY,54.5095,53.8477,5723094
2023-06-15,TLT,187.4938,188.3904,4116918
2023-06-15,VNQ,39.9369,40.5239,7683340
2023-06-16,GLD,139.631,141.0723,6160512
2023-06-16,IWM,180.5388,179.8146,4291667
2023-06-16,QQQ,68.8886,68.6624,6641186
2023-06-16,SPY,53.933,53.1859,3607277
2023-06-16,TLT,188.0391,187.704,7662956
2023-06-16,VNQ,40.3766,39.8869,7052299
2023-06-19,GLD,141.3507,140.4481,3072040
2023-06-19,IWM,180.861,178.3399,3631981
2023-06-19,QQQ,68.3693,67.666,6131013
2023-06-19,SPY,53.0815,54.0679,2610848
2023-06-19,TLT,187.9132,187.2026,5753459
2023-06-19,VNQ,40.2488,40.418,7033790
2023-06-20,GLD,140.2821,138.2076,7597009
2023-06-20,IWM,178.6279,177.4045,4256855
2023-06-20,QQQ,67.7096,67.05,6319717
2023-06-20,SPY,54.014,55.5015,7765862
2023-06-20,TLT,187.4404,188.5992,3385287
2023-06-20,VNQ,40.3903,40.0028,8320516
2023-06-21,GLD,137.9049,139.2811,4601078
2023-06-21,IWM,177.0265,178.8463,7307050
2023-06-21,QQQ,66.8274,67.8728,4935572
2023-06-21,SPY,55.3581,55.8379,4625329
2023-06-21,TLT,188.5182,190.3813,1549983
2023-06-21,VNQ,39.8339,39.811,7498994
2023-06-22,GLD,138.6601,140.0409,8488017
2023-06-22,IWM,177.867,177.7241,2493830
2023-06-22,QQQ,68.0527,66.0934,3026991
2023-06-22,SPY,55.9521,55.4596,7611116
2023-06-22,TLT,190.5452,192.543,2537155
2023-06-22,VNQ,39.9329,39.9248,3715825
2023-06-23,GLD,140.4305,143.1452,6810793
2023-06-23,IWM,177.6927,177.1487,2229268
2023-06-23,QQQ,65.7166,65.3347,7238504
2023-06-23,SPY,55.2347,55.9285,6292274
2023-06-23,TLT,193.1994,191.3432,2264957
2023-06-23,VNQ,40.0478,40.3896,5180345
2023-06-26,GLD,143.3127,145.0478,3217922
2023-06-26,IWM,176.8757,182.1028,8156760
2023-06-26,QQQ,64.8191,62.9059,3793482
2023-06-26,SPY,55.8817,55.7773,2535550
2023-06-26,TLT,191.4164,190.394,7020208
2023-06-26,VNQ,40.4248,40.9355,6420038
2023-06-27,GLD,145.2641,146.0793,6173215
2023-06-27,IWM,180.8813,182.0031,2605601
2023-06-27,QQQ,63.0882,63.1943,4773480
2023-06-27,SPY,56.0694,56.3073,5623650
2023-06-27,TLT,189.9675,191.4942,6028496
2023-06-27,VNQ,41.0169,41.1754,7194669
2023-06-28,GLD,146.0898,148.3837,5008809
2023-06-28,IWM,181.0444,182.7481,4188589
2023-06-28,QQQ,62.795,63.3689,6345860
2023-06-28,SPY,56.315,56.5325,2127339
2023-06-28,TLT,191.3798,192.7697,6355940
2023-06-28,VNQ,41.0476,41.395,2811799
2023-06-29,GLD,148.9632,146.878,4444748
2023-06-29,IWM,182.3335,185.9419,4865990
2023-06-29,QQQ,63.5655,66.1751,4860226
2023-06-29,SPY,56.6033,56.7517,5026576
2023-06-29,TLT,192.6405,189.4692,8049862
2023-06-29,VNQ,41.529,41.8612,4539405
2023-06-30,GLD,146.5335,147.1043,2670874
2023-06-30,IWM,185.6377,190.8968,2851426
2023-06-30,QQQ,66.0549,65.767,6880364
2023-06-30,SPY,56.7295,57.1721,2693231
2023-06-30,TLT,190.0832,192.5669,3020963
2023-06-30,VNQ,41.6615,41.5243,1804954
2023-07-03,GLD,147.5187,146.683,1461227
2023-07-03,IWM,190.7363,193.043,5348858
2023-07-03,QQQ,65.6181,65.9827,4663157
2023-07-03,SPY,56.9926,56.8683,6505329
2023-07-03,TLT,192.4345,194.3068,2315857
2023-07-03,VNQ,41.4321,41.6361,8431189
2023-07-04,GLD,146.3864,149.0764,7168315
2023-07-04,IWM,194.4223,189.6986,2259341
2023-07-04,QQQ,66.4,67.0701,8344357
2023-07-04,SPY,56.8634,56.6724,5377991
2023-07-04,TLT,193.6122,191.9589,2055331
2023-07-04,VNQ,41.5915,41.3779,8067456
2023-07-05,GLD,148.9124,149.8336,7491158
2023-07-05,IWM,188.2625,196.6181,1561389
2023-07-05,QQQ,66.9142,67.7568,5361067
2023-07-05,SPY,56.7341,55.6864,1924173
2023-07-05,TLT,191.418,193.6993,2076345
2023-07-05,VNQ,41.1843,40.5773,5000188
2023-07-06,GLD,149.3983,145.5248,2549418
2023-07-06,IWM,196.5183,194.278,4238854
2023-07-06,QQQ,67.7507,67.4625,7983114
2023-07-06,SPY,55.5341,55.4724,4023630
2023-07-06,TLT,194.2366,192.7698,1766260
2023-07-06,VNQ,40.4906,40.0726,4971894
2023-07-07,GLD,145.5506,147.3831,7891783
2023-07-07,IWM,193.4942,191.2429,5600932
2023-07-07,QQQ,67.4495,68.7329,4946399
2023-07-07,SPY,55.5231,54.6821,1226221
2023-07-07,TLT,193.0019,192.3487,1223122
2023-07-07,VNQ,40.3213,40.7079,8110627
2023-07-10,GLD,147.2766,146.0886,3010416
2023-07-10,IWM,191.9784,189.2052,4430555
2023-07-10,QQQ,68.8198,65.9601,6842837
2023-07-10,SPY,54.8646,54.6457,8222253
2023-07-10,TLT,191.893,190.4818,3710430
2023-07-10,VNQ,40.5272,40.4789,7769965
2023-07-11,GLD,146.2319,147.1299,6910767
2023-07-11,IWM,190.2129,193.4561,3123635
2023-07-11,QQQ,65.895,66.4393,2071942
2023-07-11,SPY,54.8024,54.1361,1149588
2023-07-11,TLT,189.9069,188.9094,4129733
2023-07-11,VNQ,40.6345,39.7153,6632513
2023-07-12,GLD,146.9206,146.4317,1983300
2023-07-12,IWM,192.9681,193.5322,3252292
2023-07-12,QQQ,66.7772,65.6936,2081960
2023-07-12,SPY,53.9072,54.2429,4476095
2023-07-12,TLT,189.2455,188.0701,5336989
2023-07-12,VNQ,39.5205,39.7991,4595919
2023-07-13,GLD,145.9446,146.7383,6718245
2023-07-13,IWM,193.7922,188.46,1825931
2023-07-13,QQQ,65.79,64.9204,7615013
2023-07-13,SPY,54.1014,54.5552,5616156
2023-07-13,TLT,187.5613,188.0228,937354
2023-07-13,VNQ,39.7153,39.559,4569400
2023-07-14,GLD,146.9288,147.591,2771639
2023-07-14,IWM,189.2656,193.8578,3755836
2023-07-14,QQQ,64.994,63.8929,3437961
2023-07-14,SPY,54.3201,53.7797,2871731
2023-07-14,TLT,187.9377,186.0016,3984521
2023-07-14,VNQ,39.7806,39.3843,5402079
2023-07-17,GLD,148.0339,147.8322,7623351
2023-07-17,IWM,193.4242,189.7045,4487152
2023-07-17,QQQ,63.7541,64.2074,4793191
2023-07-17,SPY,53.9341,53.3608,4201858
2023-07-17,TLT,186.335,185.7009,4507532
2023-07-17,VNQ,39.5287,39.2785,6273035
2023-07-18,GLD,148.0828,146.4774,4624159
2023-07-18,IWM,190.402,195.1303,5179279
2023-07-18,QQQ,64.6899,63.2,6090902
2023-07-18,SPY,53.4481,52.8717,3278161
2023-07-18,TLT,185.9715,184.3573,1502197
2023-07-18,VNQ,39.1379,39.4739,2461227
2023-07-19,GLD,146.4517,148.3995,7540209
2023-07-19,IWM,195.0338,188.2716,2279515
2023-07-19,QQQ,63.0534,63.3283,7298320
2023-07-19,SPY,52.9713,53.3437,7252162
2023-07-19,TLT,183.9785,183.317,4998940
2023-07-19,VNQ,39.6288,39.6301,1642306
2023-07-20,GLD,148.5342,148.931,3980062
2023-07-20,IWM,187.9967,188.1086,7178308
2023-07-20,QQQ,63.3907,64.9891,1882538
2023-07-20,SPY,53.2184,54.3761,6294657
2023-07-20,TLT,183.5362,181.7103,6493915
2023-07-20,VNQ,39.5803,39.6094,7317907
2023-07-21,GLD,148.3273,148.8822,4507742
2023-07-21,IWM,187.4715,188.3714,7469093
2023-07-21,QQQ,65.0087,64.2636,6475090
2023-07-21,SPY,54.2065,54.9235,8283451
2023-07-21,TLT,181.0727,180.5305,6325759
2023-07-21,VNQ,39.7279,39.7604,5989442
2023-07-24,GLD,148.7571,149.8546,5121016
2023-07-24,IWM,187.8386,186.9392,4320284
2023-07-24,QQQ,64.1758,64.3388,8274908
2023-07-24,SPY,54.9348,54.7676,7235264
2023-07-24,TLT,180.6233,182.9147,1491352
2023-07-24,VNQ,39.8438,39.7668,7142560
2023-07-25,GLD,150.2583,149.0751,3879323
2023-07-25,IWM,186.5431,186.9298,4174551
2023-07-25,QQQ,64.4817,63.731,3687390
2023-07-25,SPY,54.7824,55.6837,1751172
2023-07-25,TLT,182.6711,180.1479,6522933
2023-07-25,VNQ,39.786,39.9989,2627113
2023-07-26,GLD,149.2294,151.733,4988537
2023-07-26,IWM,187.4334,190.0541,8163289
2023-07-26,QQQ,63.7627,62.4448,6088238
2023-07-26,SPY,55.5565,54.8376,7493336
2023-07-26,TLT,179.3898,177.895,5616575
2023-07-26,VNQ,40.0071,40.4164,4657408
2023-07-27,GLD,151.4192,152.0342,4361978
2023-07-27,IWM,189.0526,190.7951,1044095
2023-07-27,QQQ,62.652,62.9653,5700064
2023-07-27,SPY,54.8585,55.7756,3779445
2023-07-27,TLT,178.3795,177.6096,4747005
2023-07-27,VNQ,40.3603,40.442,6228820
2023-07-28,GLD,152.3339,152.5395,1786118
2023-07-28,IWM,190.236,192.9998,1332920
2023-07-28,QQQ,63.0666,64.1115,8196334
2023-07-28,SPY,55.872,55.4352,3572163
2023-07-28,TLT,177.5128,176.6538,6251038
2023-07-28,VNQ,40.6628,41.519,3554440
2023-07-31,GLD,152.4835,153.0207,1915391
2023-07-31,IWM,193.4301,193.5454,3636469
2023-07-31,QQQ,63.9827,63.4337,6043770
2023-07-31,SPY,55.4691,53.8579,4088230
2023-07-31,TLT,176.8125,174.8494,4759892
2023-07-31,VNQ,41.481,41.073,5840457
2023-08-01,GLD,153.2768,151.6876,3207401
2023-08-01,IWM,192.4596,194.296,1279794
2023-08-01,QQQ,63.433,63.4503,1320365
2023-08-01,SPY,53.7082,55.4591,4936225
2023-08-01,TLT,174.6626,175.3002,3714061
2023-08-01,VNQ,40.9497,40.8851,6575899
2023-08-02,GLD,151.1757,149.9956,2359285
2023-08-02,IWM,195.4736,192.8835,6628739
2023-08-02,QQQ,63.3207,63.2796,6669683
2023-08-02,SPY,55.1463,56.4557,5053130
2023-08-02,TLT,176.3852,173.3255,1279338
2023-08-02,VNQ,40.9457,40.8602,2656770
2023-08-03,GLD,149.8008,150.2864,7934036
2023-08-03,IWM,193.4883,192.9233,6993161
2023-08-03,QQQ,63.5498,62.5386,5093281
2023-08-03,SPY,56.4166,55.8863,1092328
2023-08-03,TLT,173.9122,173.1422,5639772
2023-08-03,VNQ,40.7339,41.6246,2382290
2023-08-04,GLD,150.3935,150.771,6131062
2023-08-04,IWM,193.1814,195.6852,6086313
2023-08-04,QQQ,62.4978,63.2885,3461607
2023-08-04,SPY,55.9109,56.0389,7812152
2023-08-04,TLT,173.0541,174.4212,1028996
2023-08-04,VNQ,41.6069,42.2378,1224832
2023-08-07,GLD,150.8705,152.6847,7213804
2023-08-07,IWM,194.5835,199.0768,6125953
2023-08-07,QQQ,63.3812,61.3626,5769535
2023-08-07,SPY,55.9999,55.9616,4037742
2023-08-07,TLT,175.1834,175.1134,6096491
2023-08-07,VNQ,42.2906,42.5328,5102645
2023-08-08,GLD,152.876,153.3215,6506283
2023-08-08,IWM,198.3182,195.9654,4329850
2023-08-08,QQQ,61.1536,62.7251,7798222
2023-08-08,SPY,55.8975,56.0744,5459832
2023-08-08,TLT,175.468,174.4907,4546346
2023-08-08,VNQ,42.4837,42.2125,6373894
2023-08-09,GLD,153.3092,151.7367,1549121
2023-08-09,IWM,196.5552,194.4183,4516871
2023-08-09,QQQ,62.9953,62.1733,8169048
2023-08-09,SPY,55.9707,55.2417,2850403
2023-08-09,TLT,175.1195,174.3186,2988177
2023-08-09,VNQ,42.0982,42.5528,3256197
2023-08-10,GLD,151.6573,152.4788,6164321
2023-08-10,IWM,194.9692,195.1324,7728828
2023-08-10,QQQ,62.1968,63.8112,3019088
2023-08-10,SPY,55.3476,54.8907,3216680
2023-08-10,TLT,173.5393,174.4052,2863613
2023-08-10,VNQ,42.5599,42.6401,3730399
2023-08-11,GLD,152.6404,153.6616,3725696
2023-08-11,IWM,195.3447,194.9884,4371548
2023-08-11,QQQ,64.141,64.2529,5463018
2023-08-11,SPY,54.883,55.2175,5749086
2023-08-11,TLT,174.5183,175.1539,7443344
2023-08-11,VNQ,42.6266,42.5923,917956
2023-08-14,GLD,153.9672,155.1113,5299586
2023-08-14,IWM,195.1377,192.9244,6926953
2023-08-14,QQQ,63.9045,64.1308,4174450
2023-08-14,SPY,55.2357,55.4008,5938723
2023-08-14,TLT,174.7359,173.5101,7659845
2023-08-14,VNQ,42.54,43.363,2707446
2023-08-15,GLD,154.549,155.5878,2408190
2023-08-15,IWM,192.32,187.4659,5233719
2023-08-15,QQQ,63.9475,62.474,7965685
2023-08-15,SPY,55.2569,56.1691,4509999
2023-08-15,TLT,173.4537,175.2811,1571648
2023-08-15,VNQ,43.2501,44.3163,5502289
2023-08-16,GLD,155.4613,153.7893,2076515
2023-08-16,IWM,186.6118,188.4418,1027495
2023-08-16,QQQ,62.3713,61.1911,5688036
2023-08-16,SPY,56.0759,56.2695,3400970
2023-08-16,TLT,175.1377,176.2685,7245876
2023-08-16,VNQ,44.4385,44.6254,6471324
2023-08-17,GLD,153.7071,155.4736,1418940
2023-08-17,IWM,187.3654,186.7524,3852588
2023-08-17,QQQ,60.8689,61.7692,7359531
2023-08-17,SPY,56.2942,57.7571,1086962
2023-08-17,TLT,176.3702,179.0066,2172205
2023-08-17,VNQ,44.7853,44.4052,1142804
2023-08-18,GLD,155.5232,154.3898,3770596
2023-08-18,IWM,186.8183,192.6252,6608997
2023-08-18,QQQ,61.8496,61.0327,5608166
2023-08-18,SPY,57.6018,57.3698,5119635
2023-08-18,TLT,178.2091,180.1569,3889231
2023-08-18,VNQ,44.3816,44.6721,4635444
2023-08-21,GLD,154.7508,155.2172,4366952
2023-08-21,IWM,193.9872,196.1681,1759908
2023-08-21,QQQ,60.8834,61.804,1142380
2023-08-21,SPY,57.1767,57.5834,1423942
2023-08-21,TLT,180.0055,181.6131,5554731
2023-08-21,VNQ,44.5687,44.2529,1413267
2023-08-22,GLD,154.7231,152.9157,8127137
2023-08-22,IWM,196.6313,197.6353,5831629
2023-08-22,QQQ,61.8844,60.5586,7951565
2023-08-22,SPY,57.5327,56.4669,1649731
2023-08-22,TLT,181.0268,176.7728,2568536
2023-08-22,VNQ,44.2227,43.5489,1361818
2023-08-23,GLD,153.0999,154.0134,4780786
2023-08-23,IWM,198.6416,194.1457,2843794
2023-08-23,QQQ,60.4398,61.4937,5825847
2023-08-23,SPY,56.6488,55.7668,2898211
2023-08-23,TLT,177.1737,175.9086,7186414
2023-08-23,VNQ,43.3872,42.6614,6590442
2023-08-24,GLD,153.3775,152.8644,8140012
2023-08-24,IWM,195.3341,192.3392,4163884
2023-08-24,QQQ,61.3281,61.4152,4875673
2023-08-24,SPY,55.7954,56.6195,5186299
2023-08-24,TLT,176.0068,178.6415,5328773
2023-08-24,VNQ,42.6086,42.5996,7155922
2023-08-25,GLD,152.5848,154.4253,2795410
2023-08-25,IWM,192.2174,195.7176,6697843
2023-08-25,QQQ,61.311,61.7253,2747252
2023-08-25,SPY,56.8412,56.1039,1086068
2023-08-25,TLT,178.8815,179.0695,2579988
2023-08-25,VNQ,42.5922,42.4981,6774466
2023-08-28,GLD,154.2272,157.0105,3141629
2023-08-28,IWM,195.2653,193.734,3456864
2023-08-28,QQQ,61.2993,60.841,7385734
2023-08-28,SPY,56.0842,56.4774,4537109
2023-08-28,TLT,179.4606,178.1758,6252578
2023-08-28,VNQ,42.4616,42.1481,1417074
2023-08-29,GLD,156.9021,158.7448,3017720
2023-08-29,IWM,194.0599,193.278,1051514
2023-08-29,QQQ,60.7571,60.3845,1394963
2023-08-29,SPY,56.4305,56.4939,4891239
2023-08-29,TLT,178.4675,179.0935,3658611
2023-08-29,VNQ,42.1194,41.9164,3431618
2023-08-30,GLD,158.5075,156.992,3745840
2023-08-30,IWM,192.9795,194.7485,8178568
2023-08-30,QQQ,60.5262,60.7811,6058345
2023-08-30,SPY,56.2838,55.919,5805428
2023-08-30,TLT,178.8362,179.0562,6090646
2023-08-30,VNQ,41.8579,41.7824,6466878
2023-08-31,GLD,156.7937,155.5874,1513166
2023-08-31,IWM,194.1208,196.7266,2441025
2023-08-31,QQQ,60.4346,60.861,3872772
2023-08-31,SPY,55.8328,55.7643,7870138
2023-08-31,TLT,179.0783,179.5133,4467071
2023-08-31,VNQ,41.9824,41.2571,1134458
2023-09-01,GLD,155.4542,154.3395,2303252
2023-09-01,IWM,196.9433,195.7857,1018402
2023-09-01,QQQ,60.3461,59.8526,8463256
2023-09-01,SPY,55.979,55.4671,5206741
2023-09-01,TLT,178.7621,178.2872,2658678
2023-09-01,VNQ,41.1837,41.4365,4225564
2023-09-04,GLD,154.233,155.3359,1823918
2023-09-04,IWM,195.3835,197.3185,5497037
2023-09-04,QQQ,59.6023,59.9117,4402007
2023-09-04,SPY,55.5157,55.1874,2873086
2023-09-04,TLT,178.0966,179.03,7500135
2023-09-04,VNQ,41.3321,42.2531,4815421
2023-09-05,GLD,154.6544,155.8713,3629291
2023-09-05,IWM,197.3914,192.6629,2655722
2023-09-05,QQQ,59.9412,58.4565,5805695
2023-09-05,SPY,55.2958,55.6439,5252941
2023-09-05,TLT,178.8675,181.3545,4261467
2023-09-05,VNQ,42.55,42.1216,2426329
2023-09-06,GLD,155.3495,156.1324,4090951
2023-09-06,IWM,192.1738,192.7201,3540468
2023-09-06,QQQ,58.3733,60.1382,8414830
2023-09-06,SPY,55.7491,56.0435,7822338
2023-09-06,TLT,181.2433,181.6523,2050900
2023-09-06,VNQ,41.8619,41.2237,5787288
2023-09-07,GLD,155.9635,156.6172,4302463
2023-09-07,IWM,191.7857,192.4487,7816041
2023-09-07,QQQ,60.2221,60.5226,1508588
2023-09-07,SPY,56.0421,55.7077,6503196
2023-09-07,TLT,181.7732,182.2765,1152073
2023-09-07,VNQ,41.3855,41.1778,4804398
2023-09-08,GLD,156.8039,157.5055,8102455
2023-09-08,IWM,191.4201,197.2754,7033808
2023-09-08,QQQ,60.2176,59.9331,7950864
2023-09-08,SPY,55.6772,55.1789,3190845
2023-09-08,TLT,182.2651,181.0691,5546152
2023-09-08,VNQ,41.1314,41.2683,3711176
2023-09-11,GLD,157.8701,158.5063,3045333
2023-09-11,IWM,197.065,198.5655,7194362
2023-09-11,QQQ,59.5127,59.5254,4603877
2023-09-11,SPY,55.1965,55.3558,1914213
2023-09-11,TLT,181.7563,181.7575,1619327
2023-09-11,VNQ,41.455,41.5772,8415616
2023-09-12,GLD,159.5664,161.0862,2545046
2023-09-12,IWM,198.861,192.2769,7859286
2023-09-12,QQQ,59.4567,58.478,4591609
2023-09-12,SPY,55.4554,55.3066,4569570
2023-09-12,TLT,182.1386,181.0177,7406474
2023-09-12,VNQ,41.8762,42.1253,6120276
2023-09-13,GLD,161.1189,161.0295,7792955
2023-09-13,IWM,192.8269,196.7068,5560394
2023-09-13,QQQ,58.5936,58.4216,4913458
2023-09-13,SPY,55.3744,55.9293,6612115
2023-09-13,TLT,181.0422,178.7763,6483031
2023-09-13,VNQ,42.2787,42.5473,2804423
2023-09-14,GLD,160.7233,161.3679,3665273
2023-09-14,IWM,197.3481,204.7142,1973428
2023-09-14,QQQ,58.5051,55.9149,1780091
2023-09-14,SPY,56.003,57.5533,5426938
2023-09-14,TLT,178.6652,178.0315,3692207
2023-09-14,VNQ,42.4642,43.1213,3246688
2023-09-15,GLD,161.4274,158.5902,1484992
2023-09-15,IWM,204.97,206.4893,4449758
2023-09-15,QQQ,55.752,55.7657,3294637
2023-09-15,SPY,57.577,58.0862,5640724
2023-09-15,TLT,177.8275,177.5759,1405102
2023-09-15,VNQ,43.0443,43.1018,8093729
2023-09-18,GLD,158.8366,156.6455,5440429
2023-09-18,IWM,205.7438,208.6817,7765405
2023-09-18,QQQ,55.9162,57.0789,3344891
2023-09-18,SPY,57.9666,58.0758,2636823
2023-09-18,TLT,178.0537,178.3682,1801792
2023-09-18,VNQ,42.9393,43.3124,7011007
2023-09-19,GLD,156.6889,155.6486,4233504
2023-09-19,IWM,209.3028,213.6733,8138803
2023-09-19,QQQ,56.8466,55.1608,5418125
2023-09-19,SPY,58.0351,57.9802,6133426
2023-09-19,TLT,178.0733,179.7865,5884543
2023-09-19,VNQ,43.3553,42.9552,4929134
2023-09-20,GLD,155.2531,153.9389,4765018
2023-09-20,IWM,213.9449,213.7351,3254069
2023-09-20,QQQ,55.1517,55.1701,3488217
2023-09-20,SPY,57.8343,57.4622,5686295
2023-09-20,TLT,180.1554,179.3814,4667422
2023-09-20,VNQ,43.113,42.7147,1723114
2023-09-21,GLD,153.8948,154.2851,1432284
2023-09-21,IWM,213.5345,213.6796,3286615
2023-09-21,QQQ,55.394,54.5799,3623481
2023-09-21,SPY,57.6169,56.9184,3936751
2023-09-21,TLT,178.9522,178.7224,1957340
2023-09-21,VNQ,42.623,43.1456,1375806
2023-09-22,GLD,154.2625,155.8351,6749161
2023-09-22,IWM,213.2704,214.5404,1336837
2023-09-22,QQQ,54.4382,54.3101,6369839
2023-09-22,SPY,56.599,56.3216,6319411
2023-09-22,TLT,178.6916,179.6443,8116633
2023-09-22,VNQ,43.467,43.0381,6371710
2023-09-25,GLD,155.312,155.2187,3629989
2023-09-25,IWM,214.8535,204.512,8185618
2023-09-25,QQQ,54.1616,53.2311,2981068
2023-09-25,SPY,56.2888,56.0954,1547259
2023-09-25,TLT,179.1437,178.1299,7257219
2023-09-25,VNQ,42.9887,42.2749,6218151
2023-09-26,GLD,154.7709,154.5311,7055729
2023-09-26,IWM,205.3988,202.9122,6577908
2023-09-26,QQQ,53.8077,53.9047,8346052
2023-09-26,SPY,56.455,55.8511,2076853
2023-09-26,TLT,178.3136,177.5136,3413199
2023-09-26,VNQ,42.0297,41.2771,7307150
2023-09-27,GLD,154.96,153.8077,6701971
2023-09-27,IWM,203.7949,204.973,2085280
2023-09-27,QQQ,53.6061,52.7394,8092258
2023-09-27,SPY,55.8001,56.3098,7907632
2023-09-27,TLT,177.6003,177.0533,5037571
2023-09-27,VNQ,41.4359,41.6497,1256439
2023-09-28,GLD,152.9962,154.0194,2317978
2023-09-28,IWM,205.739,206.8495,5229521
2023-09-28,QQQ,53.0813,53.4028,1842466
2023-09-28,SPY,56.139,56.0819,4524153
2023-09-28,TLT,176.8644,176.7064,4370840
2023-09-28,VNQ,41.7452,41.462,8097348
2023-09-29,GLD,154.0731,153.2493,1665927
2023-09-29,IWM,205.8081,202.3493,7763600
2023-09-29,QQQ,53.2078,54.1602,2987080
2023-09-29,SPY,56.0792,55.9758,7184697
2023-09-29,TLT,176.0888,175.6918,6632542
2023-09-29,VNQ,41.5827,41.1853,3924078
2023-10-02,GLD,153.1481,153.889,7509333
2023-10-02,IWM,202.7371,201.6716,1854902
2023-10-02,QQQ,53.8425,54.225,1769044
2023-10-02,SPY,56.1694,55.2626,5544981
2023-10-02,TLT,174.6415,178.1496,6628827
2023-10-02,VNQ,41.0202,40.7762,3605128
2023-10-03,GLD,154.3843,154.3474,5304183
2023-10-03,IWM,201.3306,200.0763,5800194
2023-10-03,QQQ,54.13,54.6031,3777986
2023-10-03,SPY,55.2389,56.2573,8318237
2023-10-03,TLT,177.9295,179.5755,1732814
2023-10-03,VNQ,40.7984,40.9776,2235370
2023-10-04,GLD,154.5616,154.8703,8121420
2023-10-04,IWM,200.3808,198.0168,1411983
2023-10-04,QQQ,54.6856,52.9032,8325928
2023-10-04,SPY,56.3497,56.5766,6124962
2023-10-04,TLT,179.9725,179.2231,7686241
2023-10-04,VNQ,40.927,40.9283,3944225
2023-10-05,GLD,154.5487,156.012,5250254
2023-10-05,IWM,197.4329,200.766,7846546
2023-10-05,QQQ,53.0368,52.2774,2642415
2023-10-05,SPY,56.5917,57.6843,4398620
2023-10-05,TLT,178.8383,176.8821,4047790
2023-10-05,VNQ,41.0737,40.7907,8120276
2023-10-06,GLD,156.4672,156.0774,1423329
2023-10-06,IWM,201.6865,198.22,3054360
2023-10-06,QQQ,52.0487,50.2409,6519709
2023-10-06,SPY,57.6268,58.1925,8186853
2023-10-06,TLT,176.9659,176.0128,4123239
2023-10-06,VNQ,40.9166,40.6365,3764895
2023-10-09,GLD,155.8644,156.3083,5221510
2023-10-09,IWM,197.9569,197.5984,5035516
2023-10-09,QQQ,49.9722,50.6248,7858785
2023-10-09,SPY,58.6854,59.1425,7624208
2023-10-09,TLT,175.6411,176.8526,4133964
2023-10-09,VNQ,40.5976,40.5449,1661642
2023-10-10,GLD,157.0338,158.9475,3011864
2023-10-10,IWM,196.5933,199.4711,3697850
2023-10-10,QQQ,50.656,51.4223,6103122
2023-10-10,SPY,59.1537,58.9996,7763961
2023-10-10,TLT,177.087,173.7536,8278512
2023-10-10,VNQ,40.5651,40.996,918054
2023-10-11,GLD,159.5598,158.8972,4717996
2023-10-11,IWM,199.6821,196.8054,4464470
2023-10-11,QQQ,51.2105,50.1726,3284648
2023-10-11,SPY,58.9149,59.4692,7523549
2023-10-11,TLT,173.3904,177.5276,8127868
2023-10-11,VNQ,40.7502,41.089,2749693
2023-10-12,GLD,158.8601,160.118,7904042
2023-10-12,IWM,196.9369,196.7278,2849355
2023-10-12,QQQ,50.5129,50.2388,3919758
2023-10-12,SPY,59.3912,61.2327,3483069
2023-10-12,TLT,178.0162,177.3275,1946434
2023-10-12,VNQ,41.039,41.7565,1379161
2023-10-13,GLD,160.4021,160.2175,5601141
2023-10-13,IWM,196.9988,193.8743,8341362
2023-10-13,QQQ,50.2591,49.9711,3226421
2023-10-13,SPY,61.2951,60.451,5079304
2023-10-13,TLT,176.9636,177.1687,2996109
2023-10-13,VNQ,41.7462,40.7799,933212
2023-10-16,GLD,160.2798,159.5426,7620562
2023-10-16,IWM,194.2086,193.7623,1600031
2023-10-16,QQQ,50.1445,48.4628,2714497
2023-10-16,SPY,60.5172,61.233,8203996
2023-10-16,TLT,177.0459,178.0886,2567056
2023-10-16,VNQ,40.8374,40.4148,2294866
2023-10-17,GLD,159.1979,158.8716,2907549
2023-10-17,IWM,195.0262,193.3886,5511419
2023-10-17,QQQ,48.3188,48.1203,942571
2023-10-17,SPY,61.3597,62.3728,7743910
2023-10-17,TLT,178.7533,175.7822,6345051
2023-10-17,VNQ,40.5474,40.8236,5449498
2023-10-18,GLD,159.2622,157.6613,3158499
2023-10-18,IWM,193.7088,195.1202,1598681
2023-10-18,QQQ,48.1067,48.1002,6887236
2023-10-18,SPY,62.3964,62.6713,4648316
2023-10-18,TLT,175.8902,175.8107,7683387
2023-10-18,VNQ,40.6833,40.4541,2937224
2023-10-19,GLD,157.8126,157.6953,2908609
2023-10-19,IWM,194.5264,193.7471,2984384
2023-10-19,QQQ,48.3344,48.7547,6375487
2023-10-19,SPY,62.4315,63.2039,7091405
2023-10-19,TLT,175.8482,175.7283,4694676
2023-10-19,VNQ,40.4425,40.3589,1995868
2023-10-20,GLD,158.0044,156.8143,911015
2023-10-20,IWM,194.4653,192.8627,5119264
2023-10-20,QQQ,49.2507,48.5992,6469826
2023-10-20,SPY,63.2939,64.0933,5991202
2023-10-20,TLT,175.6778,176.7659,2860331
2023-10-20,VNQ,40.6064,40.1764,6587548
2023-10-23,GLD,157.203,156.2053,6797317
2023-10-23,IWM,192.3789,188.3168,6273304
2023-10-23,QQQ,48.8713,49.0107,6833320
2023-10-23,SPY,64.0403,63.6523,1680348
2023-10-23,TLT,176.9313,175.1255,2758631
2023-10-23,VNQ,40.3788,40.227,5553682
2023-10-24,GLD,156.7193,158.0328,6250738
2023-10-24,IWM,188.2215,186.4883,7789591
2023-10-24,QQQ,49.1335,50.4052,4468716
2023-10-24,SPY,63.6036,63.9553,5646367
2023-10-24,TLT,174.7482,176.0289,6011290
2023-10-24,VNQ,40.396,40.3826,4713261
2023-10-25,GLD,158.4126,157.8511,2224922
2023-10-25,IWM,186.541,183.5931,5524219
2023-10-25,QQQ,50.4833,51.2282,1095087
2023-10-25,SPY,63.7019,63.3678,1916819
2023-10-25,TLT,175.6004,177.8235,5375179
2023-10-25,VNQ,40.3226,41.3741,4836194
2023-10-26,GLD,157.8137,159.5793,7785216
2023-10-26,IWM,182.4895,180.0488,6758618
2023-10-26,QQQ,51.1018,50.5719,5405505
2023-10-26,SPY,63.2706,62.9184,7820079
2023-10-26,TLT,178.4119,178.2237,3399573
2023-10-26,VNQ,41.2208,41.8857,7984673
2023-10-27,GLD,159.6079,159.9989,7160794
2023-10-27,IWM,180.8331,178.996,2313017
2023-10-27,QQQ,50.3507,50.938,5166967
2023-10-27,SPY,62.796,62.5123,3996144
2023-10-27,TLT,178.2316,177.3064,5520566
2023-10-27,VNQ,41.8882,41.9796,5435344
2023-10-30,GLD,160.15,161.3266,6464002
2023-10-30,IWM,178.3935,178.873,8016664
2023-10-30,QQQ,51.2362,52.2331,7121048
2023-10-30,SPY,62.5062,62.4327,2102063
2023-10-30,TLT,177.3976,175.9185,6615636
2023-10-30,VNQ,41.8991,42.259,1850822
2023-10-31,GLD,161.2773,160.4175,7722040
2023-10-31,IWM,178.7546,178.601,7076005
2023-10-31,QQQ,52.4569,54.4309,6076612
2023-10-31,SPY,62.1902,62.5514,4949940
2023-10-31,TLT,175.9203,173.1173,6522110
2023-10-31,VNQ,42.3172,42.5404,6307972
2023-11-01,GLD,160.3254,160.6605,1773842
2023-11-01,IWM,179.3656,181.4101,5009590
2023-11-01,QQQ,54.4391,55.0691,7010976
2023-11-01,SPY,62.5599,62.8812,1598986
2023-11-01,TLT,173.1719,172.1834,2173172
2023-11-01,VNQ,42.6229,42.5397,7668783
2023-11-02,GLD,161.36,164.7323,5226792
2023-11-02,IWM,182.3533,179.8724,1849534
2023-11-02,QQQ,55.4702,56.0647,7213795
2023-11-02,SPY,62.9021,61.9304,5860082
2023-11-02,TLT,172.6406,172.892,6220867
2023-11-02,VNQ,42.7893,42.2286,4524633
2023-11-03,GLD,164.9185,166.0459,5435085
2023-11-03,IWM,179.3146,177.8616,6422137
2023-11-03,QQQ,56.0052,56.8496,5761330
2023-11-03,SPY,61.745,63.3087,7197689
2023-11-03,TLT,172.9802,175.1412,3924410
2023-11-03,VNQ,42.1532,42.47,5422432
2023-11-06,GLD,166.7825,167.6487,3029255
2023-11-06,IWM,178.2479,172.3038,4702164
2023-11-06,QQQ,56.7169,58.6765,1917825
2023-11-06,SPY,63.2029,64.1361,5189031
2023-11-06,TLT,175.1104,176.6946,5280885
2023-11-06,VNQ,42.6263,42.8306,6553744
2023-11-07,GLD,167.3441,168.0396,1133800
2023-11-07,IWM,172.0113,175.0887,3398911
2023-11-07,QQQ,58.6223,59.5479,7176998
2023-11-07,SPY,63.989,64.6692,3356517
2023-11-07,TLT,176.4672,178.5216,4073588
2023-11-07,VNQ,43.0683,42.4808,3532204
2023-11-08,GLD,168.021,169.4278,4219298
2023-11-08,IWM,174.7749,176.8367,3842456
2023-11-08,QQQ,59.8136,60.5707,7620725
2023-11-08,SPY,64.8265,64.4363,7558025
2023-11-08,TLT,178.608,177.721,5725863
2023-11-08,VNQ,42.5218,42.4291,6115503
2023-11-09,GLD,169.253,167.5982,7459697
2023-11-09,IWM,176.5943,178.443,2762137
2023-11-09,QQQ,60.6055,59.7662,7907809
2023-11-09,SPY,64.0016,64.394,1289222
2023-11-09,TLT,178.1811,176.9918,1423236
2023-11-09,VNQ,42.4507,42.6609,6544361
2023-11-10,GLD,167.443,166.2766,4789168
2023-11-10,IWM,179.0411,176.4151,1989689
2023-11-10,QQQ,59.6482,59.4964,3492674
2023-11-10,SPY,64.3348,64.8032,6985435
2023-11-10,TLT,176.8042,174.5538,5211491
2023-11-10,VNQ,42.3002,42.8761,2322267
2023-11-13,GLD,166.162,166.9724,4564640
2023-11-13,IWM,177.3272,174.8144,1027394
2023-11-13,QQQ,59.8093,58.1505,1769702
2023-11-13,SPY,64.5157,65.1177,6397000
2023-11-13,TLT,174.409,173.4694,2922520
2023-11-13,VNQ,42.9653,43.7963,4145694
2023-11-14,GLD,166.9225,168.2922,6196221
2023-11-14,IWM,173.2112,173.3276,1793844
2023-11-14,QQQ,58.2933,57.3978,6392232
2023-11-14,SPY,65.0425,63.9498,1678939
2023-11-14,TLT,173.9458,171.6923,6837607
2023-11-14,VNQ,43.8766,43.6801,2482717
2023-11-15,GLD,168.1192,167.6622,1297332
2023-11-15,IWM,173.197,170.0278,2555812
2023-11-15,QQQ,57.4542,57.7019,5747307
2023-11-15,SPY,64.0949,64.4936,8430540
2023-11-15,TLT,171.7992,171.2643,1762833
2023-11-15,VNQ,43.9236,43.318,6016043
2023-11-16,GLD,168.3698,167.3859,8040630
2023-11-16,IWM,170.5495,170.9212,5408908
2023-11-16,QQQ,57.3703,58.7245,2190953
2023-11-16,SPY,64.3848,66.6135,3478124
2023-11-16,TLT,171.7023,172.2383,3242391
2023-11-16,VNQ,43.1899,43.5875,2147093
2023-11-17,GLD,167.6495,166.8351,5790446
2023-11-17,IWM,170.6712,170.6368,3815291
2023-11-17,QQQ,58.7376,59.7222,1018227
2023-11-17,SPY,66.6381,65.2989,8194645
2023-11-17,TLT,171.8692,172.0103,3025666
2023-11-17,VNQ,43.6121,43.0631,2382873
2023-11-20,GLD,166.5431,166.5593,4143704
2023-11-20,IWM,170.462,173.6737,5757098
2023-11-20,QQQ,59.5326,60.2001,5655006
2023-11-20,SPY,65.1514,66.0388,7647968
2023-11-20,TLT,171.7554,171.4635,8438241
2023-11-20,VNQ,42.9733,42.9583,5782317
2023-11-21,GLD,166.3454,164.7,5882373
2023-11-21,IWM,174.2571,174.1191,2829218
2023-11-21,QQQ,60.0888,62.2704,1387078
2023-11-21,SPY,66.3826,66.3303,2160134
2023-11-21,TLT,171.0979,172.4639,5907007
2023-11-21,VNQ,42.7929,41.984,1075223
2023-11-22,GLD,164.9862,162.5039,2460578
2023-11-22,IWM,175.37,173.5723,7515048
2023-11-22,QQQ,62.3649,61.1225,2778438
2023-11-22,SPY,66.4927,66.2726,6639003
2023-11-22,TLT,172.6493,174.7404,6028075
2023-11-22,VNQ,42.472,42.2197,1484814
2023-11-23,GLD,162.71,162.3966,1136311
2023-11-23,IWM,173.0653,175.2365,1164196
2023-11-23,QQQ,60.846,61.1503,6319566
2023-11-23,SPY,66.4729,67.3029,5242874
2023-11-23,TLT,174.1868,176.3743,2464570
2023-11-23,VNQ,42.1851,43.4439,6755665
2023-11-24,GLD,162.1639,159.7692,3248663
2023-11-24,IWM,175.3423,177.0505,4743399
2023-11-24,QQQ,61.3887,62.6069,4495613
2023-11-24,SPY,67.064,66.458,1019501
2023-11-24,TLT,176.6113,173.7062,6059908
2023-11-24,VNQ,43.7068,43.2325,6193449
2023-11-27,GLD,160.1142,158.3153,2952059
2023-11-27,IWM,176.939,174.2529,1297293
2023-11-27,QQQ,62.6941,63.0292,3075140
2023-11-27,SPY,66.2623,66.6014,3745133
2023-11-27,TLT,173.7205,176.363,3815956
2023-11-27,VNQ,42.8782,43.0558,8267718
2023-11-28,GLD,157.7848,157.3467,8112514
2023-11-28,IWM,173.5634,170.1817,2986284
2023-11-28,QQQ,62.2843,63.2559,3212543
2023-11-28,SPY,66.7942,67.7063,5663339
2023-11-28,TLT,176.587,175.6379,6186070
2023-11-28,VNQ,43.1509,43.373,4459996
2023-11-29,GLD,157.172,155.8041,8386535
2023-11-29,IWM,169.8236,167.2884,978781
2023-11-29,QQQ,63.5732,64.2696,8080961
2023-11-29,SPY,67.6711,67.5852,1806872
2023-11-29,TLT,175.9903,173.3751,4304518
2023-11-29,VNQ,43.2878,43.9119,5051835
2023-11-30,GLD,156.434,156.1693,2513430
2023-11-30,IWM,167.3508,169.5412,5213285
2023-11-30,QQQ,64.1667,63.6298,6335852
2023-11-30,SPY,67.5386,67.3007,1860058
2023-11-30,TLT,173.7797,172.7894,7962462
2023-11-30,VNQ,44.0368,43.0581,6613150
2023-12-01,GLD,155.2193,155.5255,3346197
2023-12-01,IWM,169.4941,171.1113,5869730
2023-12-01,QQQ,63.8345,63.0158,1447027
2023-12-01,SPY,67.3609,67.4115,4681187
2023-12-01,TLT,171.9362,174.2889,1065052
2023-12-01,VNQ,43.0257,42.936,6339097
2023-12-04,GLD,155.4506,155.4186,2820576
2023-12-04,IWM,171.418,174.4988,7998177
2023-12-04,QQQ,62.7652,62.721,2284940
2023-12-04,SPY,67.1854,67.1084,4725660
2023-12-04,TLT,174.5633,170.2032,8015050
2023-12-04,VNQ,42.9312,43.0003,4451640
2023-12-05,GLD,155.7775,153.9527,3367811
2023-12-05,IWM,174.7524,174.6798,8493802
2023-12-05,QQQ,63.212,64.59,7927178
2023-12-05,SPY,67.2474,68.2869,7909226
2023-12-05,TLT,170.6581,172.1509,7699161
2023-12-05,VNQ,43.011,43.0198,6146566
2023-12-06,GLD,153.8999,152.8864,1143272
2023-12-06,IWM,174.0311,175.6674,2601462
2023-12-06,QQQ,65.0547,63.4027,1937262
2023-12-06,SPY,68.2902,67.6354,8455563
2023-12-06,TLT,172.0401,172.4533,2003314
2023-12-06,VNQ,42.9772,43.1722,3160187
2023-12-07,GLD,152.6067,153.6367,3597021
2023-12-07,IWM,175.47,174.679,1044215
2023-12-07,QQQ,63.4432,62.8811,4900478
2023-12-07,SPY,67.7222,68.3153,7346011
2023-12-07,TLT,172.7545,173.281,4173281
2023-12-07,VNQ,43.2336,43.086,3487293
2023-12-08,GLD,153.3167,154.1722,5554037
2023-12-08,IWM,173.6789,179.7779,3842891
2023-12-08,QQQ,62.6013,65.1704,3073477
2023-12-08,SPY,68.1928,67.4075,1471636
2023-12-08,TLT,173.5663,171.1657,7013940
2023-12-08,VNQ,43.1704,42.9572,7081807
2023-12-11,GLD,153.4231,153.5026,7503728
2023-12-11,IWM,179.8131,181.6262,2611868
2023-12-11,QQQ,64.854,65.6367,6858806
2023-12-11,SPY,67.5001,67.9331,5290773
2023-12-11,TLT,171.4898,170.3013,6517210
2023-12-11,VNQ,43.1189,42.3772,1298950
2023-12-12,GLD,153.0267,154.0369,4484312
2023-12-12,IWM,181.4862,185.8122,2436429
2023-12-12,QQQ,65.1913,65.4433,4491354
2023-12-12,SPY,67.805,67.8825,7159096
2023-12-12,TLT,169.942,168.5719,1908244
2023-12-12,VNQ,42.4026,43.2697,6954140
2023-12-13,GLD,154.0601,154.3151,1166762
2023-12-13,IWM,187.039,187.1817,2882324
2023-12-13,QQQ,65.2348,63.673,6575939
2023-12-13,SPY,68.0561,66.0067,4860250
2023-12-13,TLT,169.1063,170.308,3157219
2023-12-13,VNQ,43.2883,43.2838,5973365
2023-12-14,GLD,154.1091,154.5517,7167119
2023-12-14,IWM,187.5202,185.1594,1108333
2023-12-14,QQQ,63.613,63.8945,5889262
2023-12-14,SPY,66.2066,66.0298,4576097
2023-12-14,TLT,169.8688,169.1162,2545360
2023-12-14,VNQ,43.2978,43.8968,4461003
2023-12-15,GLD,154.5466,156.9016,4275201
2023-12-15,IWM,185.8025,187.9109,3448521
2023-12-15,QQQ,63.821,63.9221,3618366
2023-12-15,SPY,66.1912,65.2862,1238671
2023-12-15,TLT,169.3671,169.6525,7628156
2023-12-15,VNQ,43.8837,43.8641,4520326
2023-12-18,GLD,156.8462,156.3112,5776322
2023-12-18,IWM,187.4929,183.8431,7455484
2023-12-18,QQQ,64.0649,64.9242,5136946
2023-12-18,SPY,65.3766,64.9952,8338819
2023-12-18,TLT,169.9567,168.6417,4011587
2023-12-18,VNQ,43.6776,43.9317,3496225
2023-12-19,GLD,156.4148,156.934,7478258
2023-12-19,IWM,183.8215,186.0636,7505927
2023-12-19,QQQ,64.9609,64.1513,970647
2023-12-19,SPY,65.1056,66.1337,4667046
2023-12-19,TLT,168.9204,166.1566,8032013
2023-12-19,VNQ,43.8246,43.8603,2699118
2023-12-20,GLD,156.3252,157.5617,5863092
2023-12-20,IWM,185.5835,185.7868,5006671
2023-12-20,QQQ,64.6717,63.5451,992971
2023-12-20,SPY,65.6563,65.3534,7432634
2023-12-20,TLT,166.3845,167.4337,4787076
2023-12-20,VNQ,43.9297,44.1846,3613701
2023-12-21,GLD,157.4477,157.2146,2052786
2023-12-21,IWM,187.3158,186.924,3281609
2023-12-21,QQQ,63.3391,64.433,4592158
2023-12-21,SPY,65.4996,64.6231,4732523
2023-12-21,TLT,168.0686,169.1818,5069693
2023-12-21,VNQ,44.3163,44.2177,7249193
2023-12-22,GLD,157.0895,155.4941,6102783
2023-12-22,IWM,187.134,183.7415,6720296
2023-12-22,QQQ,64.1872,63.5429,6583573
2023-12-22,SPY,64.5757,65.685,1393164
2023-12-22,TLT,169.5299,171.4316,8288512
2023-12-22,VNQ,44.225,43.3983,2796239
2023-12-25,GLD,155.3803,156.5122,4898152
2023-12-25,IWM,184.205,183.9917,7437104
2023-12-25,QQQ,63.6298,65.1677,7698835
2023-12-25,SPY,65.7017,65.7981,2497747
2023-12-25,TLT,171.6706,170.5689,6065488
2023-12-25,VNQ,43.5173,44.8313,7620272
2023-12-26,GLD,156.1868,156.8989,4380079
2023-12-26,IWM,183.5587,182.3576,3869942
2023-12-26,QQQ,65.7923,65.0504,1438350
2023-12-26,SPY,65.7481,66.9542,5789170
2023-12-26,TLT,171.1038,170.6201,2117551
2023-12-26,VNQ,44.5851,44.9587,3880218
2023-12-27,GLD,156.0959,156.9706,6871714
2023-12-27,IWM,182.122,180.1592,5600541
2023-12-27,QQQ,65.0088,65.5298,3543172
2023-12-27,SPY,66.7053,67.2234,2801561
2023-12-27,TLT,170.182,171.6494,7857781
2023-12-27,VNQ,45.0442,44.5827,8435905
2023-12-28,GLD,157.2018,157.0021,3154482
2023-12-28,IWM,179.9589,183.9283,5141156
2023-12-28,QQQ,65.4595,65.0015,1284823
2023-12-28,SPY,67.1265,66.6038,7438254
2023-12-28,TLT,171.5773,172.1342,3196266
2023-12-28,VNQ,44.586,43.7813,6448218
2023-12-29,GLD,157.3008,157.0298,3048995
2023-12-29,IWM,183.2146,185.3701,5758037
2023-12-29,QQQ,65.0819,66.7662,7312481
2023-12-29,SPY,66.7213,66.5857,3788091
2023-12-29,TLT,171.771,172.4381,1396765
2023-12-29,VNQ,43.7611,43.3658,2770076
2024-01-01,GLD,157.902,155.7038,1041687
2024-01-01,IWM,184.7791,184.4199,7523603
2024-01-01,QQQ,66.7846,66.2387,4428999
2024-01-01,SPY,66.8389,67.5245,3022233
2024-01-01,TLT,172.0348,176.0205,7603845
2024-01-01,VNQ,43.332,43.2515,3540206
2024-01-02,GLD,155.9693,156.1279,5354893
2024-01-02,IWM,185.1331,182.7085,4711597
2024-01-02,QQQ,66.372,67.6596,6251787
2024-01-02,SPY,67.4119,68.2595,3515730
2024-01-02,TLT,176.4846,175.3491,6783063
2024-01-02,VNQ,43.1866,42.776,5902731
2024-01-03,GLD,156.7282,153.4831,3915297
2024-01-03,IWM,183.5347,181.7578,3215427
2024-01-03,QQQ,67.2753,67.1982,4773811
2024-01-03,SPY,68.0945,68.2923,6256155
2024-01-03,TLT,175.4863,176.7084,7814469
2024-01-03,VNQ,42.7991,43.0998,6821669
2024-01-04,GLD,153.6964,153.4365,7240633
2024-01-04,IWM,181.5666,182.2475,950403
2024-01-04,QQQ,67.0617,67.6799,5852924
2024-01-04,SPY,68.5582,68.3613,2733620
2024-01-04,TLT,177.3775,175.8588,946778
2024-01-04,VNQ,43.2216,42.3258,2927067
2024-01-05,GLD,153.2997,151.2725,996379
2024-01-05,IWM,180.8311,183.1682,2207604
2024-01-05,QQQ,67.5417,66.8625,7816750
2024-01-05,SPY,68.2,68.3093,2832670
2024-01-05,TLT,176.1883,178.066,1614998
2024-01-05,VNQ,42.4295,42.4018,4418577
2024-01-08,GLD,151.4475,150.7589,1877581
2024-01-08,IWM,183.3017,183.4633,7617947
2024-01-08,QQQ,66.8747,67.7306,4110589
2024-01-08,SPY,68.6896,67.9083,8032339
2024-01-08,TLT,176.9599,177.6416,3140848
2024-01-08,VNQ,42.4656,42.5459,6152388
2024-01-09,GLD,150.3476,151.7689,2522344
2024-01-09,IWM,183.7597,178.9807,6789276
2024-01-09,QQQ,67.977,69.4555,7683640
2024-01-09,SPY,67.9175,69.4016,2460097
2024-01-09,TLT,177.5559,176.0863,6025768
2024-01-09,VNQ,42.4229,42.0309,5125385
2024-01-10,GLD,151.8546,151.384,1548134
2024-01-10,IWM,179.7674,179.0758,1157989
2024-01-10,QQQ,68.9673,68.9918,3910786
2024-01-10,SPY,69.2377,69.4411,3930717
2024-01-10,TLT,175.9417,177.25,904184
2024-01-10,VNQ,41.845,41.4933,2544788
2024-01-11,GLD,151.345,150.685,3763218
2024-01-11,IWM,178.6554,179.7505,1342529
2024-01-11,QQQ,68.9798,71.0437,1771308
2024-01-11,SPY,69.6243,68.6154,3424837
2024-01-11,TLT,177.0232,177.3197,5694425
2024-01-11,VNQ,41.6616,41.0789,2528306
2024-01-12,GLD,150.3132,151.4024,5029468
2024-01-12,IWM,179.6432,181.7538,1497247
2024-01-12,QQQ,71.2037,71.2392,2101298
2024-01-12,SPY,68.9272,68.2899,3434635
2024-01-12,TLT,178.0107,176.7117,6168605
2024-01-12,VNQ,40.8672,41.1487,2639332
2024-01-15,GLD,151.8354,151.0012,4868157
2024-01-15,IWM,181.7398,181.7249,5408840
2024-01-15,QQQ,71.1422,70.5286,6689971
2024-01-15,SPY,68.0281,68.8727,3127275
2024-01-15,TLT,176.5201,176.354,8499971
2024-01-15,VNQ,41.0126,40.9742,6084602
2024-01-16,GLD,151.3964,150.4032,6905425
2024-01-16,IWM,181.4797,181.3575,2035876
2024-01-16,QQQ,70.5806,70.9094,6638492
2024-01-16,SPY,69.1607,69.3958,1812356
2024-01-16,TLT,176.7945,175.3836,3806403
2024-01-16,VNQ,40.8539,40.7851,6089268
2024-01-17,GLD,150.5655,149.8275,3791178
2024-01-17,IWM,180.8583,181.5854,3112485
2024-01-17,QQQ,70.8045,70.5164,5101280
2024-01-17,SPY,69.3435,69.3263,8214332
2024-01-17,TLT,175.3645,176.1825,7714355
2024-01-17,VNQ,40.7979,40.9288,7539943
2024-01-18,GLD,150.1135,151.9647,4165789
2024-01-18,IWM,181.4353,180.2277,5410913
2024-01-18,QQQ,69.9991,70.8622,5860197
2024-01-18,SPY,69.6027,68.8531,8359917
2024-01-18,TLT,176.1518,176.6912,5542245
2024-01-18,VNQ,40.8876,41.5119,2195243
2024-01-19,GLD,152.5511,152.9022,2537839
2024-01-19,IWM,180.0179,185.7813,5711264
2024-01-19,QQQ,70.8047,70.4162,5094732
2024-01-19,SPY,68.783,68.9067,2686031
2024-01-19,TLT,176.4707,179.3096,1380457
2024-01-19,VNQ,41.4708,41.2098,7534851
2024-01-22,GLD,152.8547,153.5785,7373437
2024-01-22,IWM,185.0637,183.7928,7711311
2024-01-22,QQQ,70.3489,68.8263,3898153
2024-01-22,SPY,68.6163,67.6837,7899748
2024-01-22,TLT,180.0095,178.2286,6743308
2024-01-22,VNQ,41.0451,40.6308,3302516
2024-01-23,GLD,153.0937,151.8407,6624157
2024-01-23,IWM,182.7927,181.2748,2522361
2024-01-23,QQQ,68.9449,70.2392,1722928
2024-01-23,SPY,67.7747,66.7553,4126571
2024-01-23,TLT,178.2341,180.4981,6452948
2024-01-23,VNQ,40.3213,40.5686,8340604
2024-01-24,GLD,151.5031,152.7104,1671722
2024-01-24,IWM,181.2801,182.0468,8359847
2024-01-24,QQQ,70.3512,70.5827,5485314
2024-01-24,SPY,66.9211,67.3805,6956318
2024-01-24,TLT,180.1042,181.3821,6947362
2024-01-24,VNQ,40.7287,40.5211,3022324
2024-01-25,GLD,152.9602,150.8345,3311435
2024-01-25,IWM,182.566,182.7822,7742226
2024-01-25,QQQ,70.4216,70.2999,4226706
2024-01-25,SPY,67.7597,67.0614,4592267
2024-01-25,TLT,181.4592,179.1283,4238692
2024-01-25,VNQ,40.6526,41.1535,2846527
2024-01-26,GLD,150.9163,151.497,2809240
2024-01-26,IWM,181.1458,184.5344,2159643
2024-01-26,QQQ,70.5359,71.0437,7680082
2024-01-26,SPY,67.3715,67.3747,3380475
2024-01-26,TLT,178.5744,181.5248,2850907
2024-01-26,VNQ,41.1119,41.6224,976709
2024-01-29,GLD,150.9719,149.8854,3588801
2024-01-29,IWM,182.9955,184.1064,1661330
2024-01-29,QQQ,71.1355,69.6548,4218700
2024-01-29,SPY,67.5002,68.3212,6152935
2024-01-29,TLT,182.0708,178.6996,7385947
2024-01-29,VNQ,41.6678,41.7371,4927134
2024-01-30,GLD,150.3504,152.6526,2021419
2024-01-30,IWM,183.5565,182.6502,1406237
2024-01-30,QQQ,69.5967,69.4884,6216876
2024-01-30,SPY,68.2777,68.8488,4031511
2024-01-30,TLT,178.2388,179.5114,1807349
2024-01-30,VNQ,41.6308,41.4162,8303036
2024-01-31,GLD,152.7303,150.2193,2596799
2024-01-31,IWM,181.6888,180.3838,4989407
2024-01-31,QQQ,68.8867,70.3235,2814800
2024-01-31,SPY,68.7529,68.9019,8271794
2024-01-31,TLT,179.2556,176.5825,6560619
2024-01-31,VNQ,41.5189,42.1369,2550947
2024-02-01,GLD,150.7888,151.939,4596811
2024-02-01,IWM,179.7801,180.4348,6464310
2024-02-01,QQQ,70.9636,71.9186,2633447
2024-02-01,SPY,68.8475,70.574,7943856
2024-02-01,TLT,176.6797,177.0207,7230495
2024-02-01,VNQ,42.3274,41.9008,4906055
2024-02-02,GLD,152.3426,153.0685,1437205
2024-02-02,IWM,181.0708,181.1753,2952705
2024-02-02,QQQ,72.046,72.2185,2414046
2024-02-02,SPY,70.4172,71.1339,5565875
2024-02-02,TLT,176.6336,176.4519,8110840
2024-02-02,VNQ,41.9522,42.2207,4825105
2024-02-05,GLD,152.9146,150.4977,3347939
2024-02-05,IWM,180.571,181.0925,4658530
2024-02-05,QQQ,71.8769,73.2718,5703312
2024-02-05,SPY,71.0817,70.8961,5596364
2024-02-05,TLT,177.0362,176.0437,4642709
2024-02-05,VNQ,41.9697,42.5791,2979822
2024-02-06,GLD,150.5333,150.1311,6640675
2024-02-06,IWM,181.502,177.9486,6589456
2024-02-06,QQQ,73.3306,71.4332,6439193
2024-02-06,SPY,70.4148,71.5098,7440645
2024-02-06,TLT,176.0425,173.1041,7875393
2024-02-06,VNQ,42.395,43.1588,6701553
2024-02-07,GLD,149.8754,152.169,7824953
2024-02-07,IWM,177.3424,174.6476,6147624
2024-02-07,QQQ,71.2607,71.5058,7641357
2024-02-07,SPY,71.5441,71.872,7641852
2024-02-07,TLT,173.1579,171.9577,4049394
2024-02-07,VNQ,43.4476,42.9228,4334111
2024-02-08,GLD,151.8723,153.7859,4767360
2024-02-08,IWM,175.3476,177.4967,7612526
2024-02-08,QQQ,71.4368,72.5548,6991730
2024-02-08,SPY,71.8664,71.2381,1898841
2024-02-08,TLT,171.9984,173.7995,5197447
2024-02-08,VNQ,43.0904,43.8922,5998323
2024-02-09,GLD,153.6813,151.3701,5102569
2024-02-09,IWM,177.7732,177.6063,4906914
2024-02-09,QQQ,72.5612,74.1415,1170229
2024-02-09,SPY,71.7292,71.3359,1715379
2024-02-09,TLT,173.8071,174.8041,7405503
2024-02-09,VNQ,43.7011,44.5766,4513368
2024-02-12,GLD,151.5504,150.6036,6986382
2024-02-12,IWM,178.2561,177.1919,1392301
2024-02-12,QQQ,74.5504,72.9136,6762752
2024-02-12,SPY,71.4809,71.2471,5926580
2024-02-12,TLT,174.8633,174.7498,7604511
2024-02-12,VNQ,44.7035,44.5723,4812756
2024-02-13,GLD,151.0903,148.9186,7527124
2024-02-13,IWM,176.4339,181.8901,7090607
2024-02-13,QQQ,73.1225,74.8064,2447950
2024-02-13,SPY,71.1556,69.7614,7891587
2024-02-13,TLT,175.5238,174.6058,1931438
2024-02-13,VNQ,44.3353,44.6078,4261861
2024-02-14,GLD,148.6115,147.4599,3933750
2024-02-14,IWM,182.6274,184.3718,6109472
2024-02-14,QQQ,74.8759,77.8058,4904199
2024-02-14,SPY,69.867,69.6694,2210425
2024-02-14,TLT,174.5324,173.6675,6027350
2024-02-14,VNQ,44.5747,43.7354,8079474
2024-02-15,GLD,147.706,146.5443,7606810
2024-02-15,IWM,184.4203,180.9128,3107543
2024-02-15,QQQ,77.7494,78.1562,2533938
2024-02-15,SPY,69.4412,69.493,7275798
2024-02-15,TLT,173.2987,175.982,5204975
2024-02-15,VNQ,43.6072,44.0359,2037542
2024-02-16,GLD,146.5618,149.092,8067946
2024-02-16,IWM,180.5715,180.163,3851617
2024-02-16,QQQ,78.3534,76.2433,3323996
2024-02-16,SPY,69.381,69.199,7521807
2024-02-16,TLT,176.4898,176.01,5062493
2024-02-16,VNQ,44.1305,44.4812,8201656
2024-02-19,GLD,149.0197,149.2557,5299927
2024-02-19,IWM,179.8649,182.7334,3103469
2024-02-19,QQQ,76.7487,77.1493,1670724
2024-02-19,SPY,68.8538,67.9971,5250557
2024-02-19,TLT,176.4053,177.8056,7899312
2024-02-19,VNQ,44.5831,44.1418,7719277
2024-02-20,GLD,149.6558,148.9135,1289403
2024-02-20,IWM,182.8999,184.4532,6120841
2024-02-20,QQQ,77.0726,78.0418,8375581
2024-02-20,SPY,68.259,67.7722,5426213
2024-02-20,TLT,177.6507,175.5753,1092626
2024-02-20,VNQ,44.0122,44.2707,3462554
2024-02-21,GLD,148.7953,148.4195,8091648
2024-02-21,IWM,184.3192,185.3331,7543893
2024-02-21,QQQ,78.3192,77.627,1132249
2024-02-21,SPY,67.8799,67.7829,5869275
2024-02-21,TLT,175.4192,173.2778,6393677
2024-02-21,VNQ,44.2657,43.8122,6272357
2024-02-22,GLD,148.9053,149.3326,7705324
2024-02-22,IWM,185.3814,189.7083,2684426
2024-02-22,QQQ,77.3789,79.4021,4200998
2024-02-22,SPY,67.5699,67.8996,1935098
2024-02-22,TLT,173.7882,175.4926,1901691
2024-02-22,VNQ,43.9442,45.3178,4388634
2024-02-23,GLD,149.2227,150.287,5023710
2024-02-23,IWM,189.7186,186.1585,5127296
2024-02-23,QQQ,79.7002,81.7278,7244624
2024-02-23,SPY,67.8886,67.0964,2836927
2024-02-23,TLT,175.5693,174.2436,4919092
2024-02-23,VNQ,45.6341,45.1091,1073470
2024-02-26,GLD,149.9697,148.9641,3105350
2024-02-26,IWM,185.24,188.4801,7437612
2024-02-26,QQQ,82.2697,80.5828,7762557
2024-02-26,SPY,67.2673,67.6062,7360831
2024-02-26,TLT,174.237,174.0605,7817386
2024-02-26,VNQ,45.178,45.2635,4327501
2024-02-27,GLD,149.2396,151.0203,7596360
2024-02-27,IWM,188.7031,187.1811,5945372
2024-02-27,QQQ,80.7101,79.3957,3878204
2024-02-27,SPY,67.6958,66.748,5404417
2024-02-27,TLT,174.0214,174.9237,2875807
2024-02-27,VNQ,45.3644,45.6559,6010928
2024-02-28,GLD,150.513,149.4602,1552740
2024-02-28,IWM,187.3105,190.6212,8430238
2024-02-28,QQQ,79.1376,79.7991,2849369
2024-02-28,SPY,66.8164,66.6245,4889972
2024-02-28,TLT,174.6875,176.4927,1822646
2024-02-28,VNQ,45.5313,45.5567,2292855
2024-02-29,GLD,149.0534,149.0468,4474792
2024-02-29,IWM,190.9995,190.6063,5074454
2024-02-29,QQQ,79.5286,81.3655,6458334
2024-02-29,SPY,66.4717,67.6302,6119689
2024-02-29,TLT,176.7479,177.6277,6477177
2024-02-29,VNQ,45.5359,45.8906,7028385
2024-03-01,GLD,148.99,149.6601,4904990
2024-03-01,IWM,190.8867,186.3622,7530318
2024-03-01,QQQ,81.0252,79.8927,1778122
2024-03-01,SPY,67.5149,67.1581,4590564
2024-03-01,TLT,177.1024,178.6479,3532184
2024-03-01,VNQ,46.1965,46.5049,4738464
2024-03-04,GLD,149.6697,152.0761,2920618
2024-03-04,IWM,186.6777,187.1888,4425464
2024-03-04,QQQ,79.9041,78.994,4765525
2024-03-04,SPY,67.1752,66.8231,8030138
2024-03-04,TLT,178.199,181.3929,1676175
2024-03-04,VNQ,46.5908,47.7649,3919840
2024-03-05,GLD,151.9895,151.5574,1543550
2024-03-05,IWM,186.6747,180.6454,1611226
2024-03-05,QQQ,78.9201,78.7056,2844517
2024-03-05,SPY,66.9879,67.6595,1516913
2024-03-05,TLT,180.6763,181.9624,5501644
2024-03-05,VNQ,47.7939,48.5321,6003970
2024-03-06,GLD,150.8665,151.9455,4689895
2024-03-06,IWM,180.8439,183.7172,7648800
2024-03-06,QQQ,78.8878,77.7556,1759043
2024-03-06,SPY,67.5095,67.4163,6098653
2024-03-06,TLT,181.7227,183.5946,4143142
2024-03-06,VNQ,48.539,50.0025,5292553
2024-03-07,GLD,151.4797,153.8051,7739937
2024-03-07,IWM,183.1074,184.775,5398617
2024-03-07,QQQ,77.4473,77.4944,4403871
2024-03-07,SPY,67.2142,67.2386,7792704
2024-03-07,TLT,183.1392,183.8272,7795803
2024-03-07,VNQ,50.3068,49.4267,5834545
2024-03-08,GLD,153.9999,154.692,2123369
2024-03-08,IWM,184.3241,188.1611,1608541
2024-03-08,QQQ,77.6913,78.7054,5293490
2024-03-08,SPY,67.4449,67.4452,4890858
2024-03-08,TLT,183.9374,184.2558,5109529
2024-03-08,VNQ,49.4117,49.0803,8244848
2024-03-11,GLD,154.8981,156.3268,2896232
2024-03-11,IWM,188.4178,189.183,8047949
2024-03-11,QQQ,78.5937,77.6591,7909787
2024-03-11,SPY,67.2774,68.272,4805516
2024-03-11,TLT,183.9593,187.5578,3035763
2024-03-11,VNQ,48.9333,48.516,2246001
2024-03-12,GLD,155.9673,157.8466,3793607
2024-03-12,IWM,189.7384,189.9171,3781341
2024-03-12,QQQ,77.17,78.5434,5790570
2024-03-12,SPY,68.4692,66.6788,7723598
2024-03-12,TLT,187.4802,187.3016,6915953
2024-03-12,VNQ,48.4659,48.6073,3963602
2024-03-13,GLD,157.9562,158.2138,4301965
2024-03-13,IWM,190.2005,194.1971,7683620
2024-03-13,QQQ,78.718,78.5625,8436683
2024-03-13,SPY,66.7222,66.1161,7470763
2024-03-13,TLT,187.5695,183.2997,2467967
2024-03-13,VNQ,48.6613,48.4111,4092322
2024-03-14,GLD,158.3014,159.139,2643789
2024-03-14,IWM,195.5923,196.7249,7582491
2024-03-14,QQQ,78.4834,78.2517,8198388
2024-03-14,SPY,66.2723,65.4296,3707918
2024-03-14,TLT,183.3277,183.59,3115960
2024-03-14,VNQ,48.4722,48.2384,6406661
2024-03-15,GLD,159.5304,160.503,2189744
2024-03-15,IWM,197.4266,192.8796,7796804
2024-03-15,QQQ,78.5353,76.6107,7875124
2024-03-15,SPY,65.7359,64.6952,1471904
2024-03-15,TLT,183.3218,184.0653,5972665
2024-03-15,VNQ,48.1249,48.3674,7426448
2024-03-18,GLD,160.2386,160.441,4341061
2024-03-18,IWM,193.5928,191.6736,6475449
2024-03-18,QQQ,76.512,76.9028,1560755
2024-03-18,SPY,64.8146,64.1316,8189621
2024-03-18,TLT,183.8491,187.2522,4633122
2024-03-18,VNQ,48.5061,48.6233,6057707
2024-03-19,GLD,161.0028,162.8625,4568407
2024-03-19,IWM,191.7062,196.1139,3338798
2024-03-19,QQQ,77.0427,77.5565,4151415
2024-03-19,SPY,64.265,63.5841,6065578
2024-03-19,TLT,186.9405,186.7928,6626661
2024-03-19,VNQ,48.6999,48.1898,3993478
2024-03-20,GLD,162.7587,159.816,1602063
2024-03-20,IWM,195.4082,193.0025,7545694
2024-03-20,QQQ,77.3978,76.6256,7693009
2024-03-20,SPY,63.4281,63.8368,8082490
2024-03-20,TLT,186.8146,185.0453,7265200
2024-03-20,VNQ,48.3722,48.3527,7809203
2024-03-21,GLD,160.3707,158.4136,5431636
2024-03-21,IWM,193.4544,189.7086,3765015
2024-03-21,QQQ,76.9451,77.7354,3091117
2024-03-21,SPY,63.7181,63.2579,3753590
2024-03-21,TLT,185.0866,185.4078,2280005
2024-03-21,VNQ,48.4084,48.4202,5492188
2024-03-22,GLD,158.7702,160.5714,4203220
2024-03-22,IWM,188.7871,187.6134,6282829
2024-03-22,QQQ,77.9727,78.9696,6506829
2024-03-22,SPY,63.3671,63.3849,5594002
2024-03-22,TLT,185.9622,188.64,5525788
2024-03-22,VNQ,48.1922,48.3919,2263210
2024-03-25,GLD,160.2032,161.2029,1421718
2024-03-25,IWM,188.1206,183.7553,2338740
2024-03-25,QQQ,79.3154,79.1936,6863026
2024-03-25,SPY,63.6458,63.7071,4978074
2024-03-25,TLT,188.9613,188.2168,4809180
2024-03-25,VNQ,48.2632,49.2126,2537706
2024-03-26,GLD,161.0981,160.2081,5233837
2024-03-26,IWM,183.1536,184.2312,2410743
2024-03-26,QQQ,79.4002,78.1663,6095979
2024-03-26,SPY,63.945,63.2409,3683674
2024-03-26,TLT,188.3834,190.5077,7872454
2024-03-26,VNQ,49.3134,48.2387,6241729
2024-03-27,GLD,160.3285,160.7649,3254721
2024-03-27,IWM,184.7314,183.7839,1619161
2024-03-27,QQQ,78.277,78.08,6625079
2024-03-27,SPY,63.6343,63.374,5644745
2024-03-27,TLT,190.2634,191.5107,5242855
2024-03-27,VNQ,48.0743,48.0222,2365051
2024-03-28,GLD,161.162,162.4079,8420851
2024-03-28,IWM,184.1072,186.5669,7775594
2024-03-28,QQQ,78.1852,79.261,3304064
2024-03-28,SPY,63.4268,64.5661,4369188
2024-03-28,TLT,191.6689,192.761,4523380
2024-03-28,VNQ,48.0275,47.7706,4026503
2024-03-29,GLD,161.8936,161.5371,1163038
2024-03-29,IWM,186.7604,185.8728,5185445
2024-03-29,QQQ,79.6802,80.43,6035347
2024-03-29,SPY,64.6011,64.8384,7175952
2024-03-29,TLT,192.3303,191.4666,3163450
2024-03-29,VNQ,47.6119,47.5744,5789485
2024-04-01,GLD,161.3607,162.6984,8477006
2024-04-01,IWM,186.4288,190.3222,8174946
2024-04-01,QQQ,80.112,80.3788,947960
2024-04-01,SPY,65.0133,64.4301,2531217
2024-04-01,TLT,190.6692,191.718,7635867
2024-04-01,VNQ,47.5564,47.3645,6187782
2024-04-02,GLD,162.9498,162.4964,3984359
2024-04-02,IWM,190.87,189.598,2692923
2024-04-02,QQQ,80.3798,80.1712,8226576
2024-04-02,SPY,64.4334,64.428,7916812
2024-04-02,TLT,191.9305,190.4633,8056098
2024-04-02,VNQ,47.709,46.9905,1371872
2024-04-03,GLD,162.6924,162.3086,5907822
2024-04-03,IWM,189.026,192.1839,6068302
2024-04-03,QQQ,80.0278,81.1613,4424062
2024-04-03,SPY,64.4172,63.8275,5634536
2024-04-03,TLT,190.8209,190.5876,2907319
2024-04-03,VNQ,46.6932,46.7109,952256
2024-04-04,GLD,161.9213,162.1892,3616674
2024-04-04,IWM,192.8701,195.5841,5149516
2024-04-04,QQQ,81.0173,82.0669,1796897
2024-04-04,SPY,63.6488,64.061,2167152
2024-04-04,TLT,189.2369,189.5099,5282700
2024-04-04,VNQ,46.8199,47.0847,5655161
2024-04-05,GLD,161.8604,163.8886,4355725
2024-04-05,IWM,195.9206,196.7455,2108332
2024-04-05,QQQ,81.5618,83.438,4756581
2024-04-05,SPY,64.2312,64.7136,1304414
2024-04-05,TLT,189.9186,191.4831,6800854
2024-04-05,VNQ,47.3463,47.4248,6408944
2024-04-08,GLD,164.0673,162.1518,7766435
2024-04-08,IWM,196.7903,196.2675,1188916
2024-04-08,QQQ,83.2055,82.1241,4435185
2024-04-08,SPY,64.5282,64.1797,7432834
2024-04-08,TLT,190.7677,190.6682,7793290
2024-04-08,VNQ,47.3973,46.7432,7644120
2024-04-09,GLD,161.7751,161.5782,6595420
2024-04-09,IWM,196.7387,192.5643,907474
2024-04-09,QQQ,82.5329,82.0514,2905485
2024-04-09,SPY,64.2678,64.077,6035131
2024-04-09,TLT,190.2117,190.352,7200080
2024-04-09,VNQ,46.8703,45.7493,7842952
2024-04-10,GLD,161.6795,162.5815,8326250
2024-04-10,IWM,192.4508,189.5851,5894904
2024-04-10,QQQ,81.7368,83.2616,3093637
2024-04-10,SPY,63.834,64.9072,1787761
2024-04-10,TLT,190.5256,186.6779,5367119
2024-04-10,VNQ,45.8646,45.4356,5736051
2024-04-11,GLD,162.945,160.7091,7909031
2024-04-11,IWM,190.4577,191.1556,5871925
2024-04-11,QQQ,83.1977,82.4198,3215559
2024-04-11,SPY,65.098,64.5996,7457596
2024-04-11,TLT,186.5656,185.1041,6688601
2024-04-11,VNQ,45.4197,44.5248,4856134
2024-04-12,GLD,160.7278,158.3165,4690393
2024-04-12,IWM,191.9059,190.1233,5586469
2024-04-12,QQQ,82.5558,82.6622,5263983
2024-04-12,SPY,64.4219,64.7777,982152
2024-04-12,TLT,185.0516,189.2263,3542854
2024-04-12,VNQ,44.411,44.6727,5381112
2024-04-15,GLD,157.3342,159.1602,6151774
2024-04-15,IWM,190.3021,191.838,3162780
2024-04-15,QQQ,82.1221,81.8298,3793540
2024-04-15,SPY,64.9242,64.1009,3321779
2024-04-15,TLT,188.7452,188.6078,7426844
2024-04-15,VNQ,44.5032,44.8521,3973081
2024-04-16,GLD,159.6126,159.1533,6814514
2024-04-16,IWM,191.0221,189.957,1848964
2024-04-16,QQQ,81.6385,83.1464,7405715
2024-04-16,SPY,63.8287,63.5736,3189354
2024-04-16,TLT,189.1041,185.9591,3261773
2024-04-16,VNQ,44.9253,43.8631,5198364
2024-04-17,GLD,159.5972,158.9234,2354578
2024-04-17,IWM,189.9318,190.0063,5013267
2024-04-17,QQQ,83.4666,84.9505,2193620
2024-04-17,SPY,63.4988,63.2627,5177725
2024-04-17,TLT,185.8734,185.963,2607809
2024-04-17,VNQ,44.0246,44.1787,4259373
2024-04-18,GLD,159.4665,159.1288,7268595
2024-04-18,IWM,190.0423,190.2287,1168501
2024-04-18,QQQ,85.1338,84.378,5055336
2024-04-18,SPY,63.4626,64.8002,3063562
2024-04-18,TLT,185.8489,185.6035,6930107
2024-04-18,VNQ,44.146,44.1438,6059552
2024-04-19,GLD,159.4633,157.6659,5528998
2024-04-19,IWM,190.5317,192.2965,5844149
2024-04-19,QQQ,84.0053,87.6091,4974973
2024-04-19,SPY,64.6606,64.5626,7419639
2024-04-19,TLT,186.265,184.7902,1323766
2024-04-19,VNQ,44.0159,43.5912,7648122
2024-04-22,GLD,157.0557,162.0575,6310048
2024-04-22,IWM,192.8464,191.3463,3082120
2024-04-22,QQQ,88.1397,88.8623,4351558
2024-04-22,SPY,64.5742,64.2428,6760477
2024-04-22,TLT,184.7808,184.3185,5337576
2024-04-22,VNQ,43.6869,44.1961,1552371
2024-04-23,GLD,162.6111,160.5502,4685779
2024-04-23,IWM,191.5463,193.3849,5697193
2024-04-23,QQQ,87.7533,88.5762,2448922
2024-04-23,SPY,64.1605,63.9019,3462372
2024-04-23,TLT,184.5497,183.5626,6052901
2024-04-23,VNQ,44.1282,45.4627,5222197
2024-04-24,GLD,160.6934,159.8842,2283828
2024-04-24,IWM,194.6826,188.8448,7753891
2024-04-24,QQQ,88.6651,89.4262,8146209
2024-04-24,SPY,63.508,63.8342,5158674
2024-04-24,TLT,183.8829,185.1102,5339391
2024-04-24,VNQ,45.4548,45.4629,4016442
2024-04-25,GLD,160.2507,157.7444,7858323
2024-04-25,IWM,189.6255,185.3857,2501505
2024-04-25,QQQ,89.8942,88.9385,6353468
2024-04-25,SPY,63.8869,64.3301,1633884
2024-04-25,TLT,185.1096,183.1565,8332539
2024-04-25,VNQ,45.5878,45.6719,3241527
2024-04-26,GLD,157.6983,157.1194,4286806
2024-04-26,IWM,184.4241,185.679,5706099
2024-04-26,QQQ,88.6903,90.5085,2845304
2024-04-26,SPY,64.4046,64.507,3850160
2024-04-26,TLT,182.6209,183.5226,8154562
2024-04-26,VNQ,45.548,45.1762,5978795
2024-04-29,GLD,157.0421,159.3955,5962376
2024-04-29,IWM,185.5129,185.2858,2580547
2024-04-29,QQQ,90.5558,90.4464,2188104
2024-04-29,SPY,64.316,65.9918,2065491
2024-04-29,TLT,183.7625,184.9167,5776348
2024-04-29,VNQ,45.2222,45.5034,8102056
2024-04-30,GLD,159.3199,159.4182,7108264
2024-04-30,IWM,186.3056,186.5889,7969711
2024-04-30,QQQ,90.4103,89.3992,4394450
2024-04-30,SPY,66.0932,66.1907,6908987
2024-04-30,TLT,184.6457,183.4672,5025974
2024-04-30,VNQ,45.187,45.3599,4414915
2024-05-01,GLD,160.0308,160.311,8272170
2024-05-01,IWM,187.0654,182.286,2436069
2024-05-01,QQQ,89.8077,89.1949,7076438
2024-05-01,SPY,66.0499,67.2732,2527493
2024-05-01,TLT,184.0065,187.2184,6494731
2024-05-01,VNQ,45.5155,45.7992,3137629
2024-05-02,GLD,160.4275,159.5751,7584580
2024-05-02,IWM,182.6461,183.0704,3545842
2024-05-02,QQQ,89.476,87.6235,2677620
2024-05-02,SPY,67.0927,67.5217,8012095
2024-05-02,TLT,187.6901,187.3291,3436682
2024-05-02,VNQ,45.8385,45.7927,8386593
2024-05-03,GLD,159.5119,162.3272,1252228
2024-05-03,IWM,182.6129,178.6457,3926641
2024-05-03,QQQ,87.3817,84.7344,2515241
2024-05-03,SPY,67.523,68.0103,6555548
2024-05-03,TLT,186.0611,187.177,2736211
2024-05-03,VNQ,45.5991,46.0667,8243349
2024-05-06,GLD,161.8522,162.5738,5435271
2024-05-06,IWM,178.3361,182.1201,7089268
2024-05-06,QQQ,85.2106,83.0206,4972850
2024-05-06,SPY,67.8864,67.0157,5773850
2024-05-06,TLT,188.0264,186.2667,3547672
2024-05-06,VNQ,46.1232,45.8745,5023902
2024-05-07,GLD,162.7671,160.6629,6206643
2024-05-07,IWM,182.4033,180.2436,7533752
2024-05-07,QQQ,83.0083,83.8073,7661600
2024-05-07,SPY,67.4283,66.9733,4121024
2024-05-07,TLT,185.7458,187.5914,3356581
2024-05-07,VNQ,45.8814,45.175,7097500
2024-05-08,GLD,160.6804,161.8316,7996177
2024-05-08,IWM,180.4537,179.0938,4540496
2024-05-08,QQQ,83.76,83.1685,6232463
2024-05-08,SPY,66.6951,66.9728,5863206
2024-05-08,TLT,187.703,184.961,3915610
2024-05-08,VNQ,45.1727,45.4847,2552057
2024-05-09,GLD,161.9044,161.2632,2552668
2024-05-09,IWM,177.7166,180.6173,7703355
2024-05-09,QQQ,82.7672,83.7343,5922095
2024-05-09,SPY,67.1053,66.8476,3973503
2024-05-09,TLT,185.1384,185.9369,6955898
2024-05-09,VNQ,45.3487,46.5683,8083122
2024-05-10,GLD,161.6516,162.1868,4939658
2024-05-10,IWM,181.2138,181.6411,1329123
2024-05-10,QQQ,83.4931,83.204,6100123
2024-05-10,SPY,67.0248,65.3719,7448642
2024-05-10,TLT,185.9171,189.6553,4907048
2024-05-10,VNQ,46.7893,45.3309,5955411
2024-05-13,GLD,162.4766,162.3964,4455346
2024-05-13,IWM,182.3674,180.269,7416223
2024-05-13,QQQ,83.388,83.2022,7496868
2024-05-13,SPY,65.0264,66.0398,7067667
2024-05-13,TLT,189.8125,190.2665,2529840
2024-05-13,VNQ,45.2119,45.5832,6805581
2024-05-14,GLD,162.4113,162.7976,2663789
2024-05-14,IWM,180.521,179.857,6059365
2024-05-14,QQQ,83.8384,83.6546,7793195
2024-05-14,SPY,65.7342,65.815,3124988
2024-05-14,TLT,190.8415,191.7335,4327726
2024-05-14,VNQ,45.606,45.1258,1181217
2024-05-15,GLD,162.894,163.0044,7314208
2024-05-15,IWM,178.9875,184.4135,2382668
2024-05-15,QQQ,83.3792,84.8216,7379787
2024-05-15,SPY,65.9141,65.5552,8074404
2024-05-15,TLT,191.881,190.2278,2491576
2024-05-15,VNQ,45.1588,44.4451,8330960
2024-05-16,GLD,163.0526,161.6125,8098893
2024-05-16,IWM,184.6978,182.0008,5939365
2024-05-16,QQQ,84.6006,83.6328,2621402
2024-05-16,SPY,65.4707,65.4245,8468675
2024-05-16,TLT,190.1705,191.6247,7585007
2024-05-16,VNQ,44.3057,44.6529,3326603
2024-05-17,GLD,161.8992,159.3317,8463210
2024-05-17,IWM,182.1552,186.219,2717172
2024-05-17,QQQ,83.1404,82.622,5896659
2024-05-17,SPY,65.4918,65.3132,2217109
2024-05-17,TLT,191.6864,190.3848,8036679
2024-05-17,VNQ,44.6984,44.6726,2938185
2024-05-20,GLD,159.6044,160.8046,5400983
2024-05-20,IWM,185.6145,184.8928,2858270
2024-05-20,QQQ,82.7259,82.7594,4441531
2024-05-20,SPY,65.5127,65.6471,2239164
2024-05-20,TLT,190.3843,189.7173,1299043
2024-05-20,VNQ,44.7134,44.8438,4412500
2024-05-21,GLD,160.8713,160.5958,2588098
2024-05-21,IWM,185.1082,181.8248,3783036
2024-05-21,QQQ,83.6672,84.8568,997562
2024-05-21,SPY,65.5818,64.8077,1007653
2024-05-21,TLT,189.6723,189.8077,2180097
2024-05-21,VNQ,44.8175,45.1313,4939111
2024-05-22,GLD,160.2859,161.0269,1589777
2024-05-22,IWM,179.7644,185.3819,7905716
2024-05-22,QQQ,85.0064,85.2907,2929143
2024-05-22,SPY,64.6233,64.2123,1244230
2024-05-22,TLT,189.8044,193.1598,5455839
2024-05-22,VNQ,45.2455,44.1893,8373459
2024-05-23,GLD,161.3606,160.3198,7442024
2024-05-23,IWM,185.8498,187.2745,6526721
2024-05-23,QQQ,84.9592,85.1258,5636609
2024-05-23,SPY,63.7448,64.4604,1679003
2024-05-23,TLT,193.1265,192.2516,1183412
2024-05-23,VNQ,44.1543,45.0916,1367416
2024-05-24,GLD,160.6734,157.2813,5612597
2024-05-24,IWM,187.6018,187.7424,2937071
2024-05-24,QQQ,85.0124,84.9953,1942544
2024-05-24,SPY,64.4957,64.6091,7155882
2024-05-24,TLT,192.6792,189.0554,7819536
2024-05-24,VNQ,45.0111,45.9366,3125953
2024-05-27,GLD,156.8986,155.3923,1899132
2024-05-27,IWM,187.2609,190.7866,3248271
2024-05-27,QQQ,84.9866,84.7553,4693755
2024-05-27,SPY,64.4486,64.397,6794692
2024-05-27,TLT,188.8231,189.3805,5810668
2024-05-27,VNQ,46.2472,45.6672,5506894
2024-05-28,GLD,155.547,157.4519,1706193
2024-05-28,IWM,190.8744,190.6222,6407857
2024-05-28,QQQ,84.4689,84.0398,3758549
2024-05-28,SPY,64.451,64.0502,2225255
2024-05-28,TLT,188.9743,190.8124,1926690
2024-05-28,VNQ,45.6679,45.7265,3776452
2024-05-29,GLD,157.3213,156.2852,3220591
2024-05-29,IWM,190.7235,189.6734,7806111
2024-05-29,QQQ,83.9141,85.2607,6237955
2024-05-29,SPY,64.0899,63.5278,6637170
2024-05-29,TLT,191.4166,192.0629,8117501
2024-05-29,VNQ,45.747,45.1174,959146
2024-05-30,GLD,155.4951,155.7182,4932874
2024-05-30,IWM,189.4687,191.5317,8163110
2024-05-30,QQQ,84.9642,87.8225,3481589
2024-05-30,SPY,63.2928,63.5356,3449723
2024-05-30,TLT,192.0202,192.5854,1570867
2024-05-30,VNQ,45.1161,45.3119,6839128
2024-05-31,GLD,155.7137,153.5713,2554113
2024-05-31,IWM,192.6282,192.696,3104910
2024-05-31,QQQ,87.8392,88.2838,7439929
2024-05-31,SPY,63.8295,64.3923,3733427
2024-05-31,TLT,193.2071,195.096,4848505
2024-05-31,VNQ,45.3759,45.4191,2260631
2024-06-03,GLD,153.9267,152.8044,1712238
2024-06-03,IWM,193.8329,191.2303,2007803
2024-06-03,QQQ,88.4809,86.4522,3793080
2024-06-03,SPY,64.5793,63.7145,4799463
2024-06-03,TLT,195.2236,196.796,6152914
2024-06-03,VNQ,45.2391,45.6074,6566643
2024-06-04,GLD,152.5528,152.264,8335424
2024-06-04,IWM,190.7793,195.1751,8094756
2024-06-04,QQQ,86.493,84.1762,1989760
2024-06-04,SPY,63.8594,64.811,5583748
2024-06-04,TLT,196.4935,198.4369,7431216
2024-06-04,VNQ,45.3678,45.5374,8164774
2024-06-05,GLD,152.022,151.9418,4696100
2024-06-05,IWM,195.6657,196.8605,2023646
2024-06-05,QQQ,84.5062,86.8034,1021204
2024-06-05,SPY,64.6058,65.4485,1744808
2024-06-05,TLT,198.7024,197.8572,4390732
2024-06-05,VNQ,45.4712,45.9044,7505869
2024-06-06,GLD,152.3177,151.8321,1709481
2024-06-06,IWM,197.8801,202.0483,5357626
2024-06-06,QQQ,85.9542,84.6206,4794399
2024-06-06,SPY,65.3772,65.1808,7718716
2024-06-06,TLT,198.7722,195.471,5060806
2024-06-06,VNQ,45.8654,46.0073,4380282
2024-06-07,GLD,151.4489,150.9245,5027135
2024-06-07,IWM,203.5217,212.9705,1298150
2024-06-07,QQQ,84.5011,87.8139,7901186
2024-06-07,SPY,65.0854,65.7791,4120712
2024-06-07,TLT,195.216,198.4834,1867213
2024-06-07,VNQ,45.9382,45.9597,3769431
2024-06-10,GLD,150.5998,150.103,6992848
2024-06-10,IWM,213.5938,209.7009,1298157
2024-06-10,QQQ,87.5906,88.5518,6058330
2024-06-10,SPY,65.7061,64.8033,4354198
2024-06-10,TLT,198.4181,197.1359,5494219
2024-06-10,VNQ,45.8779,46.1713,7002567
2024-06-11,GLD,149.9998,150.0784,7946351
2024-06-11,IWM,210.4673,212.0089,2301787
2024-06-11,QQQ,88.7823,88.4685,5698387
2024-06-11,SPY,64.6085,63.6606,3589405
2024-06-11,TLT,196.5477,199.5944,2341702
2024-06-11,VNQ,46.3151,46.5744,1657639
2024-06-12,GLD,150.3079,150.5315,4878981
2024-06-12,IWM,213.3916,213.7962,7478877
2024-06-12,QQQ,88.6596,89.727,6158167
2024-06-12,SPY,63.7347,62.8346,7101969
2024-06-12,TLT,199.7991,201.8939,8250154
2024-06-12,VNQ,46.4774,47.0257,1670563
2024-06-13,GLD,150.7633,150.324,7019302
2024-06-13,IWM,215.661,210.8193,6605611
2024-06-13,QQQ,89.3493,89.8727,3773125
2024-06-13,SPY,62.8732,62.6067,1551485
2024-06-13,TLT,201.9203,200.0028,6021766
2024-06-13,VNQ,47.2434,47.3238,8302269
2024-06-14,GLD,150.1462,152.8137,6380560
2024-06-14,IWM,211.3937,213.026,5347654
2024-06-14,QQQ,90.1093,92.3002,2689219
2024-06-14,SPY,62.6679,62.4359,1158745
2024-06-14,TLT,201.0603,199.0584,1934368
2024-06-14,VNQ,47.3384,48.1851,6135080
2024-06-17,GLD,152.7114,153.1042,4952123
2024-06-17,IWM,212.264,205.8792,7187713
2024-06-17,QQQ,92.2065,91.725,1356505
2024-06-17,SPY,62.3514,62.1393,5482683
2024-06-17,TLT,198.1641,200.0114,3198675
2024-06-17,VNQ,48.236,48.0426,6590444
2024-06-18,GLD,153.1452,153.3309,1559856
2024-06-18,IWM,205.6803,202.8129,2617593
2024-06-18,QQQ,91.5885,92.2754,1440054
2024-06-18,SPY,62.3544,62.2524,7486811
2024-06-18,TLT,200.3223,201.9594,6098419
2024-06-18,VNQ,48.0978,48.879,5934420
2024-06-19,GLD,153.1992,152.3765,5104785
2024-06-19,IWM,203.5563,205.5896,7671769
2024-06-19,QQQ,92.3533,91.6351,4166038
2024-06-19,SPY,62.2837,60.8911,4327929
2024-06-19,TLT,202.0897,200.4571,7519308
2024-06-19,VNQ,48.7921,48.6919,6440451
2024-06-20,GLD,152.0752,153.8551,4406813
2024-06-20,IWM,205.9373,201.8819,2645921
2024-06-20,QQQ,91.6814,92.4784,8471916
2024-06-20,SPY,60.4464,61.2611,2475263
2024-06-20,TLT,200.8061,200.1479,8244173
2024-06-20,VNQ,48.5796,48.5438,2567375
2024-06-21,GLD,153.468,152.3665,1084346
2024-06-21,IWM,200.8888,200.2776,3582356
2024-06-21,QQQ,91.8389,93.7471,4316163
2024-06-21,SPY,61.1562,60.3826,2113794
2024-06-21,TLT,200.1258,198.5286,5525162
2024-06-21,VNQ,48.6118,48.4032,1314478
2024-06-24,GLD,152.6307,150.0466,5112326
2024-06-24,IWM,200.0658,200.3257,5614908
2024-06-24,QQQ,92.7518,92.0005,8211011
2024-06-24,SPY,60.3734,60.0021,4279671
2024-06-24,TLT,198.7168,196.5936,3106147
2024-06-24,VNQ,48.4126,49.0189,7513499
2024-06-25,GLD,149.9772,148.662,5523936
2024-06-25,IWM,201.4257,196.8548,7719685
2024-06-25,QQQ,92.4569,89.8421,4729733
2024-06-25,SPY,60.1573,59.7825,6889008
2024-06-25,TLT,196.4312,196.9574,7155361
2024-06-25,VNQ,49.2125,48.8304,1285250
2024-06-26,GLD,149.6758,149.5253,3112880
2024-06-26,IWM,196.9376,195.1403,3052402
2024-06-26,QQQ,89.7529,91.3289,6008175
2024-06-26,SPY,59.7344,59.0914,8216012
2024-06-26,TLT,196.8619,196.3177,5329759
2024-06-26,VNQ,48.8256,48.3026,5119890
2024-06-27,GLD,149.7532,147.908,963927
2024-06-27,IWM,194.484,196.3161,5719251
2024-06-27,QQQ,91.0905,92.534,7552822
2024-06-27,SPY,59.0518,58.2741,4016426
2024-06-27,TLT,196.7672,192.9901,6511748
2024-06-27,VNQ,48.2261,48.6272,6515223
2024-06-28,GLD,147.6544,149.7179,5842507
2024-06-28,IWM,197.2144,196.7397,3438461
2024-06-28,QQQ,92.6283,93.3085,1638420
2024-06-28,SPY,58.1708,57.6931,3735354
2024-06-28,TLT,192.0093,193.8702,7391895
2024-06-28,VNQ,48.5536,48.2323,5224223
2024-07-01,GLD,149.7265,149.676,1493660
2024-07-01,IWM,196.5533,196.2155,2091948
2024-07-01,QQQ,94.0254,92.4102,5147901
2024-07-01,SPY,57.796,57.7293,1095671
2024-07-01,TLT,194.426,193.3816,6824849
2024-07-01,VNQ,48.2546,48.1568,1877630
2024-07-02,GLD,149.8043,147.537,1532507
2024-07-02,IWM,195.4247,200.1338,6158499
2024-07-02,QQQ,91.6091,90.8905,6630778
2024-07-02,SPY,57.6602,58.139,7401020
2024-07-02,TLT,193.1568,192.874,7984147
2024-07-02,VNQ,48.1888,48.1936,4484380
2024-07-03,GLD,147.6832,147.2077,4422630
2024-07-03,IWM,199.8432,199.7154,2164293
2024-07-03,QQQ,90.8582,89.5918,7533153
2024-07-03,SPY,58.0452,58.5355,7583356
2024-07-03,TLT,192.926,190.7712,2447875
2024-07-03,VNQ,48.146,48.2906,2262244
2024-07-04,GLD,147.3702,149.6987,1511615
2024-07-04,IWM,200.1972,202.1142,1151007
2024-07-04,QQQ,89.9484,89.7144,8152380
2024-07-04,SPY,58.4193,57.9591,2223497
2024-07-04,TLT,191.3489,192.1645,4440632
2024-07-04,VNQ,48.3722,48.9509,2718160
2024-07-05,GLD,149.8663,148.4761,2378249
2024-07-05,IWM,201.786,202.5508,8315856
2024-07-05,QQQ,89.9178,88.4765,7138323
2024-07-05,SPY,58.0455,57.5132,4009786
2024-07-05,TLT,192.7446,192.8528,7008525
2024-07-05,VNQ,49.2098,48.9147,6277654
2024-07-08,GLD,148.4356,146.6388,5855748
2024-07-08,IWM,202.1031,198.7738,969465
2024-07-08,QQQ,88.2776,87.2442,2320888
2024-07-08,SPY,57.4311,56.9918,2168575
2024-07-08,TLT,193.0125,193.5356,4764407
2024-07-08,VNQ,48.9762,48.182,3363823
2024-07-09,GLD,146.8711,147.339,1562593
2024-07-09,IWM,198.8497,196.2957,6538494
2024-07-09,QQQ,87.4893,87.8353,2822604
2024-07-09,SPY,56.7367,57.3101,1598324
2024-07-09,TLT,193.582,193.5868,1020295
2024-07-09,VNQ,48.1086,48.6936,6036562
2024-07-10,GLD,148.1073,149.157,2906466
2024-07-10,IWM,197.1146,198.0103,6964356
2024-07-10,QQQ,88.1807,90.2244,7856479
2024-07-10,SPY,57.4057,56.1154,7004602
2024-07-10,TLT,193.0192,194.3665,4232249
2024-07-10,VNQ,48.6614,48.2809,3419542
2024-07-11,GLD,149.0101,150.5841,1585527
2024-07-11,IWM,198.08,194.1626,6270313
2024-07-11,QQQ,90.1647,93.0463,6855720
2024-07-11,SPY,56.0102,56.9073,3095556
2024-07-11,TLT,194.4305,197.3018,7061878
2024-07-11,VNQ,48.2293,47.6571,8240545
2024-07-12,GLD,150.4567,150.105,7424083
2024-07-12,IWM,194.7353,194.9266,4839766
2024-07-12,QQQ,93.5381,93.5238,1010193
2024-07-12,SPY,56.9617,56.6551,7575670
2024-07-12,TLT,197.2305,197.787,4388688
2024-07-12,VNQ,47.402,47.4562,1757440
2024-07-15,GLD,150.3636,150.3587,4636480
2024-07-15,IWM,194.6315,196.977,1711380
2024-07-15,QQQ,93.2985,95.3123,3407516
2024-07-15,SPY,56.7119,56.2239,2838283
2024-07-15,TLT,197.6024,198.3704,7901625
2024-07-15,VNQ,47.4231,47.9221,2581297
2024-07-16,GLD,150.8083,150.8084,5198131
2024-07-16,IWM,196.1578,194.0631,5543268
2024-07-16,QQQ,94.8462,96.1616,7781700
2024-07-16,SPY,56.4054,56.471,2139244
2024-07-16,TLT,197.9272,197.7417,1939491
2024-07-16,VNQ,48.0055,47.1641,1783793
2024-07-17,GLD,151.1068,152.4776,5641767
2024-07-17,IWM,194.6982,189.22,3363562
2024-07-17,QQQ,96.6474,96.8518,4331034
2024-07-17,SPY,56.6291,57.1417,1233844
2024-07-17,TLT,197.7418,199.0745,4779295
2024-07-17,VNQ,47.0928,46.7472,3304456
2024-07-18,GLD,152.9229,155.5915,7597673
2024-07-18,IWM,189.2737,192.4481,2406285
2024-07-18,QQQ,96.8913,96.8723,1174430
2024-07-18,SPY,57.0538,57.3946,3783270
2024-07-18,TLT,199.3167,198.8198,963619
2024-07-18,VNQ,46.5753,47.3503,2115705
2024-07-19,GLD,155.5814,155.4195,7731430
2024-07-19,IWM,191.9566,197.5046,1916921
2024-07-19,QQQ,96.9929,96.103,1960354
2024-07-19,SPY,57.3691,58.0888,3414917
2024-07-19,TLT,198.5535,197.7089,6697393
2024-07-19,VNQ,47.2121,48.3944,7095849
2024-07-22,GLD,155.3431,157.3254,7360000
2024-07-22,IWM,196.8005,198.376,7152097
2024-07-22,QQQ,95.7659,95.471,6676531
2024-07-22,SPY,57.8884,58.2159,3145471
2024-07-22,TLT,197.0139,199.8866,1441671
2024-07-22,VNQ,48.6506,48.4497,1563636
2024-07-23,GLD,157.576,156.8008,5645824
2024-07-23,IWM,199.374,203.5648,8412770
2024-07-23,QQQ,95.2434,95.9669,5718839
2024-07-23,SPY,58.4779,59.0315,2181925
2024-07-23,TLT,200.1145,199.7616,1963921
2024-07-23,VNQ,48.5365,48.9982,6184146
2024-07-24,GLD,157.0578,157.6617,6265663
2024-07-24,IWM,203.1168,205.5309,3218549
2024-07-24,QQQ,95.8799,98.2712,5243314
2024-07-24,SPY,59.1014,59.8685,1586573
2024-07-24,TLT,199.2989,198.391,5712240
2024-07-24,VNQ,48.8457,49.1797,6957765
2024-07-25,GLD,158.2916,156.2632,4946839
2024-07-25,IWM,205.2191,204.1293,4725437
2024-07-25,QQQ,98.4706,96.4123,6603708
2024-07-25,SPY,60.0924,59.8493,2523359
2024-07-25,TLT,198.0902,197.3121,2234840
2024-07-25,VNQ,49.2558,49.2085,2094520
2024-07-26,GLD,156.8457,155.1248,8356454
2024-07-26,IWM,204.7834,204.8205,8013242
2024-07-26,QQQ,97.1137,95.7326,991739
2024-07-26,SPY,59.7982,60.824,5722342
2024-07-26,TLT,197.1394,196.5597,6645156
2024-07-26,VNQ,49.0846,48.6566,5590559
2024-07-29,GLD,154.4675,155.72,1913541
2024-07-29,IWM,204.0596,207.0819,6764544
2024-07-29,QQQ,96.34,94.1874,8106869
2024-07-29,SPY,60.4912,60.9766,6024267
2024-07-29,TLT,196.3215,194.8448,5758244
2024-07-29,VNQ,48.7635,48.7768,2751996
2024-07-30,GLD,156.0132,154.3914,2773829
2024-07-30,IWM,208.0908,197.8904,3354296
2024-07-30,QQQ,94.7546,95.3002,7552503
2024-07-30,SPY,61.2272,61.0786,1651264
2024-07-30,TLT,194.3468,197.5357,4353798
2024-07-30,VNQ,48.5414,48.502,7052787
2024-07-31,GLD,154.1559,155.676,1901396
2024-07-31,IWM,197.2015,198.876,7331794
2024-07-31,QQQ,95.3734,99.0917,5041450
2024-07-31,SPY,61.0938,60.5236,2103453
2024-07-31,TLT,197.1436,198.7448,5131940
2024-07-31,VNQ,48.5327,48.3965,3614934
2024-08-01,GLD,154.913,154.853,5172865
2024-08-01,IWM,199.2875,202.7248,6485483
2024-08-01,QQQ,99.0969,99.972,7459683
2024-08-01,SPY,60.5452,60.3813,5466675
2024-08-01,TLT,198.6714,196.5169,4799061
2024-08-01,VNQ,48.4991,48.4942,5041379
2024-08-02,GLD,155.0033,154.9512,4629159
2024-08-02,IWM,202.8861,205.0811,1650747
2024-08-02,QQQ,99.8521,98.1293,7668356
2024-08-02,SPY,60.3902,60.9311,1063211
2024-08-02,TLT,196.2536,198.7481,4454409
2024-08-02,VNQ,48.6517,48.7193,3629062
2024-08-05,GLD,154.8966,154.8135,1881125
2024-08-05,IWM,204.3984,204.2827,4015238
2024-08-05,QQQ,98.1098,98.9878,6629217
2024-08-05,SPY,61.0363,60.1248,4080526
2024-08-05,TLT,198.7617,198.2637,8473975
2024-08-05,VNQ,48.6605,48.2277,7039482
2024-08-06,GLD,154.6934,154.3109,3591452
2024-08-06,IWM,204.4666,203.5875,1489551
2024-08-06,QQQ,98.7157,102.1946,6894259
2024-08-06,SPY,60.2106,60.589,2256937
2024-08-06,TLT,198.567,198.8923,3225783
2024-08-06,VNQ,48.0628,47.9624,1383844
2024-08-07,GLD,153.8517,154.4862,6302971
2024-08-07,IWM,203.1769,198.3168,3193900
2024-08-07,QQQ,102.5365,101.0998,3645828
2024-08-07,SPY,60.3315,60.8602,8011014
2024-08-07,TLT,199.3391,198.3823,4910795
2024-08-07,VNQ,47.9979,48.404,7715375
2024-08-08,GLD,154.1236,156.0535,3948739
2024-08-08,IWM,198.5933,200.9051,2529643
2024-08-08,QQQ,101.8721,97.7396,7169359
2024-08-08,SPY,61.0376,61.0861,3145487
2024-08-08,TLT,197.8862,199.2883,8422705
2024-08-08,VNQ,48.4907,49.4076,4933992
2024-08-09,GLD,155.9807,160.6832,7133094
2024-08-09,IWM,201.2387,194.7707,5754812
2024-08-09,QQQ,98.3725,94.8905,7939122
2024-08-09,SPY,60.9996,59.7032,3723041
2024-08-09,TLT,198.9566,200.136,4033546
2024-08-09,VNQ,49.2593,49.498,7511439
2024-08-12,GLD,160.1244,158.8743,4591191
2024-08-12,IWM,194.0405,197.1534,2923247
2024-08-12,QQQ,94.4142,95.6627,6325220
2024-08-12,SPY,59.6285,59.6807,2154239
2024-08-12,TLT,199.9434,201.6614,3812448
2024-08-12,VNQ,49.4731,50.0038,7948584
2024-08-13,GLD,158.8391,159.3083,7705764
2024-08-13,IWM,197.4193,198.451,5279863
2024-08-13,QQQ,95.6779,92.9932,7125823
2024-08-13,SPY,59.9573,60.1401,4269989
2024-08-13,TLT,201.4838,203.3138,8153120
2024-08-13,VNQ,49.8862,50.5193,2943824
2024-08-14,GLD,159.3559,159.0269,8373136
2024-08-14,IWM,198.9194,197.467,7689171
2024-08-14,QQQ,93.3396,95.3171,2130296
2024-08-14,SPY,60.2885,59.6941,5439191
2024-08-14,TLT,203.4112,198.8749,7168174
2024-08-14,VNQ,50.69,50.2731,2855268
2024-08-15,GLD,158.9745,157.6429,4925455
2024-08-15,IWM,197.9959,199.1206,7237569
2024-08-15,QQQ,95.4246,91.9412,3029316
2024-08-15,SPY,59.6401,59.7951,6100232
2024-08-15,TLT,198.8331,198.1118,2244836
2024-08-15,VNQ,50.1757,50.7834,8446106
2024-08-16,GLD,157.7584,158.0522,6822492
2024-08-16,IWM,199.2422,202.0999,6636330
2024-08-16,QQQ,91.7487,91.7841,7618189
2024-08-16,SPY,59.4987,58.3337,7584893
2024-08-16,TLT,197.2705,198.163,1638970
2024-08-16,VNQ,50.943,50.3969,2933434
2024-08-19,GLD,158.0311,156.7274,7939166
2024-08-19,IWM,201.5667,200.7878,5514457
2024-08-19,QQQ,91.0721,90.0348,1357015
2024-08-19,SPY,58.359,58.797,2174004
2024-08-19,TLT,197.4117,197.8814,4050530
2024-08-19,VNQ,50.2653,49.628,5146382
2024-08-20,GLD,156.3032,156.5936,2285134
2024-08-20,IWM,200.2342,197.0618,4926345
2024-08-20,QQQ,89.1563,91.3018,1663691
2024-08-20,SPY,58.8819,58.4234,7212518
2024-08-20,TLT,197.9219,195.4069,5512108
2024-08-20,VNQ,49.7993,49.3469,3681126
2024-08-21,GLD,156.2168,158.4201,3796645
2024-08-21,IWM,198.0075,199.8646,5513030
2024-08-21,QQQ,91.4409,91.8806,8438722
2024-08-21,SPY,58.4108,59.0134,6107435
2024-08-21,TLT,195.8125,194.8026,2107901
2024-08-21,VNQ,49.483,49.6408,5616093
2024-08-22,GLD,158.4738,155.405,937581
2024-08-22,IWM,200.4952,199.7741,5818301
2024-08-22,QQQ,91.5615,92.8415,7986761
2024-08-22,SPY,58.8169,57.9016,4475810
2024-08-22,TLT,195.2346,194.5085,6333526
2024-08-22,VNQ,49.3855,49.211,4654588
2024-08-23,GLD,155.7619,155.7502,3593387
2024-08-23,IWM,199.1546,200.7125,8075749
2024-08-23,QQQ,92.8893,93.9647,3756402
2024-08-23,SPY,57.7792,58.3741,7496126
2024-08-23,TLT,194.6208,191.0259,6600600
2024-08-23,VNQ,49.031,49.7614,2248076
2024-08-26,GLD,155.8084,156.3898,2155680
2024-08-26,IWM,200.7809,197.7314,6015333
2024-08-26,QQQ,94.3188,92.8709,6772125
2024-08-26,SPY,58.1783,58.2677,6870272
2024-08-26,TLT,191.1174,189.5627,5961349
2024-08-26,VNQ,49.7299,49.3946,2390131
2024-08-27,GLD,156.2079,154.962,6481748
2024-08-27,IWM,196.9405,201.9978,3855941
2024-08-27,QQQ,92.734,93.0797,5538749
2024-08-27,SPY,58.3013,58.8155,5119395
2024-08-27,TLT,188.9526,190.7749,5856207
2024-08-27,VNQ,49.1807,49.7937,5562027
2024-08-28,GLD,155.0255,155.7112,1854946
2024-08-28,IWM,202.4573,204.8029,3651485
2024-08-28,QQQ,93.345,91.838,7726460
2024-08-28,SPY,58.9447,58.2766,6907708
2024-08-28,TLT,190.0712,189.4859,1865818
2024-08-28,VNQ,49.6242,49.728,5042053
2024-08-29,GLD,155.052,156.2092,7887430
2024-08-29,IWM,203.9545,201.015,5151718
2024-08-29,QQQ,91.495,91.378,6597226
2024-08-29,SPY,58.4368,57.9328,5776866
2024-08-29,TLT,189.3843,189.1467,8380267
2024-08-29,VNQ,49.7105,50.6016,3654665
2024-08-30,GLD,155.846,155.6746,4034991
2024-08-30,IWM,200.1514,195.8512,3987203
2024-08-30,QQQ,90.9014,91.6966,6147624
2024-08-30,SPY,57.8193,59.3826,5723700
2024-08-30,TLT,190.2465,189.1038,2349326
2024-08-30,VNQ,50.6245,50.4451,8168907
2024-09-02,GLD,155.5382,157.4467,1509415
2024-09-02,IWM,197.2938,196.7211,6920570
2024-09-02,QQQ,91.8588,91.1746,3190233
2024-09-02,SPY,59.42,58.8985,1998279
2024-09-02,TLT,189.4816,189.9076,4592053
2024-09-02,VNQ,50.6402,50.4285,4201239
2024-09-03,GLD,157.4249,155.4927,1988300
2024-09-03,IWM,195.7003,196.3381,7147078
2024-09-03,QQQ,90.6626,89.2756,3098610
2024-09-03,SPY,58.9859,58.4958,7000346
2024-09-03,TLT,189.6822,191.1024,3906105
2024-09-03,VNQ,50.1385,50.3994,2146331
2024-09-04,GLD,155.3753,156.419,4770168
2024-09-04,IWM,195.0178,194.6408,3401190
2024-09-04,QQQ,90.1774,87.5186,3772776
2024-09-04,SPY,58.4158,58.3635,1226131
2024-09-04,TLT,190.7392,192.8651,3785206
2024-09-04,VNQ,50.5654,49.828,5125396
2024-09-05,GLD,156.3206,156.0523,2868243
2024-09-05,IWM,194.4142,192.7247,3819091
2024-09-05,QQQ,87.6056,85.9927,1906074
2024-09-05,SPY,58.3403,57.768,3777637
2024-09-05,TLT,192.5819,193.0462,3878720
2024-09-05,VNQ,49.7464,50.1375,3122536
2024-09-06,GLD,155.6178,154.4805,4293149
2024-09-06,IWM,192.4639,192.568,5367123
2024-09-06,QQQ,86.0852,84.5832,7750236
2024-09-06,SPY,58.0974,58.5497,2640926
2024-09-06,TLT,192.6923,193.3811,6016102
2024-09-06,VNQ,49.927,49.6536,3391325
2024-09-09,GLD,154.273,154.1993,2571930
2024-09-09,IWM,192.3176,193.0916,7692163
2024-09-09,QQQ,84.8592,83.1257,4186387
2024-09-09,SPY,58.5819,59.6826,6584119
2024-09-09,TLT,193.8839,193.1454,3921100
2024-09-09,VNQ,49.5803,49.189,5354443
2024-09-10,GLD,154.2902,153.6686,1151842
2024-09-10,IWM,193.9285,193.7257,2385758
2024-09-10,QQQ,83.1382,84.9424,5285059
2024-09-10,SPY,59.8239,59.2751,5552473
2024-09-10,TLT,192.6372,193.4984,8264379
2024-09-10,VNQ,49.3866,49.0159,6456676
2024-09-11,GLD,153.0043,154.8391,3236302
2024-09-11,IWM,194.5364,198.7079,5188362
2024-09-11,QQQ,84.7261,86.0804,917420
2024-09-11,SPY,59.2061,58.2294,4872540
2024-09-11,TLT,193.6612,193.3188,2194182
2024-09-11,VNQ,48.7886,48.8314,4267626
2024-09-12,GLD,154.4021,152.6437,1739747
2024-09-12,IWM,199.1243,203.4321,6920181
2024-09-12,QQQ,86.3671,86.526,2965406
2024-09-12,SPY,58.2359,59.0052,4104801
2024-09-12,TLT,193.0177,194.6315,1633671
2024-09-12,VNQ,48.8779,49.7092,2410639
2024-09-13,GLD,152.5188,152.3397,6718810
2024-09-13,IWM,203.189,196.9495,7491085
2024-09-13,QQQ,86.5348,88.4495,1961940
2024-09-13,SPY,58.735,59.7504,6513756
2024-09-13,TLT,194.716,195.8799,7174209
2024-09-13,VNQ,49.4897,49.473,2988311
2024-09-16,GLD,152.8724,151.6614,7135257
2024-09-16,IWM,195.6069,199.6669,6609926
2024-09-16,QQQ,88.2074,89.2088,4593664
2024-09-16,SPY,59.7464,60.3194,3367605
2024-09-16,TLT,196.3085,193.537,1070104
2024-09-16,VNQ,49.1068,50.3322,3430397
2024-09-17,GLD,151.9032,153.9076,6246366
2024-09-17,IWM,200.193,203.8749,3875282
2024-09-17,QQQ,89.0056,88.5933,3347915
2024-09-17,SPY,60.5123,61.1125,6517484
2024-09-17,TLT,193.5293,189.7167,6005281
2024-09-17,VNQ,50.396,49.0366,6812240
2024-09-18,GLD,154.4755,152.2651,8093968
2024-09-18,IWM,204.0514,199.3031,6504009
2024-09-18,QQQ,88.8951,90.2337,8488308
2024-09-18,SPY,61.4569,60.5882,8340527
2024-09-18,TLT,189.7316,190.474,6362026
2024-09-18,VNQ,49.0063,49.4777,3471405
2024-09-19,GLD,152.747,153.7699,5765761
2024-09-19,IWM,199.3553,197.628,3903973
2024-09-19,QQQ,90.3794,90.9966,4860563
2024-09-19,SPY,60.7826,60.5196,1401441
2024-09-19,TLT,190.1081,189.6177,1105753
2024-09-19,VNQ,49.6882,49.4054,3526355
2024-09-20,GLD,153.6075,151.2124,5233095
2024-09-20,IWM,196.7372,196.4944,1180409
2024-09-20,QQQ,90.7765,88.1522,2335984
2024-09-20,SPY,60.6309,59.669,6094901
2024-09-20,TLT,189.3054,187.0599,5638645
2024-09-20,VNQ,49.3588,50.5338,5794222
2024-09-23,GLD,151.1876,151.6768,6169654
2024-09-23,IWM,196.4012,198.8486,4306754
2024-09-23,QQQ,88.4257,91.33,3171972
2024-09-23,SPY,59.6775,58.8088,7235819
2024-09-23,TLT,187.7063,188.6688,1931720
2024-09-23,VNQ,50.233,49.8929,2175257
2024-09-24,GLD,151.2577,151.4526,2728031
2024-09-24,IWM,199.7874,200.1798,2485813
2024-09-24,QQQ,91.714,91.1994,8086981
2024-09-24,SPY,58.7144,59.4694,4302459
2024-09-24,TLT,188.4012,191.2237,1634007
2024-09-24,VNQ,50.0577,49.8915,2785296
2024-09-25,GLD,151.8722,151.9633,1590340
2024-09-25,IWM,201.7416,201.2374,7063516
2024-09-25,QQQ,90.8638,88.8265,6943139
2024-09-25,SPY,59.4439,59.082,1174309
2024-09-25,TLT,191.1398,189.3177,3614756
2024-09-25,VNQ,49.9524,49.9558,1049808
2024-09-26,GLD,152.2244,150.9252,8345638
2024-09-26,IWM,200.9943,202.0089,4100530
2024-09-26,QQQ,88.8765,90.7105,6160746
2024-09-26,SPY,59.1791,60.582,2113806
2024-09-26,TLT,188.8152,187.7504,4786515
2024-09-26,VNQ,49.9332,48.5271,1971936
2024-09-27,GLD,151.1357,148.1354,3483015
2024-09-27,IWM,202.3341,204.9879,3627429
2024-09-27,QQQ,91.0343,90.9379,7979805
2024-09-27,SPY,60.4547,60.6698,4148263
2024-09-27,TLT,187.915,186.6325,3317985
2024-09-27,VNQ,48.5983,48.4498,1233599
2024-09-30,GLD,148.3669,145.9541,4116731
2024-09-30,IWM,205.4813,206.1644,1914037
2024-09-30,QQQ,91.4971,91.207,1500497
2024-09-30,SPY,60.8216,60.2945,4366638
2024-09-30,TLT,186.2427,185.3194,4552784
2024-09-30,VNQ,48.6338,50.1069,4231516
2024-10-01,GLD,146.1126,147.739,1818149
2024-10-01,IWM,205.7722,203.4936,3511555
2024-10-01,QQQ,91.4014,93.2971,6384521
2024-10-01,SPY,60.1358,60.8514,5391774
2024-10-01,TLT,185.4067,185.1187,5042261
2024-10-01,VNQ,50.2416,50.1457,1036904
2024-10-02,GLD,147.8117,147.9986,1912498
2024-10-02,IWM,204.3336,200.8538,1089082
2024-10-02,QQQ,92.8429,94.6159,902808
2024-10-02,SPY,60.5622,62.0767,3406190
2024-10-02,TLT,184.9406,183.2771,1422920
2024-10-02,VNQ,49.9266,50.6391,2804505
2024-10-03,GLD,148.0949,146.7553,4819842
2024-10-03,IWM,201.9494,199.1397,4141820
2024-10-03,QQQ,94.4537,95.1652,5788647
2024-10-03,SPY,61.9088,62.4409,7158109
2024-10-03,TLT,182.9758,183.2356,5762571
2024-10-03,VNQ,50.5635,50.5506,6904705
2024-10-04,GLD,147.1747,147.9668,6887141
2024-10-04,IWM,198.4146,204.6673,1044894
2024-10-04,QQQ,94.8804,95.5627,4240246
2024-10-04,SPY,62.1632,61.6719,993913
2024-10-04,TLT,183.3672,182.5721,1762107
2024-10-04,VNQ,50.5776,51.4533,8470888
2024-10-07,GLD,147.6928,146.8858,2865444
2024-10-07,IWM,206.3743,206.0121,6422285
2024-10-07,QQQ,95.7125,95.7786,4145813
2024-10-07,SPY,61.4457,61.9569,1337359
2024-10-07,TLT,182.8751,184.2548,4339705
2024-10-07,VNQ,51.4334,50.9918,5975428
2024-10-08,GLD,146.5251,145.8198,6218778
2024-10-08,IWM,206.4827,208.4406,7290192
2024-10-08,QQQ,95.471,95.5858,4621266
2024-10-08,SPY,62.145,62.9163,2019642
2024-10-08,TLT,183.7855,184.0682,8177450
2024-10-08,VNQ,50.9935,50.3731,8392239
2024-10-09,GLD,145.8213,144.1131,8374662
2024-10-09,IWM,209.8509,213.9406,3899625
2024-10-09,QQQ,95.7495,93.6424,6929957
2024-10-09,SPY,62.8826,62.6244,6003799
2024-10-09,TLT,184.4547,185.5037,1450729
2024-10-09,VNQ,50.3325,50.8542,2974114
2024-10-10,GLD,144.5077,145.6785,6146730
2024-10-10,IWM,215.4282,215.4239,3991727
2024-10-10,QQQ,93.8543,95.2796,5810935
2024-10-10,SPY,62.661,62.1468,2223963
2024-10-10,TLT,185.5656,187.9625,7959316
2024-10-10,VNQ,50.592,50.1017,4180059
2024-10-11,GLD,145.7613,148.3558,5926273
2024-10-11,IWM,216.0448,209.527,7998961
2024-10-11,QQQ,95.4931,95.3514,4791684
2024-10-11,SPY,62.3398,62.8663,3521891
2024-10-11,TLT,188.2891,188.8121,1126486
2024-10-11,VNQ,50.1897,50.1369,6592135
2024-10-14,GLD,148.2847,146.9604,3816240
2024-10-14,IWM,209.3527,210.7303,3174209
2024-10-14,QQQ,95.3374,95.2538,3672005
2024-10-14,SPY,63.0785,62.9998,6475679
2024-10-14,TLT,189.2481,189.8804,4981901
2024-10-14,VNQ,50.0992,48.9517,4145720
2024-10-15,GLD,147.2498,147.3107,1652969
2024-10-15,IWM,210.8145,209.1517,1933382
2024-10-15,QQQ,94.6973,96.4332,2010053
2024-10-15,SPY,62.9147,62.2989,1211448
2024-10-15,TLT,189.6534,189.0374,5724420
2024-10-15,VNQ,48.6979,49.3244,7652142
2024-10-16,GLD,147.3502,148.624,3044987
2024-10-16,IWM,209.4721,207.7522,7409144
2024-10-16,QQQ,97.6404,95.4781,2638426
2024-10-16,SPY,62.5209,62.0843,7168263
2024-10-16,TLT,188.912,189.028,8249479
2024-10-16,VNQ,49.557,49.0354,5305422
2024-10-17,GLD,147.9615,151.5681,1027769
2024-10-17,IWM,208.7344,205.8416,3387788
2024-10-17,QQQ,95.9757,94.9335,4940411
2024-10-17,SPY,62.1483,61.6217,3425833
2024-10-17,TLT,189.1194,192.8655,6890635
2024-10-17,VNQ,48.9597,49.075,6720019
2024-10-18,GLD,151.2102,148.1155,2638612
2024-10-18,IWM,205.4246,205.6259,945430
2024-10-18,QQQ,94.9716,95.9957,7730210
2024-10-18,SPY,61.6223,61.8553,1978007
2024-10-18,TLT,193.3125,195.201,8322891
2024-10-18,VNQ,49.1371,49.1364,3061375
2024-10-21,GLD,147.389,148.2547,7140070
2024-10-21,IWM,205.9195,202.2302,3893754
2024-10-21,QQQ,96.2005,95.7227,6963143
2024-10-21,SPY,61.9285,61.9655,5768475
2024-10-21,TLT,194.1785,195.2412,1201991
2024-10-21,VNQ,48.9775,49.2919,4634652
2024-10-22,GLD,148.1787,149.1011,5479993
2024-10-22,IWM,203.1929,205.3301,4256297
2024-10-22,QQQ,95.7553,94.1658,7449785
2024-10-22,SPY,61.7295,62.7716,4373822
2024-10-22,TLT,195.9305,194.5247,2907470
2024-10-22,VNQ,49.2957,49.0215,7237032
2024-10-23,GLD,148.9453,146.9701,3396967
2024-10-23,IWM,204.3085,207.4968,3654541
2024-10-23,QQQ,94.071,92.6999,6959897
2024-10-23,SPY,62.6396,63.2884,1529709
2024-10-23,TLT,194.4071,194.2286,7620696
2024-10-23,VNQ,48.9688,48.6628,5011001
2024-10-24,GLD,147.1232,147.4751,3284521
2024-10-24,IWM,208.276,209.0589,7787753
2024-10-24,QQQ,92.1505,97.0237,5916580
2024-10-24,SPY,63.2701,62.2747,5542108
2024-10-24,TLT,193.5001,196.0835,8291063
2024-10-24,VNQ,48.9247,49.1268,6899041
2024-10-25,GLD,148.2112,147.6863,5856349
2024-10-25,IWM,208.9849,210.4369,3907907
2024-10-25,QQQ,97.2831,96.2511,1960140
2024-10-25,SPY,62.3764,62.5838,7346897
2024-10-25,TLT,195.9871,192.51,2836499
2024-10-25,VNQ,48.8769,49.7995,2171591
2024-10-28,GLD,147.4804,148.6336,6419492
2024-10-28,IWM,209.8092,207.44,2645608
2024-10-28,QQQ,96.6492,99.6622,7121704
2024-10-28,SPY,62.5215,63.2252,2542869
2024-10-28,TLT,192.0622,192.898,8090971
2024-10-28,VNQ,49.8617,48.8771,1451441
2024-10-29,GLD,148.6376,147.7512,2054541
2024-10-29,IWM,207.4094,210.3103,6565229
2024-10-29,QQQ,99.5734,98.5958,1420707
2024-10-29,SPY,63.2036,63.5719,1226580
2024-10-29,TLT,193.6797,190.6149,6785486
2024-10-29,VNQ,48.8302,48.4413,7701074
2024-10-30,GLD,147.62,148.2677,7847268
2024-10-30,IWM,209.2609,207.5494,3438631
2024-10-30,QQQ,98.314,99.2033,5476034
2024-10-30,SPY,63.7371,64.3145,4850256
2024-10-30,TLT,190.4066,192.9962,4725361
2024-10-30,VNQ,48.5211,48.1718,4973159
2024-10-31,GLD,147.2913,147.3537,6943115
2024-10-31,IWM,208.7539,202.8749,7364976
2024-10-31,QQQ,99.6702,98.5502,3434093
2024-10-31,SPY,64.558,63.9742,2717137
2024-10-31,TLT,192.7155,190.5176,5458610
2024-10-31,VNQ,48.177,47.7674,5444913
2024-11-01,GLD,147.0914,148.1301,7328874
2024-11-01,IWM,202.3076,202.0919,4087869
2024-11-01,QQQ,98.6578,96.8163,2280305
2024-11-01,SPY,64.1057,63.3626,6375953
2024-11-01,TLT,190.3366,192.0285,2502154
2024-11-01,VNQ,47.6729,48.305,8081108
2024-11-04,GLD,147.8811,148.281,3199477
2024-11-04,IWM,201.2543,202.6988,7090732
2024-11-04,QQQ,96.3346,96.3652,2689372
2024-11-04,SPY,63.5781,64.0335,3405093
2024-11-04,TLT,191.6122,191.4906,2181592
2024-11-04,VNQ,48.4099,48.258,7222385
2024-11-05,GLD,148.3784,147.6825,1161141
2024-11-05,IWM,202.441,203.4665,5779451
2024-11-05,QQQ,96.2908,99.5632,5792095
2024-11-05,SPY,63.9642,63.3431,3213339
2024-11-05,TLT,191.528,191.4763,5571861
2024-11-05,VNQ,48.2326,48.0518,4290670
2024-11-06,GLD,147.3932,145.6491,1994891
2024-11-06,IWM,203.4616,206.9201,6369937
2024-11-06,QQQ,99.654,98.4111,4078630
2024-11-06,SPY,63.2911,61.93,1388048
2024-11-06,TLT,191.6906,194.2657,6464938
2024-11-06,VNQ,48.1806,48.2369,4611855
2024-11-07,GLD,145.2091,147.8618,5815114
2024-11-07,IWM,206.4246,205.9971,4689938
2024-11-07,QQQ,98.8281,96.8973,5484509
2024-11-07,SPY,61.9828,62.649,1963690
2024-11-07,TLT,194.2949,194.2113,8083456
2024-11-07,VNQ,48.2919,48.999,7093941
2024-11-08,GLD,148.0686,149.3448,4609820
2024-11-08,IWM,207.1434,209.9615,6679166
2024-11-08,QQQ,97.2152,97.5192,6012953
2024-11-08,SPY,62.5985,62.1997,7933765
2024-11-08,TLT,193.7985,195.3504,4668467
2024-11-08,VNQ,48.8918,47.7896,8369845
2024-11-11,GLD,149.3238,150.5158,1293716
2024-11-11,IWM,210.8356,215.088,7529771
2024-11-11,QQQ,97.5018,96.018,7708023
2024-11-11,SPY,62.1153,62.0306,6189608
2024-11-11,TLT,195.6979,195.9807,6980195
2024-11-11,VNQ,47.8878,48.0697,2205945
2024-11-12,GLD,150.2012,149.4978,3040343
2024-11-12,IWM,214.3989,216.4954,5303583
2024-11-12,QQQ,96.9612,94.8267,7962685
2024-11-12,SPY,62.3056,61.1426,8244039
2024-11-12,TLT,195.8964,193.9382,8405096
2024-11-12,VNQ,47.7628,47.9331,7056117
2024-11-13,GLD,149.2335,148.9273,3158024
2024-11-13,IWM,214.8508,213.5639,5481140
2024-11-13,QQQ,94.4984,92.7312,1040336
2024-11-13,SPY,61.1096,60.3138,1264647
2024-11-13,TLT,193.8013,193.8315,8467341
2024-11-13,VNQ,47.8347,47.6952,3455635
2024-11-14,GLD,148.8241,151.2182,3629750
2024-11-14,IWM,214.8484,218.097,1209435
2024-11-14,QQQ,92.4345,94.1453,5178839
2024-11-14,SPY,60.158,59.6038,7777529
2024-11-14,TLT,194.2528,195.4856,5713115
2024-11-14,VNQ,47.7507,47.6301,6528234
2024-11-15,GLD,151.512,152.2068,3167709
2024-11-15,IWM,217.7553,218.4885,1419489
2024-11-15,QQQ,93.7422,95.1506,7141502
2024-11-15,SPY,59.6816,59.4061,5707663
2024-11-15,TLT,195.5242,196.0605,7626003
2024-11-15,VNQ,47.81,46.4751,1463825
2024-11-18,GLD,152.719,150.9081,7289047
2024-11-18,IWM,217.735,219.3449,6227080
2024-11-18,QQQ,95.7052,91.6948,3233468
2024-11-18,SPY,59.6988,59.674,2411233
2024-11-18,TLT,194.849,196.3742,3556034
2024-11-18,VNQ,46.3601,46.4077,2496740
2024-11-19,GLD,150.4469,150.8956,5122359
2024-11-19,IWM,220.8036,215.1271,3517606
2024-11-19,QQQ,92.3817,92.6663,2683853
2024-11-19,SPY,59.6869,58.2545,5444936
2024-11-19,TLT,196.5752,195.0998,2547714
2024-11-19,VNQ,46.2391,46.5778,4115730
2024-11-20,GLD,151.3124,151.0187,8261884
2024-11-20,IWM,215.1875,209.7958,3367498
2024-11-20,QQQ,93.1425,92.3162,1281232
2024-11-20,SPY,58.4469,58.7568,7232069
2024-11-20,TLT,194.2657,197.7786,2795889
2024-11-20,VNQ,46.7615,46.3328,7762381
2024-11-21,GLD,151.0404,150.6553,1229822
2024-11-21,IWM,209.0323,215.0071,4056118
2024-11-21,QQQ,92.5107,92.1873,3718543
2024-11-21,SPY,58.6879,58.0482,4266570
2024-11-21,TLT,197.23,196.773,4923626
2024-11-21,VNQ,46.5106,45.6112,4449882
2024-11-22,GLD,150.7857,149.2403,2843734
2024-11-22,IWM,214.3128,217.8473,1822195
2024-11-22,QQQ,92.5516,91.1167,4749313
2024-11-22,SPY,57.9719,57.4191,3466951
2024-11-22,TLT,196.5783,199.918,2175135
2024-11-22,VNQ,45.6651,45.1993,8074276
2024-11-25,GLD,149.5842,150.9419,2645516
2024-11-25,IWM,219.3597,215.7471,8465217
2024-11-25,QQQ,91.02,91.4136,3053689
2024-11-25,SPY,57.3131,57.8673,8170063
2024-11-25,TLT,199.9477,200.2354,3774844
2024-11-25,VNQ,45.2033,45.5979,4833197
2024-11-26,GLD,150.6024,151.7063,5118262
2024-11-26,IWM,216.8144,214.6788,5115278
2024-11-26,QQQ,91.3925,92.2949,3957175
2024-11-26,SPY,57.8451,57.8508,3094669
2024-11-26,TLT,200.3464,201.4762,2828137
2024-11-26,VNQ,45.4697,46.4956,6096074
2024-11-27,GLD,152.0158,151.346,8000859
2024-11-27,IWM,214.7204,211.26,4447783
2024-11-27,QQQ,92.9171,91.1289,2694824
2024-11-27,SPY,58.136,56.9358,7020820
2024-11-27,TLT,201.2526,198.9381,908973
2024-11-27,VNQ,46.5552,46.4894,7483417
2024-11-28,GLD,150.8844,149.0366,6394143
2024-11-28,IWM,211.9085,211.5296,6220923
2024-11-28,QQQ,91.1111,91.0919,8468790
2024-11-28,SPY,56.76,58.1011,6143966
2024-11-28,TLT,199.2407,199.1185,5166549
2024-11-28,VNQ,46.37,46.8684,8267733
2024-11-29,GLD,148.8758,148.1416,1125740
2024-11-29,IWM,211.4419,205.5914,4954166
2024-11-29,QQQ,90.7441,91.0011,6815677
2024-11-29,SPY,58.3563,57.597,1260130
2024-11-29,TLT,199.2548,197.4307,4439431
2024-11-29,VNQ,46.6164,47.572,1040588
2024-12-02,GLD,147.8483,148.0606,4337330
2024-12-02,IWM,205.4703,208.318,5512762
2024-12-02,QQQ,90.7647,89.848,2419192
2024-12-02,SPY,57.4417,57.7786,1548710
2024-12-02,TLT,197.253,197.5645,6390920
2024-12-02,VNQ,47.1613,47.7517,6650935
2024-12-03,GLD,148.652,149.2051,3516704
2024-12-03,IWM,208.8684,209.858,7983399
2024-12-03,QQQ,89.6308,89.0692,6325707
2024-12-03,SPY,57.7424,57.931,1422685
2024-12-03,TLT,196.8312,199.6868,2481631
2024-12-03,VNQ,47.8209,47.2315,7935874
2024-12-04,GLD,149.7847,148.6108,3001748
2024-12-04,IWM,210.0252,213.5954,3311899
2024-12-04,QQQ,89.0094,88.892,5535022
2024-12-04,SPY,58.0608,58.8421,941194
2024-12-04,TLT,199.8567,200.3132,8139228
2024-12-04,VNQ,47.254,47.4072,2135544
2024-12-05,GLD,148.879,150.1016,4625587
2024-12-05,IWM,214.1602,214.143,1493090
2024-12-05,QQQ,89.5044,90.0212,7142437
2024-12-05,SPY,58.9415,58.5842,4167866
2024-12-05,TLT,199.7445,200.7592,1157108
2024-12-05,VNQ,47.0506,48.3929,1050809
2024-12-06,GLD,150.2868,150.2276,5147627
2024-12-06,IWM,214.8375,216.3923,4845583
2024-12-06,QQQ,90.4079,89.0726,6807571
2024-12-06,SPY,58.6285,59.2487,7974878
2024-12-06,TLT,200.3476,202.5049,6348244
2024-12-06,VNQ,48.2474,48.0281,3625701
2024-12-09,GLD,150.0433,149.1024,1726339
2024-12-09,IWM,217.3282,218.0659,6562388
2024-12-09,QQQ,89.6869,89.067,8348826
2024-12-09,SPY,58.9877,58.808,6280370
2024-12-09,TLT,202.2113,200.3679,6505483
2024-12-09,VNQ,47.8574,47.772,3961548
2024-12-10,GLD,149.7178,145.1497,8118295
2024-12-10,IWM,216.9119,219.9948,5960447
2024-12-10,QQQ,89.0535,90.4445,4300228
2024-12-10,SPY,58.8651,59.5473,3589877
2024-12-10,TLT,200.0208,200.5675,8204719
2024-12-10,VNQ,47.5852,47.0903,2903336
2024-12-11,GLD,145.631,143.4795,3117907
2024-12-11,IWM,218.7488,218.3907,3073492
2024-12-11,QQQ,90.0992,92.3801,3231015
2024-12-11,SPY,59.3845,59.0905,5984990
2024-12-11,TLT,199.5222,199.4986,7724264
2024-12-11,VNQ,46.8263,47.1652,4865893
2024-12-12,GLD,143.7873,141.4059,8103712
2024-12-12,IWM,218.258,222.1984,3427368
2024-12-12,QQQ,92.5479,90.3224,2311125
2024-12-12,SPY,59.4984,58.8893,6941637
2024-12-12,TLT,199.4116,201.4805,1237165
2024-12-12,VNQ,47.188,46.6235,8205107
2024-12-13,GLD,141.3729,141.1375,5645599
2024-12-13,IWM,220.786,218.259,2778628
2024-12-13,QQQ,90.6859,90.606,2100828
2024-12-13,SPY,58.8557,60.1251,1348696
2024-12-13,TLT,201.0064,200.2418,3433508
2024-12-13,VNQ,46.5693,47.0807,6774946
2024-12-16,GLD,141.0262,141.516,1648418
2024-12-16,IWM,218.2653,216.7984,4292053
2024-12-16,QQQ,90.5073,90.263,7048958
2024-12-16,SPY,60.1554,60.3572,4135936
2024-12-16,TLT,199.8631,203.1743,3374981
2024-12-16,VNQ,46.9555,47.5703,7676720
2024-12-17,GLD,141.4926,143.3213,3411537
2024-12-17,IWM,216.9763,216.8011,7011941
2024-12-17,QQQ,89.699,89.4945,5759300
2024-12-17,SPY,60.1722,60.4557,6915623
2024-12-17,TLT,203.4365,206.9273,958620
2024-12-17,VNQ,47.1207,47.2486,5000591
2024-12-18,GLD,143.7746,143.2389,3555033
2024-12-18,IWM,216.9633,224.4188,1905683
2024-12-18,QQQ,89.6051,88.4954,7621371
2024-12-18,SPY,60.3783,61.9528,1604715
2024-12-18,TLT,207.6638,203.1065,1676382
2024-12-18,VNQ,47.4643,47.0581,4178968
2024-12-19,GLD,142.9263,141.6156,5141646
2024-12-19,IWM,225.5117,221.4608,8015711
2024-12-19,QQQ,88.7873,90.8198,1411212
2024-12-19,SPY,61.739,62.2208,4952259
2024-12-19,TLT,203.1618,202.8684,5784194
2024-12-19,VNQ,46.9672,47.0744,6755874
2024-12-20,GLD,141.6603,144.7337,5969598
2024-12-20,IWM,220.4582,222.6183,2414422
2024-12-20,QQQ,90.6605,92.2266,6813212
2024-12-20,SPY,62.3845,61.7067,4506312
2024-12-20,TLT,202.4745,200.0623,3687350
2024-12-20,VNQ,47.2591,46.4628,4767433
2024-12-23,GLD,145.2966,145.0954,8075035
2024-12-23,IWM,221.3792,224.2044,5087202
2024-12-23,QQQ,91.6979,91.849,3435226
2024-12-23,SPY,61.6635,62.2214,4554449
2024-12-23,TLT,199.7372,202.3268,5504870
2024-12-23,VNQ,46.4864,46.1393,6367169
2024-12-24,GLD,145.4037,144.6702,6436832
2024-12-24,IWM,224.5899,219.0722,3030711
2024-12-24,QQQ,92.0226,91.9881,1528918
2024-12-24,SPY,62.3152,61.4657,2199171
2024-12-24,TLT,202.7889,200.8181,6673821
2024-12-24,VNQ,46.0618,47.1517,5266154
2024-12-25,GLD,145.2705,144.2481,1632920
2024-12-25,IWM,218.6102,227.1753,2964570
2024-12-25,QQQ,92.4755,91.8721,3374051
2024-12-25,SPY,61.3532,62.2398,5500243
2024-12-25,TLT,200.7715,202.0023,1144081
2024-12-25,VNQ,47.0442,47.1569,3063292
2024-12-26,GLD,144.3964,142.3542,3659930
2024-12-26,IWM,227.2114,230.8874,1165784
2024-12-26,QQQ,91.5523,91.5915,6320428
2024-12-26,SPY,62.1563,63.0757,1514440
2024-12-26,TLT,201.4427,202.6254,4844260
2024-12-26,VNQ,47.1604,45.3714,3197974
2024-12-27,GLD,142.5058,143.1494,5999815
2024-12-27,IWM,231.819,232.1591,7504008
2024-12-27,QQQ,91.7764,92.7512,5810549
2024-12-27,SPY,63.2937,62.7164,6593917
2024-12-27,TLT,203.5785,201.0064,5006429
2024-12-27,VNQ,45.4825,46.1027,1724055
2024-12-30,GLD,143.6234,143.5932,1417002
2024-12-30,IWM,232.7503,231.6699,3006878
2024-12-30,QQQ,92.9575,92.0875,6197121
2024-12-30,SPY,62.5535,62.3223,1044076
2024-12-30,TLT,201.3213,198.3527,7248520
2024-12-30,VNQ,45.9798,46.1138,2213999
2024-12-31,GLD,143.8225,145.702,1087869
2024-12-31,IWM,231.4757,234.5272,7072066
2024-12-31,QQQ,92.0162,93.1243,3462833
2024-12-31,SPY,62.0224,62.4661,4342078
2024-12-31,TLT,198.0363,200.3937,1778254
2024-12-31,VNQ,46.1998,46.1014,3803618
2025-01-01,GLD,145.8293,147.1641,4551042
2025-01-01,IWM,236.1802,227.0408,4460474
2025-01-01,QQQ,93.3899,91.1107,3857831
2025-01-01,SPY,62.5341,62.5012,3946174
2025-01-01,TLT,200.0702,199.3796,8102560
2025-01-01,VNQ,45.8672,46.9019,7539342
2025-01-02,GLD,146.9984,148.3136,3860946
2025-01-02,IWM,226.1251,232.699,1083663
2025-01-02,QQQ,90.788,91.4798,8330405
2025-01-02,SPY,62.3106,61.8754,7272672
2025-01-02,TLT,198.6472,199.9135,6053460
2025-01-02,VNQ,46.8791,47.6628,3358178
2025-01-03,GLD,147.8094,150.0244,3680500
2025-01-03,IWM,232.6618,231.786,1435660
2025-01-03,QQQ,91.6893,91.3312,5181492
2025-01-03,SPY,61.8027,62.2781,2865138
2025-01-03,TLT,198.9484,202.5244,4904864
2025-01-03,VNQ,47.7939,48.3264,5143686
2025-01-06,GLD,150.5613,149.5596,6357640
2025-01-06,IWM,230.7922,235.4455,4854022
2025-01-06,QQQ,91.0054,90.5514,7394658
2025-01-06,SPY,62.4303,60.9554,1030540
2025-01-06,TLT,202.5479,202.5277,3360726
2025-01-06,VNQ,48.6003,49.1088,2584449
2025-01-07,GLD,149.4255,148.8724,7646647
2025-01-07,IWM,235.5572,232.1332,1087378
2025-01-07,QQQ,90.3589,91.1608,3470739
2025-01-07,SPY,60.8219,60.6974,3453647
2025-01-07,TLT,202.102,202.0376,2328912
2025-01-07,VNQ,49.5304,48.0829,7110580
2025-01-08,GLD,148.6248,148.7418,8169218
2025-01-08,IWM,232.3524,230.2058,1077955
2025-01-08,QQQ,91.7296,91.3762,6243804
2025-01-08,SPY,60.8404,60.4591,7425115
2025-01-08,TLT,202.5846,200.2595,6533076
2025-01-08,VNQ,48.0379,48.5906,2577692
2025-01-09,GLD,149.0574,146.9414,5588726
2025-01-09,IWM,229.4054,222.5157,2778232
2025-01-09,QQQ,91.4471,90.9544,2949103
2025-01-09,SPY,60.3489,60.3057,8208869
2025-01-09,TLT,199.9354,201.1445,6317573
2025-01-09,VNQ,48.4779,48.1919,2950567
2025-01-10,GLD,146.6491,146.6843,4419272
2025-01-10,IWM,223.6634,221.6976,5093100
2025-01-10,QQQ,90.4497,92.8602,8421303
2025-01-10,SPY,60.5469,60.5276,1795603
2025-01-10,TLT,201.0497,199.7328,1109013
2025-01-10,VNQ,48.0182,48.101,2415245
2025-01-13,GLD,146.2339,146.1708,4062811
2025-01-13,IWM,222.3987,221.5794,6590921
2025-01-13,QQQ,93.3624,92.7201,5256019
2025-01-13,SPY,60.7427,59.7594,7201762
2025-01-13,TLT,200.0658,196.8016,8291771
2025-01-13,VNQ,47.9018,48.6933,1557157
2025-01-14,GLD,145.9895,147.0404,5681847
2025-01-14,IWM,222.1101,219.4288,6076600
2025-01-14,QQQ,92.8636,92.4894,8413301
2025-01-14,SPY,59.684,60.1598,7301086
2025-01-14,TLT,196.1522,195.8225,1325648
2025-01-14,VNQ,48.4738,49.2616,5794429
2025-01-15,GLD,147.0332,146.9639,1400687
2025-01-15,IWM,220.2904,224.6086,7616201
2025-01-15,QQQ,91.8564,91.7718,7082149
2025-01-15,SPY,60.1254,60.0661,6264890
2025-01-15,TLT,195.9967,194.7734,4468443
2025-01-15,VNQ,49.3947,49.446,3728548
2025-01-16,GLD,147.0722,144.2829,4607067
2025-01-16,IWM,226.1162,224.1992,3591947
2025-01-16,QQQ,92.2193,93.3688,7287576
2025-01-16,SPY,59.9324,59.6711,7764568
2025-01-16,TLT,194.0336,192.0109,3846621
2025-01-16,VNQ,49.4679,49.0942,1376237
2025-01-17,GLD,144.4707,144.2707,7898026
2025-01-17,IWM,223.9935,223.8674,7333357
2025-01-17,QQQ,93.5317,94.7777,1664414
2025-01-17,SPY,59.7031,58.8253,2754781
2025-01-17,TLT,192.9931,191.6336,5231918
2025-01-17,VNQ,49.1955,49.7451,1355228
2025-01-20,GLD,144.6135,146.1604,1801169
2025-01-20,IWM,222.7895,220.8249,2084636
2025-01-20,QQQ,94.8445,91.4724,2162334
2025-01-20,SPY,59.0066,58.1055,1681861
2025-01-20,TLT,191.0339,193.0644,7223074
2025-01-20,VNQ,49.6153,49.5112,4532933
2025-01-21,GLD,146.1358,143.5951,988853
2025-01-21,IWM,220.3656,222.7483,5709878
2025-01-21,QQQ,91.4649,90.2474,4694505
2025-01-21,SPY,57.8809,58.3509,6599137
2025-01-21,TLT,192.6592,194.0899,3993981
2025-01-21,VNQ,49.5774,49.6081,7441722
2025-01-22,GLD,143.7334,142.5172,1584598
2025-01-22,IWM,221.6843,221.2015,4336134
2025-01-22,QQQ,90.6119,90.7803,4596617
2025-01-22,SPY,58.4944,57.7719,6497291
2025-01-22,TLT,195.1105,197.6676,2468454
2025-01-22,VNQ,49.6327,49.7409,1351202
2025-01-23,GLD,142.4953,142.4894,2427341
2025-01-23,IWM,222.0033,220.85,7713036
2025-01-23,QQQ,90.5984,92.1554,4282216
2025-01-23,SPY,57.5675,57.8316,6203837
2025-01-23,TLT,197.4337,199.7178,2223834
2025-01-23,VNQ,49.8522,49.986,5137308
2025-01-24,GLD,142.2917,140.6653,5125041
2025-01-24,IWM,220.1572,217.6265,8227987
2025-01-24,QQQ,92.2369,92.9259,1980943
2025-01-24,SPY,57.6987,58.5131,1892779
2025-01-24,TLT,200.0034,200.2236,7478730
2025-01-24,VNQ,49.9573,49.3747,1986137
2025-01-27,GLD,140.8134,139.8884,6134875
2025-01-27,IWM,218.0312,221.3744,1888370
2025-01-27,QQQ,93.4007,92.8385,8047140
2025-01-27,SPY,58.2337,59.1838,4912543
2025-01-27,TLT,200.1605,196.6606,6749317
2025-01-27,VNQ,49.3654,49.7728,4932708
2025-01-28,GLD,140.0198,139.9142,7545412
2025-01-28,IWM,220.6037,225.9233,4286701
2025-01-28,QQQ,92.2907,94.9963,6619099
2025-01-28,SPY,59.5182,60.2012,5372375
2025-01-28,TLT,195.6601,197.1012,8127235
2025-01-28,VNQ,49.6752,50.0523,7609084
2025-01-29,GLD,140.5379,138.1337,6654435
2025-01-29,IWM,226.1269,225.0067,3480461
2025-01-29,QQQ,94.5786,94.3178,4582725
2025-01-29,SPY,60.2106,60.0302,2715537
2025-01-29,TLT,197.1157,199.3087,2120087
2025-01-29,VNQ,50.1991,49.7067,7197069
2025-01-30,GLD,138.3431,138.4717,2848144
2025-01-30,IWM,223.727,226.3979,6166043
2025-01-30,QQQ,94.376,94.5365,8199334
2025-01-30,SPY,60.0696,59.356,4339128
2025-01-30,TLT,198.858,198.8755,5595643
2025-01-30,VNQ,49.6616,49.9243,4859244
2025-01-31,GLD,138.2618,138.9622,2711879
2025-01-31,IWM,226.6856,224.4305,7989908
2025-01-31,QQQ,94.1929,94.6228,1712890
2025-01-31,SPY,59.2487,60.0276,2479498
2025-01-31,TLT,199.6205,201.4908,5662289
2025-01-31,VNQ,49.7932,50.6673,2779599
2025-02-03,GLD,139.1722,137.2618,6580359
2025-02-03,IWM,224.3873,227.7218,1314676
2025-02-03,QQQ,94.4687,94.8872,7597285
2025-02-03,SPY,60.1993,60.2461,5910915
2025-02-03,TLT,200.977,199.893,4712718
2025-02-03,VNQ,50.3402,49.9023,7601528
2025-02-04,GLD,137.1973,137.2525,2910646
2025-02-04,IWM,227.2317,230.9266,1580607
2025-02-04,QQQ,94.9939,93.6277,1895167
2025-02-04,SPY,59.9078,60.9948,4088037
2025-02-04,TLT,200.6263,200.4208,2228049
2025-02-04,VNQ,50.0008,49.7806,2190246
2025-02-05,GLD,137.7757,138.6161,5672973
2025-02-05,IWM,231.7991,228.6882,6291728
2025-02-05,QQQ,93.2113,93.3276,7605143
2025-02-05,SPY,60.9991,61.0209,8256588
2025-02-05,TLT,200.2268,201.9769,4238304
2025-02-05,VNQ,49.6447,49.2431,5336024
2025-02-06,GLD,138.0808,138.3427,4773986
2025-02-06,IWM,228.6038,230.8559,1299381
2025-02-06,QQQ,93.3127,94.4191,1596365
2025-02-06,SPY,61.3825,61.8262,3001543
2025-02-06,TLT,202.13,205.1313,4916242
2025-02-06,VNQ,49.26,48.9197,1440793
2025-02-07,GLD,138.1449,138.8706,3459736
2025-02-07,IWM,230.5449,224.9842,4055692
2025-02-07,QQQ,94.4082,95.9745,1648086
2025-02-07,SPY,61.763,62.408,5160393
2025-02-07,TLT,206.2697,205.1032,1257652
2025-02-07,VNQ,48.8933,49.3821,6980266
2025-02-10,GLD,138.6728,139.6748,7156715
2025-02-10,IWM,225.5621,224.7073,2946956
2025-02-10,QQQ,96.2868,97.2811,1781523
2025-02-10,SPY,62.4108,62.9074,7624351
2025-02-10,TLT,204.8877,208.7975,7580942
2025-02-10,VNQ,49.6289,49.1608,3409791
2025-02-11,GLD,139.7304,139.3234,5894307
2025-02-11,IWM,225.2239,221.4514,5588661
2025-02-11,QQQ,96.7571,98.0909,8238339
2025-02-11,SPY,63.0207,63.2661,1057633
2025-02-11,TLT,208.5889,208.1931,3800591
2025-02-11,VNQ,49.0671,48.722,2142803
2025-02-12,GLD,139.2976,140.5817,1811555
2025-02-12,IWM,221.3828,222.2086,8317498
2025-02-12,QQQ,98.0029,97.794,1960814
2025-02-12,SPY,63.1288,63.5546,4439973
2025-02-12,TLT,208.4554,204.9309,2692865
2025-02-12,VNQ,48.7273,49.3498,2957556
2025-02-13,GLD,140.0771,141.053,1385373
2025-02-13,IWM,224.0978,223.053,5820450
2025-02-13,QQQ,97.3197,98.8652,6717211
2025-02-13,SPY,63.5584,63.7316,3470842
2025-02-13,TLT,204.4286,204.7839,4937155
2025-02-13,VNQ,49.6095,49.634,6875431
2025-02-14,GLD,140.457,139.6983,7582777
2025-02-14,IWM,223.9213,218.8456,7631703
2025-02-14,QQQ,98.3034,98.9195,2746208
2025-02-14,SPY,63.8958,63.904,6050495
2025-02-14,TLT,205.1332,207.3964,7675359
2025-02-14,VNQ,49.5598,50.1126,1112569
2025-02-17,GLD,139.7744,140.3503,2836610
2025-02-17,IWM,219.5634,215.3246,2766972
2025-02-17,QQQ,98.8965,99.2348,3368729
2025-02-17,SPY,63.9373,64.6033,1405046
2025-02-17,TLT,207.7625,206.819,1228915
2025-02-17,VNQ,50.1415,51.5087,8076626
2025-02-18,GLD,140.8482,141.4633,2884905
2025-02-18,IWM,215.5869,213.8162,2638659
2025-02-18,QQQ,99.4962,100.0181,7963026
2025-02-18,SPY,64.6675,64.2677,7717979
2025-02-18,TLT,206.7911,209.9575,5894073
2025-02-18,VNQ,51.3254,51.3187,6311631
2025-02-19,GLD,141.9611,142.5051,3798705
2025-02-19,IWM,213.289,212.8589,7983208
2025-02-19,QQQ,100.1423,98.8817,4945635
2025-02-19,SPY,64.2076,65.4912,1806133
2025-02-19,TLT,209.0914,209.6214,1066446
2025-02-19,VNQ,51.479,50.2269,1076848
2025-02-20,GLD,142.3894,141.6036,4274119
2025-02-20,IWM,213.9385,212.0868,2335755
2025-02-20,QQQ,99.1679,99.8426,3361171
2025-02-20,SPY,65.5465,65.4341,5620183
2025-02-20,TLT,208.5125,213.2871,2991518
2025-02-20,VNQ,50.3234,51.4906,7664802
2025-02-21,GLD,141.7728,142.1838,5780064
2025-02-21,IWM,211.6286,212.4857,2350167
2025-02-21,QQQ,99.8376,101.662,1749614
2025-02-21,SPY,65.4439,66.1457,5287947
2025-02-21,TLT,212.8457,209.1333,2552777
2025-02-21,VNQ,51.4633,51.4756,4612254
2025-02-24,GLD,141.9137,144.0041,6537515
2025-02-24,IWM,212.9952,211.1445,3784570
2025-02-24,QQQ,101.07,99.3063,7302787
2025-02-24,SPY,66.4039,66.0989,2121935
2025-02-24,TLT,208.8793,213.5468,6513243
2025-02-24,VNQ,51.6535,51.5926,2111668
2025-02-25,GLD,143.5366,144.2835,1175220
2025-02-25,IWM,211.2869,217.3614,5256207
2025-02-25,QQQ,99.9525,98.928,7336571
2025-02-25,SPY,66.2273,65.9414,3962758
2025-02-25,TLT,212.4019,209.6839,4520635
2025-02-25,VNQ,51.6191,52.0941,5554761
2025-02-26,GLD,144.7145,145.8731,3908136
2025-02-26,IWM,217.3974,218.802,7107771
2025-02-26,QQQ,98.8736,98.4729,6613435
2025-02-26,SPY,65.8984,67.4092,3327216
2025-02-26,TLT,209.5108,209.6083,1176987
2025-02-26,VNQ,52.326,52.4549,2320625
2025-02-27,GLD,146.1215,147.6432,1221819
2025-02-27,IWM,217.972,216.8734,5990676
2025-02-27,QQQ,99.1661,100.9758,1211649
2025-02-27,SPY,66.9691,67.2029,6378481
2025-02-27,TLT,209.5895,207.4072,5617208
2025-02-27,VNQ,52.0958,51.676,6010217
2025-02-28,GLD,147.5465,147.5596,8392105
2025-02-28,IWM,217.8281,220.8863,3055063
2025-02-28,QQQ,100.7792,101.2335,6512729
2025-02-28,SPY,67.3318,66.3062,7911866
2025-02-28,TLT,207.3816,208.039,2923647
2025-02-28,VNQ,51.8616,51.0555,2364320
2025-03-03,GLD,147.4494,148.4513,7945483
2025-03-03,IWM,222.4554,223.1108,7381258
2025-03-03,QQQ,100.7315,102.2635,4809697
2025-03-03,SPY,66.4404,65.8169,5287861
2025-03-03,TLT,208.5868,207.6628,3156023
2025-03-03,VNQ,51.0552,50.4132,2428157
2025-03-04,GLD,148.7879,148.013,7393015
2025-03-04,IWM,223.1686,227.0449,1044147
2025-03-04,QQQ,101.5575,103.5092,4172075
2025-03-04,SPY,65.6555,65.6092,1249628
2025-03-04,TLT,207.3916,207.1332,4783666
2025-03-04,VNQ,50.7277,49.9756,4210428
2025-03-05,GLD,148.1426,149.4835,4924278
2025-03-05,IWM,226.5278,231.0518,3747976
2025-03-05,QQQ,104.1469,102.3753,2506106
2025-03-05,SPY,65.2592,67.1567,2984852
2025-03-05,TLT,207.2297,208.357,2545147
2025-03-05,VNQ,50.146,49.9985,7594840
2025-03-06,GLD,149.3853,149.325,3553331
2025-03-06,IWM,230.9182,227.6528,8090152
2025-03-06,QQQ,102.0875,100.4231,6027390
2025-03-06,SPY,66.9518,67.321,2584741
2025-03-06,TLT,207.9281,210.216,2019421
2025-03-06,VNQ,50.1033,50.3422,2937763
2025-03-07,GLD,149.4423,148.5214,7714754
2025-03-07,IWM,228.0825,226.6108,3911293
2025-03-07,QQQ,100.7663,102.2308,5975051
2025-03-07,SPY,67.4882,68.0137,3603291
2025-03-07,TLT,210.6357,209.6164,7450572
2025-03-07,VNQ,50.5515,50.72,2528556
2025-03-10,GLD,148.5371,148.4562,4623057
2025-03-10,IWM,226.731,226.4324,4911669
2025-03-10,QQQ,102.0415,104.3227,3049062
2025-03-10,SPY,67.82,67.303,5597086
2025-03-10,TLT,209.4544,212.0058,5397068
2025-03-10,VNQ,50.5435,50.1106,3356560
2025-03-11,GLD,148.3342,148.3255,8475707
2025-03-11,IWM,227.8963,221.7167,2919196
2025-03-11,QQQ,104.5206,105.7993,7169020
2025-03-11,SPY,67.2202,67.5724,6600220
2025-03-11,TLT,211.8642,208.7219,2347171
2025-03-11,VNQ,50.1796,50.0575,1299791
2025-03-12,GLD,148.097,148.8334,3756734
2025-03-12,IWM,221.7897,223.7541,6750939
2025-03-12,QQQ,106.2913,107.2042,7377122
2025-03-12,SPY,67.6122,68.0746,7392098
2025-03-12,TLT,208.7187,206.7362,6461340
2025-03-12,VNQ,50.1449,49.6129,7180330
2025-03-13,GLD,149.1739,149.4608,2166849
2025-03-13,IWM,223.6944,221.5547,4607003
2025-03-13,QQQ,106.9162,106.1269,6505725
2025-03-13,SPY,68.2981,69.4155,8366897
2025-03-13,TLT,205.759,204.2065,7571684
2025-03-13,VNQ,49.3338,49.3226,7707402
2025-03-14,GLD,149.316,147.797,3624994
2025-03-14,IWM,222.5133,223.9432,3464017
2025-03-14,QQQ,106.5291,105.0424,5847375
2025-03-14,SPY,69.4121,68.9141,7135240
2025-03-14,TLT,204.5872,205.1158,5839380
2025-03-14,VNQ,49.3188,49.7303,3616302
2025-03-17,GLD,147.4109,146.8627,3769407
2025-03-17,IWM,222.4604,226.6202,6097694
2025-03-17,QQQ,105.1638,105.1248,3905236
2025-03-17,SPY,68.8956,69.3751,5706692
2025-03-17,TLT,204.7974,206.8365,1111072
2025-03-17,VNQ,49.906,49.7988,3518766
2025-03-18,GLD,147.5019,147.336,1657605
2025-03-18,IWM,225.8544,225.503,2037925
2025-03-18,QQQ,105.095,106.2515,6302480
2025-03-18,SPY,69.2732,69.6142,6454526
2025-03-18,TLT,206.6912,206.0474,985510
2025-03-18,VNQ,49.8827,49.2197,5662610
2025-03-19,GLD,147.7843,147.9807,8398287
2025-03-19,IWM,224.5559,219.6024,6503298
2025-03-19,QQQ,105.9582,105.7914,1287223
2025-03-19,SPY,69.9188,68.8703,6695458
2025-03-19,TLT,205.9189,204.8615,2371050
2025-03-19,VNQ,49.2153,49.4945,8149643
2025-03-20,GLD,148.181,148.0749,6425533
2025-03-20,IWM,219.5351,221.9764,2567799
2025-03-20,QQQ,105.4539,105.3708,4850313
2025-03-20,SPY,69.0671,68.8693,6236880
2025-03-20,TLT,206.0212,202.6487,7400205
2025-03-20,VNQ,49.6759,49.7508,3432710
2025-03-21,GLD,148.072,151.7808,958222
2025-03-21,IWM,221.2158,219.6988,4141805
2025-03-21,QQQ,104.9032,106.2182,7874938
2025-03-21,SPY,68.8517,68.6883,3371686
2025-03-21,TLT,202.611,203.9081,6522647
2025-03-21,VNQ,49.7563,49.986,1050412
2025-03-24,GLD,151.8704,153.3699,6542066
2025-03-24,IWM,219.6002,221.8463,4202192
2025-03-24,QQQ,105.7411,108.8851,1301042
2025-03-24,SPY,68.4319,67.0114,3739316
2025-03-24,TLT,203.6071,206.0404,2962209
2025-03-24,VNQ,50.0917,49.9627,1600890
2025-03-25,GLD,152.8734,153.237,8365077
2025-03-25,IWM,221.1235,215.8646,4189523
2025-03-25,QQQ,108.9378,106.3763,4573003
2025-03-25,SPY,66.8698,67.4548,6629946
2025-03-25,TLT,205.9602,204.9996,3298588
2025-03-25,VNQ,49.7366,49.9938,6911869
2025-03-26,GLD,153.2505,154.2745,4097396
2025-03-26,IWM,217.4833,220.6488,4109675
2025-03-26,QQQ,106.4078,106.0711,7442387
2025-03-26,SPY,67.5595,67.8584,1366557
2025-03-26,TLT,204.8416,204.6625,3286635
2025-03-26,VNQ,50.0503,50.5905,6416167
2025-03-27,GLD,154.3931,156.2176,8497756
2025-03-27,IWM,220.5645,221.5075,5978250
2025-03-27,QQQ,106.6086,103.7526,957692
2025-03-27,SPY,67.7274,67.5521,4342781
2025-03-27,TLT,204.4885,203.9099,5495443
2025-03-27,VNQ,50.6272,50.4135,8152039
2025-03-28,GLD,156.165,156.7399,3796231
2025-03-28,IWM,220.9628,224.2002,1616527
2025-03-28,QQQ,103.858,100.9971,3588023
2025-03-28,SPY,67.7137,66.6022,5731725
2025-03-28,TLT,203.9548,203.8601,2542563
2025-03-28,VNQ,50.123,50.664,2525340
2025-03-31,GLD,156.9186,154.1595,6636565
2025-03-31,IWM,224.047,224.9257,938565
2025-03-31,QQQ,100.4539,102.7831,4074747
2025-03-31,SPY,66.6667,67.6776,6367545
2025-03-31,TLT,204.3013,204.714,8277527
2025-03-31,VNQ,50.4389,50.2772,2900146
2025-04-01,GLD,153.9042,154.2866,2181493
2025-04-01,IWM,225.7307,229.8167,7119592
2025-04-01,QQQ,102.8302,101.2576,8078260
2025-04-01,SPY,67.7307,67.882,1451662
2025-04-01,TLT,204.1764,200.6194,1163773
2025-04-01,VNQ,50.4514,50.7339,2732668
2025-04-02,GLD,154.3706,154.3475,3859683
2025-04-02,IWM,230.6865,235.6279,3307509
2025-04-02,QQQ,101.0736,101.8661,2659617
2025-04-02,SPY,68.0009,68.6364,5375795
2025-04-02,TLT,200.7718,199.631,3638580
2025-04-02,VNQ,50.6835,51.6086,7627688
2025-04-03,GLD,153.8039,157.4779,6832463
2025-04-03,IWM,234.8877,233.4875,4544107
2025-04-03,QQQ,102.2459,103.6618,1469070
2025-04-03,SPY,68.7281,69.692,6967670
2025-04-03,TLT,199.5421,201.1085,8428402
2025-04-03,VNQ,51.8185,51.5413,3794852
2025-04-04,GLD,157.4867,154.757,6044625
2025-04-04,IWM,233.9418,232.5744,4957251
2025-04-04,QQQ,103.5234,104.8088,1062607
2025-04-04,SPY,69.5327,69.3152,3863169
2025-04-04,TLT,201.1228,199.4443,4373818
2025-04-04,VNQ,51.713,51.6871,2214858
2025-04-07,GLD,154.5536,157.0264,8445679
2025-04-07,IWM,231.8045,234.786,4351765
2025-04-07,QQQ,104.9326,103.2977,6014065
2025-04-07,SPY,69.2548,69.9315,1896634
2025-04-07,TLT,199.8481,201.7571,7796054
2025-04-07,VNQ,51.5709,51.8537,8123645
2025-04-08,GLD,156.5598,156.788,1058296
2025-04-08,IWM,235.2014,238.0941,3682344
2025-04-08,QQQ,103.0902,103.9336,2122382
2025-04-08,SPY,70.3709,69.7617,5386835
2025-04-08,TLT,201.6622,204.3698,6601555
2025-04-08,VNQ,51.6541,51.7694,5125385
2025-04-09,GLD,156.6599,158.1685,3843279
2025-04-09,IWM,239.8962,231.2957,3621489
2025-04-09,QQQ,104.5392,103.862,5762929
2025-04-09,SPY,69.5364,69.7252,1086570
2025-04-09,TLT,203.1787,202.6189,4719338
2025-04-09,VNQ,51.7409,52.7734,3285073
2025-04-10,GLD,158.1926,157.7286,3575984
2025-04-10,IWM,231.287,232.509,7634667
2025-04-10,QQQ,103.2786,102.7962,1227404
2025-04-10,SPY,69.6367,69.6714,4461908
2025-04-10,TLT,202.9023,201.1609,6603343
2025-04-10,VNQ,52.7278,52.891,3862589
2025-04-11,GLD,157.5267,157.9878,1117088
2025-04-11,IWM,233.4748,228.2311,1063436
2025-04-11,QQQ,102.9411,102.333,3341349
2025-04-11,SPY,69.8705,69.6803,8494061
2025-04-11,TLT,201.4601,203.5886,1197447
2025-04-11,VNQ,52.718,52.12,7605030
2025-04-14,GLD,158.3443,159.6851,1173605
2025-04-14,IWM,228.7031,232.7505,8064673
2025-04-14,QQQ,102.5019,101.5471,7051367
2025-04-14,SPY,69.6506,70.5263,4287663
2025-04-14,TLT,203.8765,200.5682,3012413
2025-04-14,VNQ,52.1473,52.756,2840577
2025-04-15,GLD,159.4423,159.8126,3339396
2025-04-15,IWM,232.8663,234.5521,3388211
2025-04-15,QQQ,100.7976,103.1627,7207037
2025-04-15,SPY,70.3731,70.6294,2171935
2025-04-15,TLT,200.2374,198.6547,7074402
2025-04-15,VNQ,52.855,52.4172,4759692
2025-04-16,GLD,160.1758,161.4139,4150728
2025-04-16,IWM,234.055,231.8551,3911915
2025-04-16,QQQ,103.0466,103.1709,2616136
2025-04-16,SPY,70.3797,70.5226,6979478
2025-04-16,TLT,199.3973,195.7305,1198726
2025-04-16,VNQ,52.7417,53.0214,1699264
2025-04-17,GLD,161.7025,161.293,4355345
2025-04-17,IWM,231.38,229.399,4055262
2025-04-17,QQQ,102.3462,102.5629,5089152
2025-04-17,SPY,70.6239,70.3232,5322611
2025-04-17,TLT,195.6324,195.7767,8321374
2025-04-17,VNQ,52.9934,51.6985,4689459
2025-04-18,GLD,161.0817,160.6728,6094770
2025-04-18,IWM,229.7263,235.4499,3443991
2025-04-18,QQQ,102.8576,103.2248,8037323
2025-04-18,SPY,70.5155,70.5896,5058921
2025-04-18,TLT,195.3944,196.4109,2957975
2025-04-18,VNQ,51.6833,52.3972,1100566
2025-04-21,GLD,161.2228,160.345,3537877
2025-04-21,IWM,235.3319,242.4399,7654826
2025-04-21,QQQ,102.9866,103.8915,6542452
2025-04-21,SPY,70.8547,69.9251,1367769
2025-04-21,TLT,197.2359,197.2843,4389789
2025-04-21,VNQ,52.6386,51.7751,1609731
2025-04-22,GLD,159.8536,159.5895,1051062
2025-04-22,IWM,242.4599,242.7841,4688304
2025-04-22,QQQ,103.7173,104.8802,3557039
2025-04-22,SPY,69.9351,69.5581,5311077
2025-04-22,TLT,196.1712,197.7889,3451793
2025-04-22,VNQ,52.0162,51.5599,1394186
2025-04-23,GLD,159.8012,159.4139,6209252
2025-04-23,IWM,243.2183,241.8739,1139728
2025-04-23,QQQ,104.9671,106.514,6187890
2025-04-23,SPY,69.753,69.5274,8354074
2025-04-23,TLT,198.0656,195.2745,1207045
2025-04-23,VNQ,51.5401,51.6966,7573965
2025-04-24,GLD,159.452,161.4854,7706430
2025-04-24,IWM,239.5884,244.7249,1259028
2025-04-24,QQQ,106.6636,105.3424,1987694
2025-04-24,SPY,69.3354,69.1153,6821443
2025-04-24,TLT,195.4888,197.3778,2608357
2025-04-24,VNQ,51.6232,52.0244,4738856
2025-04-25,GLD,161.7855,159.7169,980862
2025-04-25,IWM,246.1592,241.8688,3745965
2025-04-25,QQQ,105.1451,104.5063,7984197
2025-04-25,SPY,69.1464,69.0355,1026209
2025-04-25,TLT,197.2134,197.2627,7943130
2025-04-25,VNQ,51.9183,51.3444,4615726
2025-04-28,GLD,159.1508,157.2381,1576862
2025-04-28,IWM,240.7223,242.1084,2947363
2025-04-28,QQQ,104.2537,106.3425,6359322
2025-04-28,SPY,68.9104,68.5929,1332308
2025-04-28,TLT,196.9048,196.5446,7612767
2025-04-28,VNQ,51.4633,51.7192,8216563
2025-04-29,GLD,156.8169,157.2191,2705145
2025-04-29,IWM,241.6574,244.1246,2038785
2025-04-29,QQQ,106.0477,105.2697,1370710
2025-04-29,SPY,68.6249,70.0884,6128041
2025-04-29,TLT,197.196,199.6402,2572494
2025-04-29,VNQ,51.6691,52.1942,4929993
2025-04-30,GLD,156.9281,159.7513,2698400
2025-04-30,IWM,243.3406,246.2368,7051750
2025-04-30,QQQ,105.267,106.4362,1044451
2025-04-30,SPY,70.2294,71.1005,7875693
2025-04-30,TLT,200.1786,199.8547,1165347
2025-04-30,VNQ,52.0867,52.1736,5896046
2025-05-01,GLD,159.7695,161.3496,3022468
2025-05-01,IWM,246.3369,248.8199,6044830
2025-05-01,QQQ,106.3379,102.9635,2223229
2025-05-01,SPY,71.3044,71.4512,7312054
2025-05-01,TLT,200.5949,200.4858,7674300
2025-05-01,VNQ,52.144,52.1993,2590858
2025-05-02,GLD,161.3914,163.3903,3858483
2025-05-02,IWM,248.9696,248.7815,2118572
2025-05-02,QQQ,102.7802,102.9558,6980389
2025-05-02,SPY,71.2621,71.4173,1476814
2025-05-02,TLT,200.52,202.0111,8346939
2025-05-02,VNQ,52.3061,52.9339,6633348
2025-05-05,GLD,163.4069,165.3449,3582885
2025-05-05,IWM,249.5885,248.431,2992125
2025-05-05,QQQ,103.2257,101.6489,4445876
2025-05-05,SPY,71.6601,73.1197,3151720
2025-05-05,TLT,201.9932,205.7455,1041462
2025-05-05,VNQ,52.9806,52.588,4007250
2025-05-06,GLD,165.2545,164.2229,1750940
2025-05-06,IWM,248.0186,244.3619,3262456
2025-05-06,QQQ,101.4286,101.345,2671547
2025-05-06,SPY,73.0269,73.38,5576016
2025-05-06,TLT,205.7628,205.7036,7247859
2025-05-06,VNQ,52.6611,52.9546,7531026
2025-05-07,GLD,163.9629,164.4212,2478424
2025-05-07,IWM,242.9962,238.1328,3293291
2025-05-07,QQQ,101.6205,101.9884,3798639
2025-05-07,SPY,73.1787,73.3185,960116
2025-05-07,TLT,205.12,206.9838,7861148
2025-05-07,VNQ,53.183,53.0861,7232185
2025-05-08,GLD,163.9084,160.3537,6585752
2025-05-08,IWM,238.0988,240.1134,6193153
2025-05-08,QQQ,101.2324,99.0053,1700118
2025-05-08,SPY,73.285,73.5635,4232902
2025-05-08,TLT,207.6252,202.6001,5044054
2025-05-08,VNQ,53.0536,53.0496,5920568
2025-05-09,GLD,160.2017,159.4484,7622351
2025-05-09,IWM,240.6567,239.8915,6603803
2025-05-09,QQQ,99.0313,96.7527,2904923
2025-05-09,SPY,73.276,73.8113,1181581
2025-05-09,TLT,203.1733,200.7765,6953915
2025-05-09,VNQ,52.949,52.6193,5630533
2025-05-12,GLD,159.6507,160.3825,6064778
2025-05-12,IWM,238.4429,245.6161,1463680
2025-05-12,QQQ,97.2544,96.7161,7527999
2025-05-12,SPY,73.8122,74.9409,3355929
2025-05-12,TLT,201.1479,204.5655,5683625
2025-05-12,VNQ,52.9807,51.9102,2519049
2025-05-13,GLD,160.7669,158.0572,8309243
2025-05-13,IWM,245.9189,248.0855,1262975
2025-05-13,QQQ,96.6073,95.0096,2256720
2025-05-13,SPY,74.9991,74.9319,1363130
2025-05-13,TLT,203.967,208.2945,1797503
2025-05-13,VNQ,51.8237,52.2183,4089670
2025-05-14,GLD,157.8782,155.0264,5380593
2025-05-14,IWM,249.0762,242.6995,3451531
2025-05-14,QQQ,95.4532,95.3418,8262672
2025-05-14,SPY,74.8917,76.6417,5431007
2025-05-14,TLT,208.243,207.9757,4799550
2025-05-14,VNQ,52.2537,52.6173,7652801
2025-05-15,GLD,155.4176,153.1531,4131993
2025-05-15,IWM,245.2945,246.326,1783417
2025-05-15,QQQ,95.479,95.4498,7653889
2025-05-15,SPY,76.7518,75.9271,6633718
2025-05-15,TLT,208.1789,206.2529,5000091
2025-05-15,VNQ,52.3211,53.1319,6924068
2025-05-16,GLD,152.6792,153.4895,4163672
2025-05-16,IWM,246.2986,243.7886,7853940
2025-05-16,QQQ,95.0282,93.953,2624999
2025-05-16,SPY,75.8631,76.4993,2415400
2025-05-16,TLT,206.529,203.661,1966716
2025-05-16,VNQ,53.1975,53.0361,4995019
2025-05-19,GLD,153.7709,155.2138,6488753
2025-05-19,IWM,243.4958,243.0853,1406474
2025-05-19,QQQ,94.2019,95.2766,3279610
2025-05-19,SPY,76.5001,75.6885,4916415
2025-05-19,TLT,203.3504,201.4044,8015688
2025-05-19,VNQ,53.0468,53.1894,7301618
2025-05-20,GLD,154.8289,159.0789,5425834
2025-05-20,IWM,242.7948,241.0286,4842477
2025-05-20,QQQ,94.8636,96.3186,3224836
2025-05-20,SPY,75.3971,77.1812,5443122
2025-05-20,TLT,201.7417,200.31,5804254
2025-05-20,VNQ,53.5499,53.2635,4051757
2025-05-21,GLD,159.1738,161.2713,5655491
2025-05-21,IWM,240.8191,234.4483,4452341
2025-05-21,QQQ,96.1779,96.9547,6306538
2025-05-21,SPY,77.1901,76.9138,7713446
2025-05-21,TLT,201.0929,197.136,6495519
2025-05-21,VNQ,53.0661,53.5129,6687337
2025-05-22,GLD,160.9197,159.0066,3757187
2025-05-22,IWM,235.5064,239.9448,2672329
2025-05-22,QQQ,97.104,96.1169,1672137
2025-05-22,SPY,76.7388,76.871,1956253
2025-05-22,TLT,196.6114,196.9001,7384858
2025-05-22,VNQ,53.1095,53.4224,7938538
2025-05-23,GLD,158.6547,155.5883,6451428
2025-05-23,IWM,240.1629,239.5895,3193834
2025-05-23,QQQ,96.3857,95.3258,3540938
2025-05-23,SPY,76.7785,77.6407,5706961
2025-05-23,TLT,196.718,196.5542,6218970
2025-05-23,VNQ,53.2388,54.2451,2662279
2025-05-26,GLD,155.3965,155.8415,5960084
2025-05-26,IWM,239.6661,241.0817,7854503
2025-05-26,QQQ,95.5806,93.3039,3165038
2025-05-26,SPY,77.6212,78.6965,6862562
2025-05-26,TLT,195.9653,194.3065,1837457
2025-05-26,VNQ,54.1036,53.9577,3957949
2025-05-27,GLD,156.3589,157.4451,5407476
2025-05-27,IWM,240.3825,239.7156,1371484
2025-05-27,QQQ,93.2167,90.4281,8119028
2025-05-27,SPY,78.7367,77.7697,5414924
2025-05-27,TLT,193.6689,191.9663,3551155
2025-05-27,VNQ,53.7082,53.154,7604450
2025-05-28,GLD,157.207,155.0935,7701359
2025-05-28,IWM,239.9283,236.4195,3975913
2025-05-28,QQQ,90.0277,89.9153,8106614
2025-05-28,SPY,77.4276,77.4865,4729143
2025-05-28,TLT,191.681,189.8791,5107821
2025-05-28,VNQ,53.2536,53.1026,5206066
2025-05-29,GLD,155.3209,154.3695,4448229
2025-05-29,IWM,236.5725,234.3822,7953082
2025-05-29,QQQ,89.9807,90.896,5509126
2025-05-29,SPY,77.1629,76.342,2433857
2025-05-29,TLT,189.9983,188.9882,3092061
2025-05-29,VNQ,53.1972,52.8946,6407809
2025-05-30,GLD,154.4291,153.7572,6775978
2025-05-30,IWM,234.9472,240.4475,5896596
2025-05-30,QQQ,90.4014,90.5396,5711654
2025-05-30,SPY,76.2803,76.4585,7299959
2025-05-30,TLT,189.1892,188.5638,3624300
2025-05-30,VNQ,52.7649,54.1869,2054446
2025-06-02,GLD,153.8689,153.8523,3538515
2025-06-02,IWM,240.5678,238.5451,5774606
2025-06-02,QQQ,90.5048,91.3354,6038411
2025-06-02,SPY,76.5557,76.3797,2599630
2025-06-02,TLT,188.496,189.4977,1277802
2025-06-02,VNQ,54.247,53.8104,2905270
2025-06-03,GLD,153.9678,153.6397,3686355
2025-06-03,IWM,239.8906,234.665,3532961
2025-06-03,QQQ,91.627,90.5562,3078023
2025-06-03,SPY,76.4534,76.0987,7390461
2025-06-03,TLT,189.8952,186.448,2620008
2025-06-03,VNQ,53.7495,53.1662,6136846
2025-06-04,GLD,153.8674,154.443,4519120
2025-06-04,IWM,233.5596,241.7387,4722499
2025-06-04,QQQ,90.8354,89.9257,3687135
2025-06-04,SPY,76.2808,75.5467,8337075
2025-06-04,TLT,186.7084,185.8068,6065632
2025-06-04,VNQ,53.1832,53.9311,7263886
2025-06-05,GLD,154.0189,156.0496,7630889
2025-06-05,IWM,244.2079,240.6072,2432080
2025-06-05,QQQ,89.7884,89.332,3965446
2025-06-05,SPY,75.8103,75.2388,5759246
2025-06-05,TLT,185.5965,185.8132,1034768
2025-06-05,VNQ,53.8622,55.1458,4586101
2025-06-06,GLD,156.0698,156.2136,1081199
2025-06-06,IWM,241.5951,238.0829,4215407
2025-06-06,QQQ,89.5563,90.9825,1189255
2025-06-06,SPY,75.3389,74.6433,8137647
2025-06-06,TLT,186.0378,186.3099,3588860
2025-06-06,VNQ,55.342,56.5849,3298218
2025-06-09,GLD,156.3441,157.3865,3272893
2025-06-09,IWM,238.6119,242.0545,6574304
2025-06-09,QQQ,92.1519,89.4087,956776
2025-06-09,SPY,74.6393,75.0707,3398640
2025-06-09,TLT,186.3182,187.7181,2491584
2025-06-09,VNQ,56.5358,56.1504,6258041
2025-06-10,GLD,157.1791,160.4439,6620300
2025-06-10,IWM,242.3907,239.3126,2154858
2025-06-10,QQQ,89.4579,88.4747,1599755
2025-06-10,SPY,74.8636,76.3026,4227107
2025-06-10,TLT,187.7222,186.9766,5961592
2025-06-10,VNQ,56.1726,55.6133,6014848
2025-06-11,GLD,160.5808,158.9687,6063740
2025-06-11,IWM,239.0344,240.7568,3249915
2025-06-11,QQQ,88.7591,89.4947,1862673
2025-06-11,SPY,76.1096,74.7443,6011118
2025-06-11,TLT,186.4985,189.057,6662699
2025-06-11,VNQ,55.7506,57.4873,6799003
2025-06-12,GLD,158.5989,157.471,2269381
2025-06-12,IWM,239.666,240.7604,2306154
2025-06-12,QQQ,89.4437,90.8279,1507076
2025-06-12,SPY,74.6509,74.6546,6942044
2025-06-12,TLT,189.2848,193.0081,2244179
2025-06-12,VNQ,57.4468,57.344,2155581
2025-06-13,GLD,157.7397,158.3016,6519543
2025-06-13,IWM,241.5019,237.8141,1154578
2025-06-13,QQQ,90.9322,91.6782,6764737
2025-06-13,SPY,74.708,74.3239,6187038
2025-06-13,TLT,192.673,193.7507,6031497
2025-06-13,VNQ,57.3272,56.5151,5308083
2025-06-16,GLD,158.0498,161.1715,982386
2025-06-16,IWM,237.7059,233.4702,1525982
2025-06-16,QQQ,91.3139,95.3956,6728520
2025-06-16,SPY,74.3678,74.7196,6372997
2025-06-16,TLT,194.3385,196.4825,1499032
2025-06-16,VNQ,56.818,56.9712,5495292
2025-06-17,GLD,161.0722,161.5033,4025730
2025-06-17,IWM,234.84,237.9953,7771188
2025-06-17,QQQ,95.6027,95.2254,4035224
2025-06-17,SPY,74.7204,73.9645,2263839
2025-06-17,TLT,196.3729,198.2142,7869036
2025-06-17,VNQ,57.1197,55.4418,3264976
2025-06-18,GLD,161.8038,163.2604,5561057
2025-06-18,IWM,239.1273,241.2874,7362145
2025-06-18,QQQ,95.3517,95.2616,4950924
2025-06-18,SPY,73.9343,73.8512,3010464
2025-06-18,TLT,198.5242,199.0096,3317754
2025-06-18,VNQ,55.5664,54.1297,8314594
2025-06-19,GLD,163.6732,162.8683,7442283
2025-06-19,IWM,240.8319,248.3928,3562296
2025-06-19,QQQ,95.2361,94.4543,7961038
2025-06-19,SPY,73.976,73.036,1170707
2025-06-19,TLT,198.7996,198.6117,6205512
2025-06-19,VNQ,54.0551,53.8952,6348947
2025-06-20,GLD,162.6597,164.3697,7454589
2025-06-20,IWM,246.9206,248.9855,4355606
2025-06-20,QQQ,94.2188,94.0175,5737437
2025-06-20,SPY,73.0768,73.5853,2419539
2025-06-20,TLT,197.8543,199.0704,6500886
2025-06-20,VNQ,54.0828,54.217,2029621
2025-06-23,GLD,164.1326,163.4869,8299150
2025-06-23,IWM,249.8829,248.8393,5426119
2025-06-23,QQQ,93.9359,96.5784,6645589
2025-06-23,SPY,73.644,73.6659,5297801
2025-06-23,TLT,199.1127,202.8242,3787492
2025-06-23,VNQ,54.3672,54.1386,1161156
2025-06-24,GLD,163.8656,164.6232,1949997
2025-06-24,IWM,248.2208,250.0897,4462146
2025-06-24,QQQ,95.8914,98.1601,2964542
2025-06-24,SPY,73.7267,73.5408,6590790
2025-06-24,TLT,202.3416,202.9643,7312994
2025-06-24,VNQ,54.2003,54.3211,2419992
2025-06-25,GLD,163.5362,165.3333,1813101
2025-06-25,IWM,250.6025,252.3989,1327496
2025-06-25,QQQ,98.6039,97.688,6105716
2025-06-25,SPY,73.4333,73.835,2345736
2025-06-25,TLT,202.9074,201.5463,2560674
2025-06-25,VNQ,54.3954,55.0182,4727703
2025-06-26,GLD,165.8502,166.0481,1128551
2025-06-26,IWM,252.143,257.2347,6682307
2025-06-26,QQQ,98.117,99.6862,3066227
2025-06-26,SPY,73.6315,73.6424,8216217
2025-06-26,TLT,201.3361,200.6476,7488978
2025-06-26,VNQ,54.9803,56.1156,3368838
2025-06-27,GLD,166.5494,168.3239,1246169
2025-06-27,IWM,258.9918,250.3827,2986050
2025-06-27,QQQ,99.7588,98.321,1098479
2025-06-27,SPY,73.7393,72.429,7464242
2025-06-27,TLT,201.5336,202.0867,7261537
2025-06-27,VNQ,56.4106,55.5471,985828
2025-06-30,GLD,167.9148,170.1369,3410508
2025-06-30,IWM,251.9299,254.3534,4581595
2025-06-30,QQQ,97.5172,101.1197,1535305
2025-06-30,SPY,72.5099,72.8944,8375602
2025-06-30,TLT,201.955,200.9331,4072565
2025-06-30,VNQ,55.4026,55.0379,1085988
2025-07-01,GLD,170.6106,169.2859,3132505
2025-07-01,IWM,255.4486,253.4236,7517694
2025-07-01,QQQ,101.3463,100.5719,7421847
2025-07-01,SPY,72.8515,73.1216,5010248
2025-07-01,TLT,200.8771,202.6273,1988790
2025-07-01,VNQ,55.1639,55.2095,6342789
2025-07-02,GLD,169.4325,170.8215,5403138
2025-07-02,IWM,252.6226,254.7893,6655076
2025-07-02,QQQ,100.7407,101.8558,4644679
2025-07-02,SPY,73.0403,73.0027,3614696
2025-07-02,TLT,202.5306,204.0032,5987427
2025-07-02,VNQ,55.1055,54.8787,7550819
2025-07-03,GLD,171.0071,168.216,1099628
2025-07-03,IWM,256.2499,252.317,7894431
2025-07-03,QQQ,102.1742,99.8906,8405800
2025-07-03,SPY,73.4494,73.7785,5354507
2025-07-03,TLT,204.735,204.4577,7104983
2025-07-03,VNQ,54.7672,54.3286,7135570
2025-07-04,GLD,167.3227,169.9156,5038946
2025-07-04,IWM,252.1388,252.8079,6779888
2025-07-04,QQQ,99.9418,100.1825,7431903
2025-07-04,SPY,73.6287,74.7491,1398131
2025-07-04,TLT,204.5172,207.5954,3116559
2025-07-04,VNQ,54.3267,54.1725,7013975
2025-07-07,GLD,169.7273,174.5154,8401819
2025-07-07,IWM,252.6638,259.6738,3633774
2025-07-07,QQQ,99.9116,99.5954,3436450
2025-07-07,SPY,74.7056,73.8814,5102510
2025-07-07,TLT,207.5899,205.1796,4395048
2025-07-07,VNQ,54.2484,53.4445,3083641
2025-07-08,GLD,174.4422,175.5245,7249819
2025-07-08,IWM,260.2688,252.5211,8279398
2025-07-08,QQQ,100.0412,99.2848,7799682
2025-07-08,SPY,73.9339,73.2675,3325703
2025-07-08,TLT,205.9312,204.187,4167716
2025-07-08,VNQ,53.5556,53.5218,4942066
2025-07-09,GLD,175.3628,176.5056,2945115
2025-07-09,IWM,252.321,254.4481,2673100
2025-07-09,QQQ,99.1572,99.158,2990159
2025-07-09,SPY,73.0414,74.4931,1225840
2025-07-09,TLT,204.7964,203.8944,6752694
2025-07-09,VNQ,53.509,54.0131,2122556
2025-07-10,GLD,176.3519,176.7525,6075259
2025-07-10,IWM,252.7502,254.8703,4189233
2025-07-10,QQQ,98.7058,96.6895,7211575
2025-07-10,SPY,74.5164,75.635,1431455
2025-07-10,TLT,203.7876,204.6511,6956153
2025-07-10,VNQ,53.9942,53.8906,2000128
2025-07-11,GLD,176.64,178.2945,2089646
2025-07-11,IWM,254.809,254.0627,7583947
2025-07-11,QQQ,96.5835,94.3308,2170340
2025-07-11,SPY,75.9999,75.0406,1443592
2025-07-11,TLT,203.924,202.1802,2334246
2025-07-11,VNQ,54.2023,53.5007,6277824
2025-07-14,GLD,177.1217,177.6868,6766565
2025-07-14,IWM,254.5556,254.3094,7931396
2025-07-14,QQQ,94.2559,96.3552,7774565
2025-07-14,SPY,75.2285,74.099,8406483
2025-07-14,TLT,202.489,201.1534,1215978
2025-07-14,VNQ,53.3588,52.6406,7513368
2025-07-15,GLD,177.6087,178.9735,5351264
2025-07-15,IWM,253.622,256.2672,2910697
2025-07-15,QQQ,95.84,94.6856,8327165
2025-07-15,SPY,74.2246,73.5961,3054856
2025-07-15,TLT,201.1382,203.5608,5408723
2025-07-15,VNQ,52.6073,52.0891,6404739
2025-07-16,GLD,178.6909,178.6752,3379690
2025-07-16,IWM,254.9484,255.0115,2427082
2025-07-16,QQQ,94.6438,91.5595,5174373
2025-07-16,SPY,73.7129,73.2057,3234339
2025-07-16,TLT,203.1968,202.8351,7427123
2025-07-16,VNQ,52.1925,51.5044,8312771
2025-07-17,GLD,178.6425,178.1243,8160949
2025-07-17,IWM,254.5596,255.1333,4976842
2025-07-17,QQQ,91.2656,92.198,1143850
2025-07-17,SPY,73.2277,71.9755,4073736
2025-07-17,TLT,203.0446,204.5412,2791144
2025-07-17,VNQ,51.4613,52.5011,6323097
2025-07-18,GLD,177.9236,178.5015,3597726
2025-07-18,IWM,254.1979,254.8083,5843586
2025-07-18,QQQ,91.989,92.2211,4986796
2025-07-18,SPY,72.1604,72.0006,7341261
2025-07-18,TLT,204.6486,204.098,2657188
2025-07-18,VNQ,52.6133,53.8102,2273381
2025-07-21,GLD,178.5035,178.5719,7531459
2025-07-21,IWM,255.6047,255.9045,6654346
2025-07-21,QQQ,91.8385,92.468,3327307
2025-07-21,SPY,71.9706,71.0213,1267029
2025-07-21,TLT,203.5832,202.6964,3422007
2025-07-21,VNQ,53.5741,53.5797,4580777
2025-07-22,GLD,178.6921,175.8387,6598098
2025-07-22,IWM,255.7344,254.9323,3999631
2025-07-22,QQQ,92.2631,91.8551,2847577
2025-07-22,SPY,70.941,70.1077,2772923
2025-07-22,TLT,203.0354,203.6278,2751670
2025-07-22,VNQ,53.5653,53.7654,5084742
2025-07-23,GLD,176.5648,179.5008,7553653
2025-07-23,IWM,254.1943,254.7935,3891048
2025-07-23,QQQ,91.7187,92.825,7555093
2025-07-23,SPY,70.1269,70.7999,5595941
2025-07-23,TLT,203.8008,206.0347,1515524
2025-07-23,VNQ,53.644,55.2013,5596806
2025-07-24,GLD,179.1625,179.9189,1524781
2025-07-24,IWM,253.474,258.1301,6738564
2025-07-24,QQQ,92.9263,94.1442,3815368
2025-07-24,SPY,70.9718,70.2848,8195341
2025-07-24,TLT,206.6775,205.9146,2366212
2025-07-24,VNQ,55.2874,54.6243,2174887
2025-07-25,GLD,180.6256,177.2385,2402984
2025-07-25,IWM,259.5923,260.0429,7070610
2025-07-25,QQQ,94.5263,93.8551,4354573
2025-07-25,SPY,70.347,70.232,5734157
2025-07-25,TLT,205.8463,203.4445,2208935
2025-07-25,VNQ,54.5272,56.1134,3891268
2025-07-28,GLD,177.1421,179.2352,7032782
2025-07-28,IWM,262.3515,265.4941,2113861
2025-07-28,QQQ,93.9864,94.4599,6773193
2025-07-28,SPY,70.3589,70.7077,4617412
2025-07-28,TLT,204.1102,201.972,6803672
2025-07-28,VNQ,56.3534,55.8211,6116360
2025-07-29,GLD,178.8678,179.3707,2937829
2025-07-29,IWM,266.6789,264.3371,6612237
2025-07-29,QQQ,95.1855,91.7337,6353655
2025-07-29,SPY,70.3255,71.3271,7727189
2025-07-29,TLT,201.9895,201.1023,6087000
2025-07-29,VNQ,55.8208,55.3028,1511714
2025-07-30,GLD,178.7737,179.9026,6447055
2025-07-30,IWM,266.6769,257.3632,4022290
2025-07-30,QQQ,92.3708,91.3864,1442897
2025-07-30,SPY,71.5553,71.0711,7237077
2025-07-30,TLT,201.0593,200.572,2980427
2025-07-30,VNQ,55.4836,56.8609,3564527
2025-07-31,GLD,180.2647,181.2956,1570243
2025-07-31,IWM,256.476,257.3365,7661017
2025-07-31,QQQ,91.7529,90.1537,1880588
2025-07-31,SPY,71.5178,71.1056,8145701
2025-07-31,TLT,200.6652,198.8115,6859241
2025-07-31,VNQ,56.9015,56.5587,1161443
2025-08-01,GLD,180.6635,179.9546,5475641
2025-08-01,IWM,256.5448,254.1551,3247311
2025-08-01,QQQ,90.0251,88.6187,3766736
2025-08-01,SPY,71.3602,70.4807,5454667
2025-08-01,TLT,199.1023,199.997,4907826
2025-08-01,VNQ,56.8779,56.8555,3069728
2025-08-04,GLD,180.3364,175.1992,6208198
2025-08-04,IWM,254.952,250.7094,7312240
2025-08-04,QQQ,88.4961,89.9226,3693198
2025-08-04,SPY,70.4208,71.813,3042303
2025-08-04,TLT,199.6182,198.0178,7851727
2025-08-04,VNQ,56.754,57.5387,4908356
2025-08-05,GLD,175.3415,175.2154,2765303
2025-08-05,IWM,250.4091,251.7771,1155362
2025-08-05,QQQ,89.5746,87.0538,5830129
2025-08-05,SPY,71.6501,72.3155,6721978
2025-08-05,TLT,198.6147,199.7269,2588894
2025-08-05,VNQ,57.3691,57.6223,5375970
2025-08-06,GLD,174.9872,175.799,3605036
2025-08-06,IWM,251.1723,250.7241,4126051
2025-08-06,QQQ,87.5737,87.3825,3668746
2025-08-06,SPY,72.3693,71.4671,5362502
2025-08-06,TLT,199.9089,197.7571,5610293
2025-08-06,VNQ,57.7015,56.9919,1675592
2025-08-07,GLD,175.53,177.657,5655613
2025-08-07,IWM,249.1558,252.1561,1985744
2025-08-07,QQQ,87.0211,85.5746,4754212
2025-08-07,SPY,71.2785,71.4712,1453793
2025-08-07,TLT,198.2178,195.9473,7560516
2025-08-07,VNQ,56.7087,56.7283,5794113
2025-08-08,GLD,177.8581,176.5742,5939252
2025-08-08,IWM,252.2045,258.4824,6661912
2025-08-08,QQQ,86.0585,87.0264,5833538
2025-08-08,SPY,71.6102,72.0204,7596112
2025-08-08,TLT,196.0788,197.8911,7990051
2025-08-08,VNQ,56.6277,57.3245,6421046
2025-08-11,GLD,176.6387,176.3129,4859557
2025-08-11,IWM,259.7393,265.3539,2663972
2025-08-11,QQQ,87.0817,87.2106,4816006
2025-08-11,SPY,71.9192,72.3921,1566000
2025-08-11,TLT,198.1475,199.104,3921716
2025-08-11,VNQ,57.1686,58.4266,4661082
2025-08-12,GLD,176.6171,177.1635,1152129
2025-08-12,IWM,262.3239,267.1837,5947982
2025-08-12,QQQ,87.0771,88.4209,6129423
2025-08-12,SPY,72.5785,73.8252,6285227
2025-08-12,TLT,199.2642,198.4178,7669583
2025-08-12,VNQ,58.3661,58.9605,5920862
2025-08-13,GLD,177.1642,176.8185,3885465
2025-08-13,IWM,267.2846,270.0997,4443599
2025-08-13,QQQ,88.5146,88.0717,5107451
2025-08-13,SPY,74.0949,74.9192,3615202
2025-08-13,TLT,197.8618,197.2696,2652033
2025-08-13,VNQ,58.853,57.9049,3162522
2025-08-14,GLD,176.6102,176.5858,6538914
2025-08-14,IWM,270.3328,274.0093,2653393
2025-08-14,QQQ,87.8422,86.1658,2499439
2025-08-14,SPY,74.5127,74.4888,2296663
2025-08-14,TLT,196.6335,196.7902,1125567
2025-08-14,VNQ,57.5948,58.3193,4709269
2025-08-15,GLD,176.8066,177.1959,2998671
2025-08-15,IWM,274.8898,279.2855,8168316
2025-08-15,QQQ,86.2229,89.3863,5129458
2025-08-15,SPY,74.5472,74.4188,7569682
2025-08-15,TLT,196.6585,196.7989,3431252
2025-08-15,VNQ,58.0783,57.9712,6553653
2025-08-18,GLD,176.7069,175.7189,1876851
2025-08-18,IWM,280.6935,274.2104,6973094
2025-08-18,QQQ,89.3688,89.1626,8351198
2025-08-18,SPY,74.2798,73.4056,5711143
2025-08-18,TLT,197.712,197.1705,2740283
2025-08-18,VNQ,58.0614,58.975,5619776
2025-08-19,GLD,176.0641,178.5546,5079677
2025-08-19,IWM,273.2642,267.8775,1852396
2025-08-19,QQQ,89.1151,87.6555,6147635
2025-08-19,SPY,73.1291,73.6031,7810805
2025-08-19,TLT,196.7257,198.9773,4191039
2025-08-19,VNQ,59.1491,59.6875,2328371
2025-08-20,GLD,178.5778,177.1893,8406149
2025-08-20,IWM,270.0838,273.714,4029613
2025-08-20,QQQ,87.9959,89.1444,8301948
2025-08-20,SPY,73.4816,73.7235,3352029
2025-08-20,TLT,199.2133,197.4174,1244364
2025-08-20,VNQ,59.4736,59.3601,7140538
2025-08-21,GLD,176.7326,177.4338,7645604
2025-08-21,IWM,273.5446,270.7226,2334670
2025-08-21,QQQ,89.552,92.0554,5179917
2025-08-21,SPY,73.6803,75.8904,6300501
2025-08-21,TLT,197.9362,197.3593,2639342
2025-08-21,VNQ,59.3128,58.6937,8153586
2025-08-22,GLD,177.0175,177.0656,2941806
2025-08-22,IWM,271.3375,263.2713,7028778
2025-08-22,QQQ,91.755,92.1112,7426076
2025-08-22,SPY,76.1007,75.971,6986082
2025-08-22,TLT,197.2109,197.4035,6359508
2025-08-22,VNQ,58.8215,58.3167,4666673
2025-08-25,GLD,176.9332,176.067,2693399
2025-08-25,IWM,264.8101,263.1494,6512475
2025-08-25,QQQ,92.3405,91.4789,4602291
2025-08-25,SPY,75.6622,74.2883,5450363
2025-08-25,TLT,197.6979,194.9034,5140811
2025-08-25,VNQ,58.3571,58.4924,7549371
2025-08-26,GLD,175.328,177.1423,4612538
2025-08-26,IWM,264.3089,259.5365,2119964
2025-08-26,QQQ,91.5196,92.4377,2716512
2025-08-26,SPY,74.4976,73.7569,3068011
2025-08-26,TLT,195.007,196.9034,2799518
2025-08-26,VNQ,58.7742,59.0026,3329496
2025-08-27,GLD,177.7148,179.0272,5189847
2025-08-27,IWM,259.6176,264.2064,8437751
2025-08-27,QQQ,92.1351,93.729,8128813
2025-08-27,SPY,74.1565,73.8471,1273290
2025-08-27,TLT,197.9692,199.8439,7877382
2025-08-27,VNQ,59.2035,58.451,3615162
2025-08-28,GLD,179.4291,181.6936,7143378
2025-08-28,IWM,265.074,269.1522,4243782
2025-08-28,QQQ,93.1318,95.1563,5896801
2025-08-28,SPY,73.9653,72.8619,4661481
2025-08-28,TLT,200.3461,199.757,1032722
2025-08-28,VNQ,58.1966,58.4644,2288925
2025-08-29,GLD,181.2342,182.883,2028111
2025-08-29,IWM,268.6758,270.7763,1244598
2025-08-29,QQQ,95.4176,94.7746,4368124
2025-08-29,SPY,72.9685,72.1899,7953255
2025-08-29,TLT,199.1905,196.5279,2055765
2025-08-29,VNQ,58.6134,59.5539,4799907
2025-09-01,GLD,182.8354,182.2964,5698978
2025-09-01,IWM,270.4009,270.042,6731981
2025-09-01,QQQ,94.6515,94.8087,4015696
2025-09-01,SPY,72.1873,71.9094,3333594
2025-09-01,TLT,196.4744,194.9998,6210724
2025-09-01,VNQ,59.6364,60.6306,6571069
2025-09-02,GLD,183.0144,183.976,1251114
2025-09-02,IWM,270.449,270.5898,5163942
2025-09-02,QQQ,94.776,95.5348,4567841
2025-09-02,SPY,71.6835,72.1747,5915376
2025-09-02,TLT,194.4661,196.5743,3371400
2025-09-02,VNQ,60.7315,60.1581,7156997
2025-09-03,GLD,184.1483,181.6665,1514413
2025-09-03,IWM,269.305,268.6008,3259183
2025-09-03,QQQ,96.095,98.5458,5093511
2025-09-03,SPY,72.2781,72.0487,6151241
2025-09-03,TLT,196.4803,192.8963,1468125
2025-09-03,VNQ,60.3895,61.43,5331696
2025-09-04,GLD,181.2398,181.9347,1395971
2025-09-04,IWM,268.0154,268.8717,3003177
2025-09-04,QQQ,98.695,100.5649,1945876
2025-09-04,SPY,72.1228,71.3676,5580807
2025-09-04,TLT,192.5593,189.3426,2744573
2025-09-04,VNQ,61.663,62.3343,1429603
2025-09-05,GLD,181.0272,183.0191,7934928
2025-09-05,IWM,269.3427,269.7381,4340656
2025-09-05,QQQ,100.4226,99.7609,4047884
2025-09-05,SPY,71.5075,71.9739,3828753
2025-09-05,TLT,188.9501,188.3673,5149789
2025-09-05,VNQ,62.4032,62.6423,8181485
2025-09-08,GLD,182.3244,184.1812,8221235
2025-09-08,IWM,270.7155,267.7893,6766605
2025-09-08,QQQ,100.2284,100.5084,1212664
2025-09-08,SPY,72.4706,71.561,7299366
2025-09-08,TLT,188.9998,189.0607,5473325
2025-09-08,VNQ,62.6131,63.3555,1482873
2025-09-09,GLD,184.6916,182.3672,6486111
2025-09-09,IWM,270.0712,266.3102,6725773
2025-09-09,QQQ,100.2016,101.8998,2896441
2025-09-09,SPY,71.7006,71.1814,3761231
2025-09-09,TLT,189.2542,190.3767,5787974
2025-09-09,VNQ,63.3019,62.7236,2606266
2025-09-10,GLD,182.5015,179.9793,4228691
2025-09-10,IWM,264.5166,264.7857,6404382
2025-09-10,QQQ,102.5822,101.0614,1915795
2025-09-10,SPY,71.2625,70.1394,2696762
2025-09-10,TLT,190.6098,192.0212,995703
2025-09-10,VNQ,62.8236,62.9204,7261087
2025-09-11,GLD,179.4329,183.0026,6626941
2025-09-11,IWM,265.0903,271.3334,5466925
2025-09-11,QQQ,101.1169,96.7428,5749438
2025-09-11,SPY,70.4333,69.5535,7711088
2025-09-11,TLT,192.5287,187.8355,4219416
2025-09-11,VNQ,62.9152,63.2945,7239427
2025-09-12,GLD,183.3039,182.2921,5424048
2025-09-12,IWM,270.7424,271.4751,5621089
2025-09-12,QQQ,96.1411,96.9932,5178878
2025-09-12,SPY,69.3035,70.0428,5611443
2025-09-12,TLT,188.4193,186.7246,7188526
2025-09-12,VNQ,63.5619,63.8416,2522339
2025-09-15,GLD,182.1384,179.6436,4785987
2025-09-15,IWM,270.0191,267.6296,1946155
2025-09-15,QQQ,97.1206,96.2822,6401040
2025-09-15,SPY,69.8289,68.8421,1633064
2025-09-15,TLT,186.8843,184.9712,4951740
2025-09-15,VNQ,63.887,63.2061,1991990
2025-09-16,GLD,179.3649,177.7144,3226166
2025-09-16,IWM,268.8143,272.2777,4429557
2025-09-16,QQQ,96.5905,96.7285,5782328
2025-09-16,SPY,68.7729,68.7919,6089926
2025-09-16,TLT,184.2258,183.2152,4418612
2025-09-16,VNQ,63.1085,64.1748,4124335
2025-09-17,GLD,177.4989,177.897,2149456
2025-09-17,IWM,271.8022,271.5101,2762768
2025-09-17,QQQ,96.8691,97.3725,4560716
2025-09-17,SPY,68.6714,69.325,3005894
2025-09-17,TLT,183.6786,184.3862,8331916
2025-09-17,VNQ,64.0967,64.2637,4982447
2025-09-18,GLD,177.7048,180.0509,1154452
2025-09-18,IWM,272.6593,269.498,7521589
2025-09-18,QQQ,97.2216,97.6819,5441114
2025-09-18,SPY,69.4539,69.0481,6647057
2025-09-18,TLT,184.5859,184.9701,3032205
2025-09-18,VNQ,64.5041,63.5063,4332968
2025-09-19,GLD,180.7528,180.2029,5880253
2025-09-19,IWM,268.8048,259.0366,5376209
2025-09-19,QQQ,97.8224,97.8157,2370623
2025-09-19,SPY,68.9894,69.2281,7879826
2025-09-19,TLT,184.1884,183.622,4700426
2025-09-19,VNQ,63.7642,64.8777,6860480
2025-09-22,GLD,179.8065,182.4145,7834997
2025-09-22,IWM,258.5291,255.635,4951817
2025-09-22,QQQ,98.1948,99.5577,1571017
2025-09-22,SPY,69.5514,68.4077,1620066
2025-09-22,TLT,183.4608,183.8832,5026648
2025-09-22,VNQ,64.6157,66.0697,4855876
2025-09-23,GLD,182.2436,182.9587,3262673
2025-09-23,IWM,254.9383,250.4265,4030159
2025-09-23,QQQ,99.8317,98.994,1010891
2025-09-23,SPY,68.6867,69.3771,1130539
2025-09-23,TLT,183.4389,184.1208,2903129
2025-09-23,VNQ,65.6208,66.1754,5201602
2025-09-24,GLD,183.5282,183.928,1347457
2025-09-24,IWM,251.2309,249.841,8466050
2025-09-24,QQQ,99.0228,96.8642,4362988
2025-09-24,SPY,69.5203,70.2028,6435119
2025-09-24,TLT,183.6257,186.1366,6285747
2025-09-24,VNQ,66.296,65.7456,3296868
2025-09-25,GLD,184.5744,185.7977,7232339
2025-09-25,IWM,250.078,248.3078,1320003
2025-09-25,QQQ,97.2319,93.6596,5607398
2025-09-25,SPY,70.1303,70.3831,3854604
2025-09-25,TLT,186.4975,185.1101,7306906
2025-09-25,VNQ,65.6772,66.0843,978104
2025-09-26,GLD,185.3734,185.2867,2468656
2025-09-26,IWM,247.6051,248.7435,3569786
2025-09-26,QQQ,93.3489,94.5446,7673085
2025-09-26,SPY,70.4994,69.0756,7760846
2025-09-26,TLT,184.804,186.0584,3344840
2025-09-26,VNQ,65.9116,65.1862,6582545
2025-09-29,GLD,186.182,185.9522,3395418
2025-09-29,IWM,248.6371,249.4685,5860247
2025-09-29,QQQ,94.7783,92.7171,1338647
2025-09-29,SPY,69.2258,68.3093,6193018
2025-09-29,TLT,185.9582,184.7621,4881668
2025-09-29,VNQ,64.8615,63.6201,5789744
2025-09-30,GLD,186.4313,185.4155,4637920
2025-09-30,IWM,248.1186,245.7063,1803576
2025-09-30,QQQ,92.6042,92.5999,5120794
2025-09-30,SPY,68.1145,69.0307,5675682
2025-09-30,TLT,184.4376,185.4033,1345313
2025-09-30,VNQ,63.7048,65.1176,4197582
2025-10-01,GLD,184.7744,184.4434,5994797
2025-10-01,IWM,245.688,237.7024,8291246
2025-10-01,QQQ,93.0448,92.8027,8044426
2025-10-01,SPY,69.0952,70.3123,7250840
2025-10-01,TLT,185.846,185.2537,4295631
2025-10-01,VNQ,65.1552,67.4074,5215372
2025-10-02,GLD,185.2232,185.7304,5692642
2025-10-02,IWM,237.2508,239.083,3767300
2025-10-02,QQQ,93.0409,94.0757,1295292
2025-10-02,SPY,70.4453,70.5395,2191208
2025-10-02,TLT,184.6224,185.6073,5087699
2025-10-02,VNQ,67.4971,68.0014,1456793
2025-10-03,GLD,185.0907,184.4313,5015035
2025-10-03,IWM,240.2301,237.5121,6979907
2025-10-03,QQQ,94.4744,95.4713,4217596
2025-10-03,SPY,70.5804,71.4917,3797189
2025-10-03,TLT,185.5099,185.5263,1919159
2025-10-03,VNQ,67.607,68.3301,2290385
2025-10-06,GLD,184.7253,184.7056,4079978
2025-10-06,IWM,237.1514,234.4672,2755632
2025-10-06,QQQ,95.3447,95.6902,7533685
2025-10-06,SPY,71.7931,71.0317,7882123
2025-10-06,TLT,185.8519,187.9858,1912660
2025-10-06,VNQ,68.4013,67.7736,3727214
2025-10-07,GLD,184.2098,183.4616,2068579
2025-10-07,IWM,235.5646,230.2581,2197319
2025-10-07,QQQ,95.3284,95.9134,7459818
2025-10-07,SPY,71.263,70.8917,5395327
2025-10-07,TLT,187.9197,186.7671,6555070
2025-10-07,VNQ,67.6921,66.8241,2639629
2025-10-08,GLD,182.7004,183.4364,8352264
2025-10-08,IWM,229.2228,226.6883,8392160
2025-10-08,QQQ,96.098,98.5302,6637986
2025-10-08,SPY,70.7352,70.8966,1676057
2025-10-08,TLT,186.3749,185.1884,1295883
2025-10-08,VNQ,66.7913,66.0222,8425047
2025-10-09,GLD,183.8023,182.6509,6087053
2025-10-09,IWM,225.9854,235.4162,2567321
2025-10-09,QQQ,98.2976,95.5165,5017380
2025-10-09,SPY,70.9203,71.2228,1474794
2025-10-09,TLT,184.4934,184.2493,7188326
2025-10-09,VNQ,65.85,66.6316,7781775
2025-10-10,GLD,182.8318,184.6744,1813242
2025-10-10,IWM,235.3059,233.7319,5858097
2025-10-10,QQQ,95.1399,95.3375,2473543
2025-10-10,SPY,71.0636,70.0704,2650824
2025-10-10,TLT,184.6877,184.9982,6913644
2025-10-10,VNQ,66.1674,66.6008,7684090
2025-10-13,GLD,184.6393,184.9354,8268159
2025-10-13,IWM,234.3183,235.3888,7619106
2025-10-13,QQQ,95.1794,94.3034,3303168
2025-10-13,SPY,70.1792,70.7843,3203385
2025-10-13,TLT,185.2069,186.1735,3857663
2025-10-13,VNQ,66.6325,66.5471,6739462
2025-10-14,GLD,185.0188,185.1897,7820062
2025-10-14,IWM,236.2644,232.867,1936073
2025-10-14,QQQ,94.18,94.2258,7842642
2025-10-14,SPY,70.6201,71.7985,7397069
2025-10-14,TLT,186.2814,186.0995,2647169
2025-10-14,VNQ,66.512,67.2019,4587717
2025-10-15,GLD,185.1459,188.2143,1354422
2025-10-15,IWM,232.2806,227.7131,1184113
2025-10-15,QQQ,94.4045,96.9725,4269327
2025-10-15,SPY,71.9762,70.9254,3198166
2025-10-15,TLT,186.049,185.0331,4013555
2025-10-15,VNQ,67.208,66.9616,1062955
2025-10-16,GLD,188.1009,183.245,4718211
2025-10-16,IWM,228.5841,230.9421,7315350
2025-10-16,QQQ,97.4654,96.384,7351346
2025-10-16,SPY,70.9991,69.9081,5374639
2025-10-16,TLT,185.3225,184.3987,4893127
2025-10-16,VNQ,67.1713,67.794,6725984
2025-10-17,GLD,182.7878,181.4241,5366582
2025-10-17,IWM,231.0229,235.3415,6587761
2025-10-17,QQQ,96.6231,94.711,3307460
2025-10-17,SPY,70.0901,70.176,7537138
2025-10-17,TLT,184.5957,183.3203,1964022
2025-10-17,VNQ,67.7444,65.6847,8398469
2025-10-20,GLD,181.6726,176.8794,3947404
2025-10-20,IWM,236.9283,240.9666,6629957
2025-10-20,QQQ,95.0903,92.7731,7027829
2025-10-20,SPY,70.1487,69.691,3450878
2025-10-20,TLT,182.6738,184.1724,3523812
2025-10-20,VNQ,65.4666,65.6268,2252061
2025-10-21,GLD,176.8891,176.9552,5823029
2025-10-21,IWM,242.3412,241.4165,3194441
2025-10-21,QQQ,92.812,92.873,4972288
2025-10-21,SPY,69.4198,67.9489,3367201
2025-10-21,TLT,184.1099,184.1997,8175916
2025-10-21,VNQ,65.6212,66.4648,8080713
2025-10-22,GLD,176.8548,177.7737,3381808
2025-10-22,IWM,241.9275,240.4835,1368131
2025-10-22,QQQ,92.9346,92.01,1049648
2025-10-22,SPY,68.2709,68.545,7006386
2025-10-22,TLT,184.5674,184.6276,5611378
2025-10-22,VNQ,66.519,67.9664,6840157
2025-10-23,GLD,177.5379,178.9392,7274379
2025-10-23,IWM,241.3789,244.5007,1926244
2025-10-23,QQQ,92.0781,90.691,7460784
2025-10-23,SPY,68.5134,68.6647,3804552
2025-10-23,TLT,185.1663,184.789,8222689
2025-10-23,VNQ,67.9516,68.5319,4996183
2025-10-24,GLD,178.8222,179.4713,2355159
2025-10-24,IWM,244.4092,246.1172,8246963
2025-10-24,QQQ,90.6398,92.4637,6312814
2025-10-24,SPY,68.9183,68.3206,5819956
2025-10-24,TLT,183.7791,184.971,4139672
2025-10-24,VNQ,68.5652,69.3648,4687085
2025-10-27,GLD,178.8354,178.0725,3317841
2025-10-27,IWM,244.8267,250.7902,2822927
2025-10-27,QQQ,92.2134,95.628,3577673
2025-10-27,SPY,68.3993,69.8903,5967447
2025-10-27,TLT,185.213,186.9007,5258696
2025-10-27,VNQ,69.3583,67.3006,5056231
2025-10-28,GLD,177.9441,181.1188,5236132
2025-10-28,IWM,251.0755,254.2077,2191023
2025-10-28,QQQ,95.6567,95.0408,7873267
2025-10-28,SPY,70.0165,70.0002,1797830
2025-10-28,TLT,187.5284,186.1771,7195207
2025-10-28,VNQ,67.3215,67.7225,6701645
2025-10-29,GLD,180.7022,181.711,7206844
2025-10-29,IWM,253.0873,262.7602,2351060
2025-10-29,QQQ,95.1974,93.9122,7913714
2025-10-29,SPY,70.344,69.4437,3316770
2025-10-29,TLT,186.3369,186.9236,955870
2025-10-29,VNQ,67.4644,67.781,7498288
2025-10-30,GLD,182.259,181.3301,2927113
2025-10-30,IWM,262.4988,263.173,5713891
2025-10-30,QQQ,93.1316,94.9498,7584415
2025-10-30,SPY,69.507,69.5252,2663950
2025-10-30,TLT,187.5164,187.7295,2004984
2025-10-30,VNQ,67.6871,66.897,4946841
2025-10-31,GLD,180.9267,179.4822,6529980
2025-10-31,IWM,261.97,264.991,7329151
2025-10-31,QQQ,94.7515,94.5658,5696110
2025-10-31,SPY,69.7863,68.7614,4015228
2025-10-31,TLT,187.5925,186.602,964117
2025-10-31,VNQ,66.8893,66.9248,3678920
2025-11-03,GLD,179.2935,180.2573,1271096
2025-11-03,IWM,265.7465,259.854,6035639
2025-11-03,QQQ,94.9268,95.9415,5040219
2025-11-03,SPY,68.4887,68.2091,7060330
2025-11-03,TLT,186.658,189.3266,4012020
2025-11-03,VNQ,66.8647,66.9645,6953875
2025-11-04,GLD,180.2645,179.4803,2349923
2025-11-04,IWM,259.2085,264.0427,3782983
2025-11-04,QQQ,95.6797,97.7473,4468924
2025-11-04,SPY,68.3684,68.4985,1149495
2025-11-04,TLT,189.1838,189.7481,2110002
2025-11-04,VNQ,66.8562,66.677,8336492
2025-11-05,GLD,179.8155,178.7741,7723499
2025-11-05,IWM,263.3683,262.4515,7994844
2025-11-05,QQQ,98.2833,98.6368,2126089
2025-11-05,SPY,68.4541,68.0998,7064481
2025-11-05,TLT,189.5337,187.9231,6062235
2025-11-05,VNQ,66.7307,67.1603,6676653
2025-11-06,GLD,178.9677,179.177,6571813
2025-11-06,IWM,260.7592,267.1725,3044323
2025-11-06,QQQ,98.3982,99.0412,2744197
2025-11-06,SPY,68.0754,67.7786,6472710
2025-11-06,TLT,188.1935,189.5288,1110012
2025-11-06,VNQ,66.7477,68.331,3039359
2025-11-07,GLD,179.1841,179.5972,1559179
2025-11-07,IWM,265.8945,263.1348,2158898
2025-11-07,QQQ,98.9285,97.8746,7635465
2025-11-07,SPY,67.7801,69.0079,1464673
2025-11-07,TLT,189.442,190.4886,5429085
2025-11-07,VNQ,68.1185,68.931,7084046
2025-11-10,GLD,180.5088,178.2581,4307995
2025-11-10,IWM,263.408,264.987,6351050
2025-11-10,QQQ,97.7271,99.5402,7493198
2025-11-10,SPY,69.072,69.6535,2220710
2025-11-10,TLT,190.8716,191.686,8343741
2025-11-10,VNQ,69.1901,69.4957,2150671
2025-11-11,GLD,178.2517,180.4293,1157777
2025-11-11,IWM,265.301,261.7651,1288226
2025-11-11,QQQ,99.8729,101.5853,4393384
2025-11-11,SPY,69.9632,70.2625,4863685
2025-11-11,TLT,191.8972,191.3681,2651919
2025-11-11,VNQ,69.316,68.735,3045350
2025-11-12,GLD,180.5664,178.7741,2451748
2025-11-12,IWM,261.922,258.3126,5930250
2025-11-12,QQQ,101.5721,99.6469,2925751
2025-11-12,SPY,69.9146,70.6693,7570454
2025-11-12,TLT,190.8819,190.8003,7477760
2025-11-12,VNQ,68.7983,69.1135,2925040
2025-11-13,GLD,179.9229,176.9406,913078
2025-11-13,IWM,258.5305,256.5254,4113844
2025-11-13,QQQ,99.8297,98.9613,3057554
2025-11-13,SPY,70.6776,71.0446,6319102
2025-11-13,TLT,191.1653,191.0739,3155039
2025-11-13,VNQ,69.1361,69.2663,2681848
2025-11-14,GLD,176.5726,177.498,2746498
2025-11-14,IWM,257.3622,268.8643,6948540
2025-11-14,QQQ,98.4381,99.958,4893298
2025-11-14,SPY,70.9085,72.1698,2301626
2025-11-14,TLT,190.0433,188.855,5261561
2025-11-14,VNQ,69.0971,69.6004,1953351
2025-11-17,GLD,177.8997,177.7522,1555626
2025-11-17,IWM,268.9407,268.9911,6965210
2025-11-17,QQQ,100.4046,100.5745,3664203
2025-11-17,SPY,72.3954,72.1632,3373333
2025-11-17,TLT,188.6559,189.1405,3660307
2025-11-17,VNQ,69.7559,70.5764,8063612
2025-11-18,GLD,177.9377,177.9087,3443124
2025-11-18,IWM,267.9805,263.761,8144212
2025-11-18,QQQ,100.7048,102.6368,4165952
2025-11-18,SPY,72.0815,73.6203,5105519
2025-11-18,TLT,188.8234,189.2692,8419962
2025-11-18,VNQ,70.6138,70.7445,4842517
2025-11-19,GLD,177.3613,177.2556,8120987
2025-11-19,IWM,264.094,267.7439,5692877
2025-11-19,QQQ,102.569,101.3031,2089061
2025-11-19,SPY,73.7104,72.883,1377197
2025-11-19,TLT,188.7697,190.7494,1750214
2025-11-19,VNQ,70.6823,69.9647,3397916
2025-11-20,GLD,176.9976,177.3629,6516281
2025-11-20,IWM,267.5102,268.5112,6757712
2025-11-20,QQQ,101.0298,101.1421,7185649
2025-11-20,SPY,72.8054,72.6933,5326176
2025-11-20,TLT,190.799,190.4088,3188687
2025-11-20,VNQ,70.166,70.5683,4107782
2025-11-21,GLD,177.7103,176.4568,6101436
2025-11-21,IWM,270.047,265.1517,4433213
2025-11-21,QQQ,100.611,101.3157,1925293
2025-11-21,SPY,72.8234,71.6371,4070268
2025-11-21,TLT,190.9362,191.4129,4807190
2025-11-21,VNQ,70.6161,70.0291,8275012
2025-11-24,GLD,175.8586,173.7629,2062391
2025-11-24,IWM,263.3338,270.081,2238249
2025-11-24,QQQ,101.576,101.5364,3264374
2025-11-24,SPY,71.832,71.3832,4061178
2025-11-24,TLT,191.7076,189.0831,2467674
2025-11-24,VNQ,69.9164,69.8318,8354377
2025-11-25,GLD,173.6879,175.0078,5509351
2025-11-25,IWM,269.874,265.9618,5276822
2025-11-25,QQQ,102.149,103.4767,6588836
2025-11-25,SPY,71.3073,71.7901,8004766
2025-11-25,TLT,189.1764,187.8435,2762910
2025-11-25,VNQ,69.7058,69.5702,2340517
2025-11-26,GLD,175.3913,173.3726,5785649
2025-11-26,IWM,265.7417,262.1816,5685350
2025-11-26,QQQ,103.4994,104.9997,1415634
2025-11-26,SPY,71.7996,72.9245,2973761
2025-11-26,TLT,187.2885,189.1138,7864764
2025-11-26,VNQ,70.1228,69.5643,6536087
2025-11-27,GLD,173.2766,173.0299,2956219
2025-11-27,IWM,264.254,256.0656,8176866
2025-11-27,QQQ,104.7342,107.6265,3583829
2025-11-27,SPY,72.6477,72.4183,6450067
2025-11-27,TLT,189.301,191.5111,1918803
2025-11-27,VNQ,69.9269,67.4686,5546862
2025-11-28,GLD,173.1387,174.2611,7103516
2025-11-28,IWM,255.6884,256.0789,3650789
2025-11-28,QQQ,107.5311,107.7802,5696689
2025-11-28,SPY,72.4775,72.4326,2065397
2025-11-28,TLT,191.2448,192.9907,4217742
2025-11-28,VNQ,67.5378,66.728,2229137
2025-12-01,GLD,173.9887,174.3321,6258688
2025-12-01,IWM,254.3704,254.0122,4124111
2025-12-01,QQQ,107.5706,107.1632,1240979
2025-12-01,SPY,72.5989,72.1649,2521665
2025-12-01,TLT,192.724,190.5112,7627055
2025-12-01,VNQ,66.3212,66.6638,8263760
2025-12-02,GLD,174.0776,178.9403,4837321
2025-12-02,IWM,254.0917,255.5943,6917787
2025-12-02,QQQ,107.2849,108.7835,6864772
2025-12-02,SPY,72.0577,71.6068,6259885
2025-12-02,TLT,190.6137,188.8132,3104029
2025-12-02,VNQ,66.6691,66.6129,6553465
2025-12-03,GLD,178.683,176.6208,7671955
2025-12-03,IWM,254.2105,262.7035,3116987
2025-12-03,QQQ,109.0037,109.7281,3717207
2025-12-03,SPY,71.8219,70.7111,7319965
2025-12-03,TLT,188.4666,187.8067,5947154
2025-12-03,VNQ,66.3692,66.4102,8248110
2025-12-04,GLD,176.4757,175.4068,7801723
2025-12-04,IWM,263.7823,257.676,1994783
2025-12-04,QQQ,109.4944,108.0926,2426899
2025-12-04,SPY,70.3197,70.7678,6795048
2025-12-04,TLT,187.4685,189.8175,8247372
2025-12-04,VNQ,66.5914,66.4757,4099596
2025-12-05,GLD,175.667,175.5832,1566836
2025-12-05,IWM,258.1076,256.7858,2816734
2025-12-05,QQQ,108.2866,106.4057,7373488
2025-12-05,SPY,70.4179,69.478,5973647
2025-12-05,TLT,189.9322,188.8168,3159942
2025-12-05,VNQ,66.5592,66.7104,2331236
2025-12-08,GLD,175.6148,177.8782,6367095
2025-12-08,IWM,256.7575,256.6959,2125092
2025-12-08,QQQ,106.6641,106.9703,4469888
2025-12-08,SPY,69.2203,69.5713,7480789
2025-12-08,TLT,188.5372,189.1912,7920463
2025-12-08,VNQ,66.7467,65.8724,6654407
2025-12-09,GLD,178.7022,177.4901,7344511
2025-12-09,IWM,256.7169,260.2513,2550572
2025-12-09,QQQ,107.3294,108.8068,1631130
2025-12-09,SPY,69.481,69.598,3105228
2025-12-09,TLT,189.5169,189.9414,6748525
2025-12-09,VNQ,66.1201,67.0536,6142690
2025-12-10,GLD,177.7197,175.1337,4818637
2025-12-10,IWM,260.1076,259.5349,6406140
2025-12-10,QQQ,108.6578,107.3861,4784827
2025-12-10,SPY,69.6015,69.1208,1067419
2025-12-10,TLT,189.3586,190.6889,4586416
2025-12-10,VNQ,66.6968,66.8681,4644755
2025-12-11,GLD,175.2479,177.0642,3876260
2025-12-11,IWM,259.6259,256.9531,1571434
2025-12-11,QQQ,107.4562,110.5677,2014528
2025-12-11,SPY,69.1062,68.3879,2941391
2025-12-11,TLT,190.9885,190.4439,1902916
2025-12-11,VNQ,67.1091,66.9405,6198512
2025-12-12,GLD,177.9997,175.5563,8245911
2025-12-12,IWM,255.743,259.7838,3318753
2025-12-12,QQQ,110.7797,111.7921,5126008
2025-12-12,SPY,68.3756,67.393,4681791
2025-12-12,TLT,190.6981,190.9795,7385617
2025-12-12,VNQ,67.0007,66.7527,5018987
2025-12-15,GLD,175.5114,175.2546,1146335
2025-12-15,IWM,258.3413,257.7839,6847252
2025-12-15,QQQ,111.3201,112.0539,8048350
2025-12-15,SPY,67.5236,68.7689,2245481
2025-12-15,TLT,191.0275,192.3775,1953182
2025-12-15,VNQ,66.534,65.6472,8153368
2025-12-16,GLD,174.9235,176.7471,5084916
2025-12-16,IWM,257.806,257.519,6481266
2025-12-16,QQQ,111.8863,114.3385,2738874
2025-12-16,SPY,68.6821,67.7996,4299397
2025-12-16,TLT,191.9351,192.6504,4690501
2025-12-16,VNQ,65.8163,64.5749,2412364
2025-12-17,GLD,176.8107,175.6585,3380478
2025-12-17,IWM,258.1417,260.3286,5507469
2025-12-17,QQQ,114.5838,114.6989,7315395
2025-12-17,SPY,67.5706,68.9523,3975812
2025-12-17,TLT,192.9935,192.5718,1537248
2025-12-17,VNQ,64.6866,64.3988,6708126
2025-12-18,GLD,175.2103,174.9354,2028367
2025-12-18,IWM,262.3856,260.883,4500915
2025-12-18,QQQ,114.4879,112.4128,1645266
2025-12-18,SPY,68.7231,69.4094,2100410
2025-12-18,TLT,192.2565,193.8876,5903370
2025-12-18,VNQ,64.5817,65.6093,6760692
2025-12-19,GLD,175.1474,175.7684,6301368
2025-12-19,IWM,261.4264,266.2495,8424490
2025-12-19,QQQ,112.1209,111.8027,4296423
2025-12-19,SPY,69.8031,69.152,3636630
2025-12-19,TLT,194.3525,196.444,2406231
2025-12-19,VNQ,65.6157,64.7586,3044653
2025-12-22,GLD,176.3317,175.4546,2529750
2025-12-22,IWM,266.1129,270.393,7752014
2025-12-22,QQQ,111.331,113.4719,4122101
2025-12-22,SPY,68.7179,68.3132,1374161
2025-12-22,TLT,196.6607,200.6822,3381522
2025-12-22,VNQ,64.6775,64.9427,2032974
2025-12-23,GLD,175.7173,175.9543,5419302
2025-12-23,IWM,270.2783,267.294,7634288
2025-12-23,QQQ,113.6121,115.2108,5874597
2025-12-23,SPY,68.2809,69.0932,3068586
2025-12-23,TLT,200.2245,198.7402,2470504
2025-12-23,VNQ,64.8304,64.0448,5868625
2025-12-24,GLD,175.7858,174.4109,7159744
2025-12-24,IWM,267.9767,268.8543,7039490
2025-12-24,QQQ,115.1265,114.5931,3575432
2025-12-24,SPY,69.3634,70.3984,3233751
2025-12-24,TLT,198.9121,199.2312,5214641
2025-12-24,VNQ,64.3956,64.0734,3345577
2025-12-25,GLD,174.3519,174.2375,5187858
2025-12-25,IWM,269.5306,269.6213,6464935
2025-12-25,QQQ,114.7352,114.4989,7863410
2025-12-25,SPY,70.4896,69.7114,7540587
2025-12-25,TLT,199.5344,199.4331,4602494
2025-12-25,VNQ,64.1733,63.2451,4437005
2025-12-26,GLD,174.4352,172.4712,7399173
2025-12-26,IWM,269.8404,266.626,7876980
2025-12-26,QQQ,114.1154,114.564,2370809
2025-12-26,SPY,69.5567,69.5025,2325308
2025-12-26,TLT,199.7235,197.5737,3726993
2025-12-26,VNQ,63.3076,62.2574,2955000
2025-12-29,GLD,172.9491,169.9725,1126295
2025-12-29,IWM,268.1124,266.6128,7430577
2025-12-29,QQQ,114.7867,111.3872,1415167
2025-12-29,SPY,69.5029,70.3038,6682848
2025-12-29,TLT,197.6075,197.108,1348646
2025-12-29,VNQ,62.1389,61.3234,7048353
2025-12-30,GLD,169.8134,172.8368,3894492
2025-12-30,IWM,266.8809,269.4525,5664313
2025-12-30,QQQ,111.4824,110.2463,3527848
2025-12-30,SPY,70.4666,70.5714,6124708
2025-12-30,TLT,197.1694,195.9728,6809985
2025-12-30,VNQ,61.4887,60.7068,4828913
2025-12-31,GLD,172.6688,173.601,6047829
2025-12-31,IWM,268.1041,271.6379,7615712
2025-12-31,QQQ,110.3057,109.2672,1737741
2025-12-31,SPY,70.8001,72.1141,4645105
2025-12-31,TLT,196.7972,194.3365,7198411
2025-12-31,VNQ,60.8928,60.5925,951938
